state,county,year,median_household_income,annual_rent
17,097,2019,89427,1426.3584017237392
18,157,2019,53130,1004.7033624939148
18,057,2019,98173,1287.1971078487456
18,005,2019,63431,948.5722020066124
18,063,2019,81933,1203.371521402024
13,073,2019,82339,1222.508210643211
13,117,2019,107218,1585.837099071833
19,163,2019,61183,812.3431225302007
05,143,2019,50451,1044.8261522608047
05,031,2019,47286,965.5683253365478
05,085,2019,59094,954.7995134684743
05,119,2019,51749,826.7874774167791
06,047,2019,53672,1297.712496010968
06,013,2019,99716,2305.516157898744
06,099,2019,60704,1416.3178691934347
06,083,2019,74624,2134.9456117589802
13,029,2019,72624,1399.2949202973366
13,077,2019,75913,1224.166623751443
13,057,2019,82740,1449.0306302628205
13,113,2019,90145,1427.9471482407544
13,121,2019,69673,1428.9679623508819
15,003,2019,85857,2109.890263382335
16,055,2019,57242,1171.266461134461
16,001,2019,66293,1257.5238465117664
41,039,2019,52426,1248.578292078065
06,067,2019,67151,1576.3594552667937
06,017,2019,83377,1655.2994244143267
06,053,2019,71015,1983.0521557225675
06,075,2019,112449,3389.0723448274935
06,073,2019,78980,2050.3755630435594
06,107,2019,49687,1142.0794816391835
06,087,2019,82234,2530.701700508283
06,065,2019,67005,1701.3820203973435
06,071,2019,63362,1629.7411500879598
06,041,2019,115246,2973.8680889109532
06,061,2019,89691,1949.2205533384852
06,089,2019,54667,1084.916259056314
06,095,2019,81472,1899.3650150168648
28,049,2019,44625,958.8895843736644
28,033,2019,67038,1170.0877396163157
42,045,2019,74477,1168.8913243737577
51,510,2019,100939,1883.0454476147463
51,650,2019,56287,1048.1955757933395
51,013,2019,120071,2170.5469413364403
51,179,2019,111108,1574.553370635598
51,760,2019,47250,1096.644180478161
51,685,2019,88046,1575.785520383901
53,067,2019,72003,1409.7439703714508
47,165,2019,67204,1228.5550563943625
17,163,2019,55179,812.0229585608371
17,019,2019,52797,979.2634625244364
17,089,2019,79394,1368.9969384376552
17,093,2019,96563,1561.709040963143
17,201,2019,54489,748.3937086518567
41,067,2019,82215,1465.4952214733642
42,017,2019,89139,1559.8638119824718
42,077,2019,63897,1193.6434978743525
42,079,2019,53473,826.9331904561801
44,003,2019,73521,1325.412837121825
44,009,2019,85531,1562.0898433976479
45,085,2019,45661,888.4716253900401
45,091,2019,65361,1126.020117649111
06,007,2019,52537,1249.7876140858668
06,079,2019,73518,1948.0535691129764
06,019,2019,53969,1334.0596638297595
06,029,2019,53350,1137.935307395039
06,059,2019,90234,2230.028330571901
06,111,2019,88131,2129.3564683857157
06,081,2019,122641,3061.4571375631117
06,077,2019,64432,1657.3649360825646
08,031,2019,68592,1596.0994051041605
08,123,2019,74150,1324.1358223244806
08,035,2019,119730,1728.8227211960982
08,069,2019,71881,1430.6348206809164
08,014,2019,96416,1681.7753333689998
11,001,2019,86420,2126.9219872139897
09,009,2019,69905,1238.1327039344862
09,003,2019,75148,1212.9792162007434
47,157,2019,51657,940.1579445594548
47,037,2019,60388,1397.4182751561175
47,125,2019,57541,969.1536586405767
47,065,2019,55070,1047.695792433977
36,083,2019,68991,1014.3920826150048
36,081,2019,68666,2310.060159536213
36,061,2019,86553,3332.0840858359948
36,087,2019,93024,1995.9877008506173
36,063,2019,55522,637.2174629412136
36,059,2019,116100,2573.2880873788404
36,045,2019,52685,937.2097609409567
36,103,2019,101031,2803.969139374434
36,007,2019,52226,796.1864687767489
36,029,2019,58121,957.914009688429
36,071,2019,79944,1483.9133929407146
37,067,2019,51569,996.117775874357
18,089,2019,56128,928.1934622764552
18,059,2019,74072,1167.643116627557
18,067,2019,52373,602.558737367906
18,095,2019,49522,652.791010068035
56,021,2019,66910,985.2315263804388
48,329,2019,79421,1532.363040196152
48,041,2019,49181,1378.5305021321199
48,029,2019,57157,1147.938398350189
48,121,2019,86913,1323.869476439291
48,167,2019,73330,1192.4598011936112
48,453,2019,75887,1381.2971410380144
48,221,2019,64041,1286.560611706341
09,011,2019,73490,1115.7293670129002
09,007,2019,85898,1216.9164246101352
09,013,2019,87069,1339.7585357974751
09,001,2019,95645,1901.1916670562923
12,031,2019,55807,1137.5550401135622
12,009,2019,56775,1298.2052223227697
12,019,2019,65740,1267.9103674059531
12,069,2019,54513,1367.5262300560298
12,089,2019,69943,1352.989759298887
12,103,2019,54090,1296.1249392917573
12,105,2019,50584,1272.0692005244084
12,111,2019,52322,1425.4989169348835
12,061,2019,54740,1373.9698005794737
12,109,2019,82252,1513.5707012450328
12,117,2019,66768,1324.7818297631331
12,005,2019,54316,1388.4153935310003
12,035,2019,54514,1311.847838920603
12,097,2019,52279,1475.5294289043034
12,131,2019,58093,1504.984660186894
12,083,2019,45371,1039.4919494860594
12,095,2019,58254,1412.1691489756183
12,001,2019,49689,1158.3628990493246
12,015,2019,51499,1273.0128929815164
12,085,2019,61133,1440.0951601225454
12,115,2019,62236,1455.9170131134208
12,081,2019,59009,1395.5096621791517
12,017,2019,44237,1075.427359442675
12,113,2019,67949,1294.5965825366106
12,073,2019,53106,983.8508696877884
12,011,2019,59547,1610.4400290079557
12,087,2019,70033,2247.4239662298637
12,053,2019,48812,1103.8805374119538
12,057,2019,58884,1346.6617087803618
13,095,2019,39584,573.8118181006645
13,153,2019,61723,970.799538649102
18,003,2019,54857,769.743363073335
18,035,2019,43512,695.0731984061536
18,081,2019,72440,1142.4999597071271
18,141,2019,52769,806.9026757773969
18,163,2019,49708,668.2176176269745
18,105,2019,49839,1309.0040866629327
18,097,2019,48316,902.5769043161332
19,103,2019,62542,1363.2336604845152
37,071,2019,52835,1104.3953484073406
37,125,2019,59963,1259.3420573175024
37,101,2019,59865,1270.5065297392866
37,133,2019,50278,963.0305937351582
38,017,2019,64482,895.4860173619941
39,057,2019,68720,1099.8168890644217
39,153,2019,57181,808.4430866354527
17,119,2019,60738,771.0482434883852
17,043,2019,92809,1432.80131590585
17,031,2019,64660,1585.9392656656637
17,111,2019,86799,1430.880465118572
20,091,2019,89087,1176.262944623663
20,177,2019,56762,756.991645919699
20,155,2019,49936,587.7953900899104
21,037,2019,63050,977.9464040122207
21,067,2019,57291,1043.8862016410546
46,099,2019,61772,858.4156630105604
21,117,2019,64339,959.7508409608822
23,019,2019,50808,988.5267978338688
23,005,2019,73072,1557.2894877055307
23,031,2019,67830,1273.3665280490075
25,001,2019,74336,1654.8382688340116
25,023,2019,89489,1911.7274439919754
25,021,2019,103291,2202.870904030176
26,161,2019,72586,1576.9594395729202
26,075,2019,53658,670.0601179941353
26,099,2019,62855,970.9599439139369
13,223,2019,68370,1396.9116599057586
13,245,2019,42728,900.4001839782983
17,037,2019,63317,930.1516743000907
17,197,2019,86961,1429.3303382227386
18,127,2019,71152,972.1267915044123
18,011,2019,83077,1277.6000489549401
27,019,2019,101496,1482.325626140714
27,123,2019,64660,1248.6948473953128
27,171,2019,84974,1298.1501877367646
01,115,2019,58308,1220.3969511109608
01,125,2019,53326,1132.69352726295
01,031,2019,55637,846.0136954043975
04,019,2019,53379,1034.6265781437648
05,045,2019,52827,942.4062131325553
13,135,2019,71026,1335.7369717526901
13,013,2019,62345,1287.3878158745413
13,015,2019,57423,1133.1179341586817
13,097,2019,63835,1207.6189031961374
13,051,2019,56842,1140.1702928218756
13,089,2019,62399,1263.1122971070188
39,099,2019,46042,628.1633690044491
05,007,2019,66362,1015.7641535649253
08,013,2019,83019,1898.9751650198348
08,101,2019,46783,880.3520029507787
08,077,2019,55379,1084.5122895260818
08,041,2019,68779,1282.8634052313307
08,005,2019,77469,1453.229377849035
10,003,2019,73892,1251.3583429165174
10,001,2019,60910,1177.6078907307156
09,005,2019,79906,1020.5427116748862
12,099,2019,63299,1613.3343617219307
12,086,2019,51347,1783.2981660457956
12,071,2019,57832,1262.729115626184
12,021,2019,69653,1725.7620948876474
12,101,2019,52828,1278.2548421210079
12,055,2019,40942,911.1935331762469
12,127,2019,49494,1170.9273409625991
12,033,2019,50915,1033.6267051642687
12,091,2019,63412,1298.4589817283938
13,151,2019,71288,1278.7610799015604
13,021,2019,41334,798.1623524861246
13,179,2019,48007,1012.3320993715901
39,093,2019,58427,827.9221329282327
39,113,2019,51542,827.1632103424021
39,165,2019,87125,1315.4256053986471
40,017,2019,72056,1176.0886235827504
40,031,2019,52161,701.3977265075652
41,029,2019,53412,1219.0443229122616
41,005,2019,80484,1446.2260433445936
13,247,2019,60189,1162.682414866818
13,059,2019,38623,1115.284711182982
13,215,2019,46408,836.2918427927112
13,045,2019,53737,1017.290737632974
13,067,2019,77932,1280.6820739305358
13,217,2019,56316,1168.3707333055852
13,063,2019,47864,1030.8212436787992
13,139,2019,62984,1192.9327918054298
16,019,2019,60615,897.3092777421153
16,027,2019,52134,1032.8159076127724
17,167,2019,61912,771.6327451164725
17,113,2019,67675,829.3876886793915
17,143,2019,55842,751.1218403614179
24,027,2019,121160,1770.9733498076241
24,033,2019,84920,1581.6653555870498
24,003,2019,100798,1694.250930744347
24,005,2019,76866,1317.4569869814675
24,021,2019,97730,1488.160009843421
24,031,2019,108820,1863.9620790115905
02,020,2019,84928,1219.886343996257
04,013,2019,64468,1237.6634016887772
04,015,2019,45587,1032.123932595419
04,005,2019,59460,1444.0803675732068
04,025,2019,52451,1235.352291035548
04,021,2019,58174,1219.0862093889662
05,125,2019,64412,1061.238354917188
05,131,2019,46228,701.4031585152816
19,153,2019,67637,981.5491207313952
19,169,2019,56756,927.0881896914294
19,013,2019,53539,859.4190210700223
19,113,2019,64903,788.0150244995474
19,049,2019,88479,1231.202602729651
20,061,2019,53133,792.1087731258684
24,013,2019,96769,1279.4547733737138
24,037,2019,89845,1284.9477966938887
24,017,2019,100003,1799.773726250176
24,043,2019,60860,855.171935847186
24,045,2019,56956,1085.5665157614
25,025,2019,69669,2619.155899594534
25,017,2019,102603,2293.3489905949577
25,005,2019,69095,1247.3091135127063
25,013,2019,55429,1179.4080122395324
25,009,2019,79263,1808.9394249643435
25,027,2019,74679,1343.9468000988008
26,125,2019,79698,1287.8702840101312
26,139,2019,69314,1122.900959720156
26,021,2019,50795,989.8230972362165
26,065,2019,52872,855.9211141132524
26,163,2019,47301,925.6240162127851
26,049,2019,48588,722.5823197615331
20,173,2019,56524,831.1246325956604
20,045,2019,59435,1048.1622079051042
53,025,2019,55556,1041.5104977451658
53,061,2019,86691,1597.3989981717648
54,061,2019,52455,1082.3719825676253
54,039,2019,46639,789.1458992948986
55,059,2019,63733,1110.0419105377205
26,093,2019,84221,1443.4848093060452
20,209,2019,46881,811.4715331729427
20,103,2019,73013,783.7952063808331
20,161,2019,51208,1034.089331819631
21,111,2019,56586,959.0665865651335
26,077,2019,56511,923.597089290199
26,081,2019,63053,1197.7651742776752
27,053,2019,78167,1465.0697586611689
27,109,2019,76951,1311.3715702184543
27,139,2019,102152,1343.1457766677615
48,157,2019,97743,1510.1664061656381
48,355,2019,55919,1141.2229722791847
48,091,2019,79936,1266.7551404844228
49,049,2019,74665,1297.4741528692218
49,011,2019,83310,1274.4991457286617
21,047,2019,43919,719.867813220343
21,227,2019,52270,908.5614077846609
21,015,2019,78327,1181.3943678069602
21,073,2019,56274,652.0634986812406
21,151,2019,50060,681.8917337199044
27,137,2019,55646,1142.6555468204972
27,003,2019,82175,1255.4385877909465
27,145,2019,62789,924.8191138787894
27,037,2019,86036,1309.1888399881964
27,163,2019,96671,1522.1875268712477
29,077,2019,46086,822.7573720540977
29,099,2019,65454,987.4719637783668
22,033,2019,54948,1060.242720022139
22,051,2019,54032,1153.100056054869
01,081,2019,51463,1038.454039325662
01,073,2019,53901,947.5106897444507
01,117,2019,77799,1210.6320816837842
01,003,2019,58320,1230.1672308803445
01,097,2019,47583,824.1403994956509
22,015,2019,54268,1016.068574182418
22,103,2019,68905,1175.5533525079925
22,017,2019,41797,775.5160580118203
22,005,2019,80527,1389.7894103018918
22,055,2019,56999,1056.8560211860333
22,063,2019,63389,1224.4612918008243
22,071,2019,41604,1294.7602860960262
22,019,2019,51148,929.2709758006885
23,011,2019,55365,856.0948977104421
24,510,2019,50379,1300.3420643345723
24,025,2019,89147,1294.430877974262
31,153,2019,82032,1039.0147443771637
32,031,2019,64791,1423.9496432009653
33,017,2019,72960,1254.8144701677359
34,025,2019,99733,1888.5463455321205
34,013,2019,61510,1571.1227017688989
34,015,2019,87283,1652.4296625954155
34,031,2019,69688,1580.4051729599214
34,003,2019,101144,2022.3866469210195
34,041,2019,81307,1249.5949405405852
34,005,2019,87416,1454.6201408704883
06,097,2019,81018,2102.9858339003426
06,001,2019,99406,2484.257418382679
06,055,2019,88596,2310.834840335245
06,113,2019,70228,1736.0469383394081
06,037,2019,68044,2217.192253506457
06,085,2019,124055,2950.612932144988
08,059,2019,82986,1497.261888068075
08,001,2019,71202,1504.8505616025811
01,101,2019,50124,901.587758194033
01,089,2019,65449,923.3860598669075
47,149,2019,67429,1229.8237991886958
47,189,2019,75991,1336.4849784484475
35,049,2019,61200,1379.613915981333
35,013,2019,40973,964.1358324971147
35,001,2019,53329,961.8472534119146
36,005,2019,40088,2052.93932569143
36,067,2019,61359,1057.2034929396502
36,047,2019,60231,2633.3769246993384
36,091,2019,84291,1208.3278533855798
36,119,2019,96610,2298.750109198729
36,085,2019,82783,1705.4939612717142
36,109,2019,60240,1626.5101521756335
36,027,2019,81219,1324.3657483580048
36,055,2019,60075,1012.4258131895571
36,111,2019,64304,1345.8438533883148
36,001,2019,66252,1158.471565702381
36,093,2019,65499,997.2232867634287
37,097,2019,60955,1178.120534098365
37,119,2019,66641,1288.2334480760283
37,147,2019,47437,955.1682189071367
37,179,2019,80033,1432.259900164917
37,051,2019,46875,860.7237520944933
37,081,2019,53261,928.9739994269712
37,183,2019,80591,1268.1938045308768
37,019,2019,58236,1250.7913935622732
37,135,2019,71723,1331.3960924785722
37,021,2019,52207,1241.415314620237
37,025,2019,67328,1223.5201162653036
37,063,2019,60958,1245.2785782555932
37,129,2019,54891,1152.2306224736396
37,001,2019,49688,914.7930006315006
38,035,2019,54051,862.7945125674509
39,061,2019,57212,1046.052573307447
39,049,2019,61305,1051.0694184136562
39,017,2019,66117,1023.9090503203607
39,089,2019,64589,1079.0080302235638
39,025,2019,66968,1039.3435296999587
39,045,2019,67609,976.5741625965716
39,133,2019,57618,931.4315713611926
39,103,2019,76600,1200.7820961802295
39,095,2019,48736,736.2640335711238
39,151,2019,53860,730.807596355361
39,041,2019,106908,1166.4439339812864
39,085,2019,64466,943.0513497536896
39,035,2019,50366,922.7642083237557
39,109,2019,61041,919.3760184852371
39,155,2019,47280,669.6177843999409
39,173,2019,62390,1122.0569391266592
40,143,2019,55517,939.7250863652529
40,109,2019,54520,944.1568234025984
40,131,2019,65434,1069.6605728592986
40,027,2019,64016,1012.2045311771686
41,047,2019,59625,1166.84221488573
41,017,2019,67043,1554.640771433439
41,071,2019,63902,1327.3903378594875
41,003,2019,62077,1254.9971485213582
41,051,2019,69176,1395.0840024382853
42,049,2019,51529,691.8874961254002
42,027,2019,60403,1341.2524836713906
42,095,2019,70471,1155.8996011787879
42,069,2019,52821,852.0285559864615
42,091,2019,91546,1452.7602210316945
42,019,2019,70668,1252.8697802386012
42,071,2019,66056,955.0743271026982
44,005,2019,79454,1654.246088241133
44,007,2019,58974,1288.9251499685506
44,001,2019,83092,1463.02815495463
45,003,2019,51399,898.8653572248539
45,063,2019,61173,1072.1548280722634
45,015,2019,63309,1328.0810675188336
45,019,2019,64022,1330.375474534849
45,007,2019,50865,872.1485616006074
45,051,2019,50704,1144.901530161175
45,083,2019,52332,1013.9318816639208
45,013,2019,68377,1377.8493315536616
45,079,2019,54767,1009.6876500728589
45,045,2019,60351,1155.9414185767166
45,035,2019,63080,1157.250320421094
45,077,2019,49573,908.4870624301662
46,083,2019,82473,1008.59544042794
46,103,2019,57039,892.4962082265283
53,057,2019,67028,1428.9386686963392
53,063,2019,56904,1022.1612676373567
53,035,2019,75411,1463.4806643636875
53,033,2019,94974,1852.6694175165292
53,029,2019,68604,1358.3348680280237
53,053,2019,72113,1382.327447944466
53,021,2019,63584,1252.8511708100907
53,073,2019,62984,1392.2732389428058
54,011,2019,40028,716.7876555921735
54,003,2019,62515,1144.6388260995448
55,079,2019,50606,1011.760358659427
55,101,2019,61336,899.9422130094854
55,139,2019,58543,716.9640534032087
55,133,2019,87277,1144.22391649129
55,025,2019,73893,1292.9895224801935
56,025,2019,62772,951.9146686854496
47,179,2019,48334,941.0995632944026
47,119,2019,57170,1229.8802359374563
29,101,2019,55273,712.8926848755164
29,165,2019,80393,1132.48360110944
29,510,2019,43896,921.5430393125117
30,111,2019,61264,945.8412798852578
30,063,2019,54062,923.9891854784711
48,451,2019,53903,1093.306825024313
48,485,2019,48650,778.9954650081613
48,181,2019,54815,1082.1666612338265
48,183,2019,50180,881.2405031302222
48,303,2019,52429,1062.9895772989123
48,257,2019,70107,1437.4026850537548
48,027,2019,54884,916.9639305346242
48,061,2019,38758,1005.2117950662551
48,141,2019,46871,1016.9042148455756
48,215,2019,40014,871.2409881045014
48,423,2019,56810,1051.7587815525358
48,187,2019,74496,1400.6203805719472
48,367,2019,77503,1176.9304525257098
30,013,2019,49913,826.8680491280969
31,109,2019,60527,914.6992503176834
31,055,2019,64629,977.5202275862392
48,135,2019,62973,1491.1274011845796
48,085,2019,96913,1371.3248307243784
48,209,2019,68717,1323.3668661455142
48,039,2019,81447,1424.8226110415935
48,491,2019,87337,1348.264504377321
48,201,2019,61705,1295.661564753685
48,113,2019,59607,1292.9341661104227
48,251,2019,64359,1147.3946486403195
48,309,2019,49778,1042.0291474039411
48,339,2019,80902,1374.4571871328562
48,479,2019,46475,980.3498939622214
48,245,2019,51248,951.3431072125663
32,003,2019,59340,1256.7604360926232
33,015,2019,93756,1586.247461489265
33,011,2019,81460,1324.382170984198
34,021,2019,81057,1725.120812598853
34,035,2019,113611,1881.9540082187216
34,029,2019,70909,1692.720369480292
34,001,2019,62110,1212.93086710509
34,023,2019,89533,1793.6083845513822
34,007,2019,70451,1344.5872620655016
34,039,2019,80198,1818.1712440262534
34,017,2019,71189,2191.117246621251
34,019,2019,115379,1727.6424225933335
34,027,2019,115527,2119.2043124787783
35,043,2019,63802,1175.5792305196899
48,439,2019,67700,1237.3768920359018
48,139,2019,76871,1343.743380745251
48,381,2019,68261,1118.5649088968837
48,397,2019,100920,1535.3868146078928
48,441,2019,53143,978.2114469877538
48,099,2019,52893,848.7060434080398
48,375,2019,42528,712.5104671337194
50,007,2019,73647,1701.0554889588964
28,089,2019,71824,1307.1915557893492
28,121,2019,65996,1212.6038310750453
28,059,2019,51657,869.0827461273585
28,047,2019,47894,883.6435848498633
49,053,2019,59839,1340.1342380208755
49,057,2019,67244,982.6033263973885
49,035,2019,74865,1193.9095574090645
51,095,2019,87678,1336.5202264821528
51,540,2019,59471,1394.5762343814197
51,087,2019,70307,1218.7542000295434
51,177,2019,88628,1336.5157700741647
51,121,2019,57977,1217.2785905920546
51,107,2019,142299,1955.9273455147188
51,153,2019,107132,1630.1044190101231
42,043,2019,60715,907.5321099684361
42,055,2019,63379,765.9758746933476
42,089,2019,63934,1147.5797419647351
42,125,2019,63543,991.2267655451955
42,101,2019,45927,1353.8251886389814
42,133,2019,66457,888.0757565350082
42,041,2019,71269,1008.9959668761882
42,003,2019,61043,1141.3834744533294
42,129,2019,60471,716.0054729458479
42,021,2019,46659,607.9343443853523
42,029,2019,100214,1525.697136047392
42,011,2019,63728,940.8898236805363
29,047,2019,70510,1009.341392803317
29,189,2019,67420,994.1374727201164
29,019,2019,55328,831.0045165236346
29,095,2019,55134,951.3660812150832
51,550,2019,78640,1402.9710755615154
51,003,2019,79880,1413.8828320364585
51,740,2019,52175,1024.2991803671305
51,810,2019,76610,1331.455424529423
51,630,2019,65641,1370.0665318764284
51,700,2019,53215,996.4525338649378
51,680,2019,46409,851.0695141619908
51,199,2019,92069,1317.8659086080925
51,610,2019,127610,2087.381473025505
51,730,2019,38679,796.4550702191917
51,600,2019,116979,1962.0995986651596
51,770,2019,44230,805.3269789513855
51,800,2019,74884,1225.8366113418936
51,710,2019,51590,1073.2609622024218
51,041,2019,82599,1235.1995030950768
51,059,2019,124831,1915.401681981286
29,037,2019,69433,1195.3029627371209
29,183,2019,84978,1205.2308590583618
47,009,2019,56667,981.395419273886
47,187,2019,112962,1492.942913944895
47,093,2019,57470,1082.4507926478796
53,005,2019,69023,1226.3668773379798
53,011,2019,75253,1416.0694352311195
01,003,2020,61756,1279.8098300223644
21,151,2020,51649,696.9394401178615
23,019,2020,52128,1046.803671458926
23,031,2020,68932,1372.436457913336
27,003,2020,84379,1302.0920961673837
27,019,2020,104011,1530.2122723888845
47,125,2020,60878,1022.7629258636028
47,149,2020,68718,1283.4070591108332
47,157,2020,52092,1015.104041291539
47,165,2020,69878,1259.8038599831877
47,187,2020,111196,1521.2446799896343
47,189,2020,78962,1398.86489670651
49,011,2020,87570,1338.654658925792
49,035,2020,77128,1228.8904393384316
49,049,2020,77057,1342.4031073313442
49,053,2020,61747,1398.348568229225
49,057,2020,71275,1051.324495967109
29,037,2020,72522,1246.916527935438
29,101,2020,56440,741.6010360630789
29,510,2020,45782,967.0369238864247
12,005,2020,56483,1359.4866692825294
12,011,2020,60922,1660.5911813345156
12,017,2020,45689,1137.833134046936
12,031,2020,56769,1183.1421430947553
12,055,2020,43708,965.1949906707215
12,061,2020,57945,1472.2204358026138
12,073,2020,54675,1005.5953441496799
12,083,2020,46587,1112.2775328625808
12,087,2020,72012,2324.0006094345304
01,031,2020,56799,893.5481010038746
01,081,2020,52930,1067.1322894211062
01,097,2020,49625,849.2567574699657
01,115,2020,62531,1270.1920418645022
01,125,2020,54283,1166.0506469291588
06,001,2020,104888,2478.04537111724
06,007,2020,54972,1291.4575463849776
06,013,2020,103997,2358.06939911362
06,017,2020,83710,1749.304780088339
06,019,2020,57109,1415.625056498989
06,029,2020,54851,1211.085089185916
06,041,2020,121671,3030.5393232991014
06,047,2020,56330,1369.5083741433448
27,037,2020,88468,1359.3930771827515
27,109,2020,80403,1324.8930661365594
27,137,2020,57480,1187.9110011081336
27,139,2020,103261,1391.5523707774257
27,145,2020,65244,961.345130924318
27,163,2020,97584,1586.9303313454618
27,171,2020,87772,1359.1429087738527
51,013,2020,122604,2129.9490307733654
51,059,2020,127866,1921.0786126956666
51,087,2020,72295,1256.0479944297433
51,095,2020,91675,1376.5200865688273
51,107,2020,147111,2000.0864367061358
51,121,2020,59126,1307.382263711236
32,031,2020,68272,1485.6174940301435
22,005,2020,82594,1415.6119806937902
22,017,2020,42003,806.2516244905543
36,027,2020,81842,1465.4095643606079
36,055,2020,62087,1054.0787547094794
36,061,2020,89812,3169.466094229568
36,067,2020,62668,1107.596852294857
36,085,2020,85381,1775.4699466509437
37,019,2020,59763,1316.473205575221
37,025,2020,71177,1294.8005278117055
37,051,2020,48177,925.7185408889142
37,057,2020,50454,1006.4390561127724
06,053,2020,76943,2055.44504554507
06,055,2020,92219,2390.104800647256
06,059,2020,94441,2265.1008846598156
06,061,2020,93677,2016.824139409013
06,065,2020,70732,1795.7783923826273
06,067,2020,70684,1654.5142313514914
06,071,2020,65761,1727.4136911420812
06,073,2020,82426,2100.169239880055
06,075,2020,119136,3195.55630192818
06,077,2020,68628,1772.1507650071208
06,079,2020,77948,2014.8422017920875
06,081,2020,128091,3005.9119779303196
06,085,2020,130890,2889.403076178918
06,087,2020,89986,2586.6080415250754
06,095,2020,84638,1977.559585054253
06,097,2020,86173,2136.526032444815
06,107,2020,52534,1199.4823135590534
06,113,2020,73746,1803.7516741678344
05,031,2020,49730,997.9792402011591
05,085,2020,59278,982.9584120044354
29,019,2020,58740,860.1019505429307
29,047,2020,72047,1058.8252616407651
29,077,2020,47053,874.9521160190399
29,095,2020,56960,1001.7816405819526
29,099,2020,67606,1028.978884922392
29,165,2020,82448,1186.5081077172342
51,179,2020,112247,1621.5968022116765
51,199,2020,93356,1351.7156884518843
51,510,2020,102227,1886.4924142911323
51,540,2020,59598,1452.0299393120313
51,600,2020,109708,1995.2472866495666
51,610,2020,146922,2044.3060744491202
51,630,2020,69528,1431.7944841036406
51,680,2020,49201,900.1553843152604
51,700,2020,54511,1042.2341410906272
51,730,2020,43029,829.1469543675918
51,740,2020,53213,1076.9391432792186
51,770,2020,45664,842.9887228188301
51,800,2020,79899,1278.5289333405192
51,810,2020,78136,1384.979169361498
53,005,2020,72046,1269.6314835234402
53,011,2020,77184,1463.2400053216495
53,021,2020,66904,1317.2585552901153
53,025,2020,59165,1118.883785226311
53,029,2020,70765,1414.3068123917162
53,033,2020,99158,1864.9328387407916
53,035,2020,78969,1523.5798680116407
37,063,2020,62812,1274.7603348592925
37,081,2020,54794,982.2234293566856
37,101,2020,61806,1332.688220377741
37,119,2020,69240,1318.9736120815598
37,179,2020,82557,1500.2704413168167
34,003,2020,104623,2056.400213688055
34,015,2020,89056,1730.1617197057997
34,021,2020,83306,1790.7686261925255
34,027,2020,117298,2133.1605979365545
34,039,2020,82644,1876.507143395619
18,003,2020,57104,805.0967876469954
18,097,2020,51219,961.3644172303949
18,127,2020,72255,1032.4633721404532
25,001,2020,76863,1831.2165894317313
25,013,2020,57623,1236.3378708558544
39,049,2020,62352,1102.7331222790242
39,061,2020,59190,1099.8772096989817
05,119,2020,52930,862.7953130959014
05,125,2020,66876,1110.0088921725035
05,131,2020,47878,731.2031034160805
05,143,2020,52380,1079.1496961461912
09,003,2020,76259,1255.927937756056
09,005,2020,81590,1132.8144084700198
09,009,2020,71370,1293.0627299419968
09,011,2020,75831,1187.2952561068296
11,001,2020,90842,2122.360398961804
02,020,2020,84813,1246.9987781507646
08,013,2020,87476,1939.9593196876392
08,014,2020,101206,1696.2575069671304
29,183,2020,87644,1246.448266505729
29,189,2020,68661,1033.5413425577153
12,001,2020,50089,1203.467977791913
12,009,2020,59359,1356.3454880440097
12,015,2020,52724,1344.9657147991168
12,019,2020,68657,1332.1344435337558
12,021,2020,70217,1778.6481617953314
12,033,2020,53023,1108.1851746482096
12,035,2020,57536,1375.1485460951874
12,053,2020,50280,1177.1881244044398
12,057,2020,60566,1401.3010811524193
12,069,2020,55792,1427.5860913694014
12,071,2020,59608,1320.9899715275335
12,081,2020,59963,1448.728060340851
12,085,2020,65821,1502.2989638310291
12,086,2020,53975,1805.4632288627147
12,089,2020,72998,1420.5740674791978
12,091,2020,64373,1368.4740819493966
12,095,2020,61416,1436.2501934573593
12,097,2020,55538,1506.4136403074165
12,099,2020,65015,1691.9138516706062
12,101,2020,53431,1352.5878090745512
12,103,2020,56419,1364.415987391768
53,053,2020,76438,1462.2449041056652
53,061,2020,89273,1647.6468153391115
53,067,2020,75867,1507.7399188886732
53,073,2020,65420,1477.4275362495516
54,011,2020,41472,743.4561485357073
54,039,2020,47122,812.6546176955127
54,061,2020,54198,1114.593318657507
08,035,2020,121393,1752.188792181113
08,041,2020,71517,1354.495474587273
08,059,2020,87793,1530.52032290493
08,069,2020,76366,1464.4332602296608
08,077,2020,57157,1140.2178575091602
10,003,2020,75275,1298.8878355960296
12,109,2020,83803,1579.4954408791207
12,111,2020,55237,1498.306857644373
12,113,2020,70663,1384.2090232390565
12,115,2020,64644,1504.777391384029
12,117,2020,70297,1363.1767398176046
12,127,2020,52407,1226.260506735032
12,131,2020,67390,1552.2313873156893
31,055,2020,66600,1020.8057144648504
12,105,2020,51535,1342.3155217429953
31,109,2020,62464,946.6408631088447
55,059,2020,66595,1139.3617076338362
55,079,2020,52260,1046.0899574507496
55,101,2020,62556,936.5256641680838
55,133,2020,88985,1176.817030347706
55,139,2020,59947,763.806044995798
30,111,2020,62630,995.646640450438
13,013,2020,62990,1376.9791027956244
13,021,2020,41317,845.5343854200443
13,029,2020,76121,1448.6500602715016
13,045,2020,59197,1118.836404983853
13,051,2020,57739,1184.3335994555919
13,057,2020,84817,1510.250004915447
13,059,2020,40363,1198.481693271525
13,063,2020,49460,1130.3349503248076
13,067,2020,80830,1332.5159641403197
13,073,2020,82251,1305.4552617718923
13,089,2020,65116,1325.3301717607087
13,095,2020,40947,617.2205266776226
13,097,2020,67651,1296.8937917764067
31,153,2020,83051,1086.8272582356956
32,003,2020,61048,1308.446131667274
33,011,2020,82099,1395.520073193331
33,015,2020,93962,1662.0797961543633
33,017,2020,72682,1339.3386469511927
22,015,2020,55448,1048.8888743275327
22,019,2020,52866,903.7839873617544
22,033,2020,56076,1069.7115654291615
56,021,2020,69369,1030.7150136220355
13,113,2020,93777,1491.0599977944921
13,117,2020,112834,1640.6476871718062
13,121,2020,72741,1467.2206026747178
13,135,2020,72787,1397.2628548559508
13,139,2020,63651,1243.4847965607669
13,151,2020,71110,1385.4740003141133
13,153,2020,65870,1034.8767516985802
13,179,2020,50411,1063.1566026300504
13,215,2020,47418,908.4177378510635
13,217,2020,59178,1276.04155238005
13,223,2020,74154,1463.1314340217043
13,247,2020,62505,1256.9298149687631
22,051,2020,54825,1202.2033775525713
22,055,2020,58761,1085.4541542466163
22,063,2020,67365,1247.1567761719693
22,071,2020,43258,1333.5041221636466
22,103,2020,70730,1197.6096474512976
36,001,2020,68327,1200.0729092222948
36,005,2020,41895,2115.484280453221
36,007,2020,52237,855.0439338479922
36,029,2020,59464,1006.5094139115091
36,045,2020,54726,976.9067325151638
36,047,2020,63973,2606.6311773381535
36,059,2020,120036,2662.6144588911493
36,063,2020,57252,681.5028457480198
36,069,2020,64795,1173.4185234239171
36,071,2020,80816,1568.1089308643202
48,029,2020,58288,1170.074135427467
48,039,2020,83325,1448.0050435830271
48,041,2020,50289,1417.8247706351701
48,091,2020,80781,1301.3263903135014
48,099,2020,54712,910.5856306759315
48,113,2020,61870,1306.3324308581698
39,089,2020,67736,1133.794602458285
39,095,2020,49946,767.1949229886983
39,099,2020,47092,671.8929650459489
15,003,2020,87722,2122.6285453294054
15,009,2020,84363,2156.7554667658383
16,001,2020,69952,1343.038931255882
16,019,2020,61435,974.5371022072071
16,027,2020,56916,1105.937231684252
17,019,2020,53936,996.2690018130706
36,081,2020,72028,2299.57843196727
36,083,2020,72510,1056.4534969940703
36,087,2020,94840,2083.9367523267815
36,091,2020,85224,1255.6679856564022
36,093,2020,66488,1025.779377736412
36,103,2020,105362,2955.336431733617
36,109,2020,61361,1682.2856113089026
36,111,2020,65306,1502.7829052575325
36,119,2020,99489,2364.0786559413123
37,001,2020,51580,966.8268938705787
37,021,2020,55032,1286.949986862388
37,067,2020,53583,1057.9458541265901
37,071,2020,53474,1178.0772766548523
37,097,2020,62551,1242.1027127182545
48,121,2020,90354,1355.0570721683823
48,135,2020,63096,1288.703386780567
48,141,2020,48292,1074.868589427839
48,181,2020,58296,1111.064955298905
48,183,2020,52027,922.6809138089226
48,187,2020,75774,1449.3197918993371
48,201,2020,63022,1310.8499193941261
48,257,2020,72179,1506.3795837056944
39,133,2020,59485,978.081393857059
39,151,2020,55045,773.1243158436391
40,109,2020,55519,975.7257555801326
41,003,2020,65142,1281.586954387858
41,071,2020,67296,1417.1273794330943
44,005,2020,84282,1750.6888648807815
42,019,2020,72642,1289.3963615122286
42,043,2020,63123,960.8500883853054
42,049,2020,52863,712.1517969209261
42,055,2020,63420,804.475072759085
42,079,2020,53194,880.5090685924929
42,129,2020,61398,745.2330877304935
45,003,2020,53385,978.5448375414309
45,015,2020,65443,1376.4745856515226
45,035,2020,63501,1194.862119898857
45,041,2020,49645,896.773318172297
17,031,2020,67886,1587.9359485642963
17,037,2020,62353,982.2705218409941
17,089,2020,83374,1403.935091157278
17,093,2020,96854,1612.9743110340378
17,097,2020,92654,1465.4171671757358
17,111,2020,90014,1481.1737899579705
17,113,2020,68037,875.4564326061368
17,119,2020,64045,797.2233118276991
17,163,2020,57473,842.6595321185413
17,167,2020,61743,794.8704090284273
37,125,2020,63324,1321.8979892122688
37,129,2020,56689,1210.2106028439173
37,133,2020,51560,997.8840824904204
37,135,2020,74803,1381.796751168332
37,147,2020,49337,1009.3917717673677
37,159,2020,51054,914.7589525497418
37,183,2020,83567,1305.7828083362622
34,001,2020,63680,1280.1364573079966
34,005,2020,90329,1515.3001825798958
34,007,2020,70957,1411.291220116543
34,013,2020,63959,1633.5463302174473
34,017,2020,75062,2179.423037039908
34,019,2020,117858,1803.2206130568327
34,023,2020,91731,1830.9408733022672
34,025,2020,103523,1988.8249822895734
34,029,2020,72679,1789.704883315181
34,031,2020,73562,1647.219881903605
34,035,2020,116510,1935.0524440442814
34,041,2020,83497,1331.3699545912311
18,005,2020,66978,961.9550229083819
48,303,2020,53425,1096.2799175706652
48,309,2020,50210,1088.2230703003568
48,339,2020,83274,1388.56456328709
48,355,2020,56784,1186.6470641326177
48,367,2020,84189,1214.4688324651875
48,375,2020,43652,735.8002709710444
48,381,2020,68186,1154.1673008478685
48,397,2020,105956,1597.1257204262172
48,423,2020,59450,1066.75906173987
48,439,2020,70306,1271.8360521833793
48,441,2020,55568,1028.6499001398201
45,079,2020,54441,1053.65664246205
45,085,2020,46570,936.499764139658
46,099,2020,63699,887.7708999036399
46,103,2020,58278,922.0223252602667
47,009,2020,60301,1049.7157997994375
47,093,2020,59250,1143.4460932325705
47,179,2020,48923,988.6362014900352
50,007,2020,76316,1751.5388551122262
51,003,2020,84643,1452.179936112263
17,197,2020,90800,1478.3071066132186
17,201,2020,55310,791.8286076611238
19,013,2020,54774,877.0256605619938
19,103,2020,63062,1377.776176184184
19,113,2020,67301,817.7835045698479
18,011,2020,89444,1305.9719485213698
18,035,2020,45910,723.5674827909537
18,057,2020,98880,1333.978474013995
18,059,2020,75647,1211.0419438342176
18,063,2020,84754,1266.3178998950277
18,067,2020,56387,634.2414337971998
18,081,2020,72928,1206.556420986479
18,089,2020,57530,973.5045681396832
18,095,2020,51476,695.5214320471206
18,105,2020,52229,1361.8383531012298
18,141,2020,54433,857.7978922763738
18,157,2020,51926,1042.92671285253
18,163,2020,51179,699.3027308956483
48,451,2020,57670,1120.3163244247792
48,453,2020,80668,1390.9449064296623
48,479,2020,50296,994.7855083180934
48,485,2020,49710,830.1898968961586
48,491,2020,90834,1381.1899526118696
01,073,2020,55088,984.483877785524
01,083,2020,64270,1257.55318659168
01,089,2020,66887,1034.7444649577608
01,101,2020,51963,933.8057710284656
01,117,2020,78889,1254.5072714306232
06,037,2020,71358,2237.092026631173
06,083,2020,78925,2245.9774099987803
06,089,2020,57139,1150.9184331779027
51,041,2020,84645,1287.3109008478066
51,153,2020,107707,1672.383844316989
51,177,2020,90913,1386.01721058142
51,550,2020,81261,1452.295167168243
51,650,2020,57041,1100.938860624265
51,685,2020,81639,1585.9731156298992
51,710,2020,53026,1130.0679014753523
51,760,2020,51421,1145.6870387853935
53,057,2020,71021,1527.6929774275704
53,063,2020,60101,1091.7349250435068
54,003,2020,65286,1203.9287944727919
55,025,2020,75179,1332.9034911691167
24,005,2020,78724,1346.4813281392576
24,013,2020,99569,1295.8348240687483
24,017,2020,103678,1888.768151508177
24,025,2020,94003,1335.6398274003147
24,033,2020,86994,1639.8682214128223
24,043,2020,63510,901.3319938017966
24,045,2020,60366,1157.0922471094912
24,510,2020,52164,1322.9411235824507
26,021,2020,52500,1033.8253442329471
26,049,2020,50269,757.4350019156345
25,005,2020,71450,1335.722450643295
25,009,2020,82225,1874.8072286258873
25,017,2020,106202,2276.5339468733
25,021,2020,105320,2205.2862205220376
25,023,2020,92906,2007.585136156944
25,025,2020,74881,2601.6345992670613
25,027,2020,77155,1422.3442500353412
39,017,2020,69023,1064.7278487981912
39,025,2020,69720,1088.1997210038696
39,035,2020,51741,972.8149325852854
39,041,2020,111411,1190.5754183072743
39,045,2020,70906,1028.6179884107646
39,057,2020,70055,1160.2449885192875
39,085,2020,65814,985.8449726512418
39,093,2020,58798,870.3947274333059
39,103,2020,77784,1246.4208418363212
39,109,2020,62347,968.867386417903
39,113,2020,53064,877.1675617347637
06,099,2020,62873,1519.6665948971388
06,111,2020,89295,2198.509274253967
05,007,2020,71556,1063.1937288039173
05,045,2020,54191,996.3507134930733
09,001,2020,97539,1986.5060887528286
09,007,2020,84907,1289.134759603169
09,013,2020,87809,1399.5533490250516
08,001,2020,73817,1547.773758028932
08,005,2020,80291,1479.9503416979067
08,031,2020,72661,1599.2210058335286
08,101,2020,49979,948.9572200581991
08,123,2020,74332,1354.8691394573377
10,001,2020,60117,1230.3775652181123
30,013,2020,52049,857.3033923481706
56,025,2020,62168,971.793154402906
56,037,2020,73384,885.1592239999896
48,027,2020,54987,970.7878290969373
48,061,2020,41200,1048.754360710809
48,085,2020,100541,1396.1933891375145
48,139,2020,79834,1402.6218283611163
48,157,2020,100189,1529.9677598668343
48,167,2020,74633,1211.1740260447052
26,077,2020,58836,960.6616385891816
26,093,2020,84274,1472.5024912624647
26,099,2020,64641,1024.0741128903533
26,139,2020,72418,1175.7837023170116
26,161,2020,75730,1596.2399618559903
26,163,2020,49359,977.8476366923363
28,033,2020,69990,1236.9996636600533
28,047,2020,48547,940.0845700814439
28,049,2020,45380,996.5402112039911
28,059,2020,53726,922.0254786714778
39,153,2020,59253,847.9849714363874
39,155,2020,47799,707.1881788422679
39,165,2020,89410,1372.6718177499017
39,173,2020,63189,1160.9976573567833
40,017,2020,73591,1210.0963978873494
40,027,2020,65412,1042.466905201315
40,031,2020,52377,728.8835046835547
30,063,2020,56247,987.1246966772069
13,015,2020,61226,1224.3801525742952
13,077,2020,79795,1279.0451694497428
13,185,2020,46113,927.3670190216978
13,245,2020,43882,964.2001006710715
48,209,2020,68724,1363.8680632300495
48,215,2020,41846,895.9181515306242
48,221,2020,71253,1313.7771835450433
48,245,2020,50840,991.9924664627329
48,251,2020,65311,1204.906982309975
48,329,2020,83217,1304.3283593680476
28,089,2020,71621,1363.197415731258
28,121,2020,68310,1253.6529363313152
35,013,2020,44024,1023.4868720517696
35,043,2020,65071,1256.1087471335907
35,049,2020,60668,1430.2388007807006
40,119,2020,42103,1006.9039243275984
40,131,2020,66038,1114.9354217954183
40,143,2020,57024,983.8129437234156
41,005,2020,82911,1489.9396827511766
41,017,2020,68937,1677.769505029927
41,029,2020,56327,1286.1112926396747
41,039,2020,54942,1305.8745469847715
41,047,2020,61817,1221.5158271888615
41,051,2020,71425,1416.181931065852
41,067,2020,86626,1503.0541665203366
44,001,2020,85413,1565.518009285188
44,003,2020,75857,1406.3548038809352
44,007,2020,62323,1351.7593574831797
44,009,2020,86970,1694.2217769399197
42,003,2020,62320,1179.8316900684274
42,011,2020,66154,992.8131460282331
42,017,2020,93181,1622.2054798913848
42,021,2020,47644,641.2354804246603
42,027,2020,61921,1363.8198460778096
16,055,2020,60903,1273.963707772634
17,043,2020,94930,1469.1582447319277
17,143,2020,55729,783.6430335335143
19,049,2020,88368,1252.9026216845657
38,017,2020,65976,920.0583534708253
38,105,2020,79508,825.9509047701554
04,005,2020,59000,1517.3559807410613
04,013,2020,67799,1325.7298154262994
04,015,2020,47686,1115.2561005876958
04,019,2020,55023,1101.331803016888
04,021,2020,60968,1358.234854858526
04,025,2020,53329,1309.274834123568
42,029,2020,104161,1582.703940238789
42,041,2020,71979,1044.610123008067
42,045,2020,76238,1217.4592163975417
42,069,2020,54064,903.2672197929292
42,071,2020,69588,1002.2612852849666
42,077,2020,66214,1253.0477691472536
42,089,2020,68734,1247.61559933645
42,091,2020,93518,1509.7547624401516
42,095,2020,73088,1224.137538456809
42,101,2020,49127,1380.6793798398164
42,125,2020,65478,1010.5135772701716
42,133,2020,68940,925.8452728345852
45,007,2020,53598,922.5198250662693
45,013,2020,71430,1423.251291206754
45,019,2020,67182,1352.9040061414344
19,153,2020,69747,1003.3733383570034
19,163,2020,63876,836.17481460323
19,169,2020,58302,942.8485434209324
24,003,2020,103225,1737.6020972054541
24,015,2020,79415,1236.9503600854805
24,021,2020,100685,1538.2008333646763
24,027,2020,124042,1794.6838625650942
24,031,2020,111812,1858.3734340643978
24,037,2020,95864,1357.2295806451764
26,065,2020,55253,902.9869714725868
26,075,2020,54511,714.1811419771337
26,081,2020,65722,1252.0615422275837
26,125,2020,81587,1327.0240804814791
20,061,2020,52019,823.7057980865608
20,091,2020,91650,1218.3082447917402
20,103,2020,76307,807.2290179550922
20,155,2020,51520,606.9476214632458
20,161,2020,51098,1041.4183271808358
20,173,2020,57540,867.1960502731213
20,177,2020,58652,777.1063932210851
45,051,2020,51570,1189.3177659391333
45,057,2020,65421,1339.2061841915765
45,063,2020,62740,1119.4791954223726
45,077,2020,51032,948.9877118435851
45,083,2020,53757,1070.453970784967
45,091,2020,68555,1195.071307653499
45,045,2020,62422,1189.420015693967
46,083,2020,84260,1033.7435120581392
35,001,2020,54308,1013.0871689604065
38,035,2020,53721,885.2919658395449
20,045,2020,61020,1096.3809497901948
20,209,2020,48093,860.4684396855341
21,047,2020,44279,775.8747279316841
21,067,2020,58954,1076.9733421373387
21,073,2020,59056,691.4004740431873
21,111,2020,58196,996.3282657439676
21,113,2020,64855,948.6057412077756
21,117,2020,66541,1028.1010442332592
47,011,2020,51872,962.8244417475939
47,037,2020,62515,1433.4599946649168
47,065,2020,56606,1101.8367816762163
47,119,2020,60567,1288.531117319716
21,015,2020,82838,1230.3014711676271
21,037,2020,63152,1073.2431380484697
21,227,2020,54325,933.3088441559016
23,005,2020,76014,1659.0056808806337
23,011,2020,55368,923.1146219694882
27,053,2020,81169,1490.2462718447207
27,123,2020,67238,1281.1660717652665
01,001,2021,62660,1450.970984227483
01,003,2021,64346,1487.317485267401
01,031,2021,59034,1006.575402274479
01,073,2021,58330,1064.383049795795
01,081,2021,57191,1141.5993223867688
01,083,2021,70736,1356.1504674787848
01,089,2021,71153,1190.5490105243455
01,097,2021,51169,958.8527384439407
01,101,2021,52511,1022.5520583323218
01,115,2021,65070,1346.55232306623
01,117,2021,82592,1360.314424514379
01,125,2021,57508,1230.1540077870204
02,020,2021,88871,1310.6941849692669
02,090,2021,78321,1472.6676729991075
04,003,2021,55077,1140.8561100672505
04,005,2021,61888,1713.5816132328591
04,013,2021,72944,1562.4489021496154
04,015,2021,49738,1306.1462085766789
04,019,2021,59215,1264.6210292854419
04,021,2021,65488,1627.5948043767482
04,025,2021,56170,1521.9683161801395
04,027,2021,52563,1180.4007674903569
05,007,2021,76887,1173.7642491460674
05,031,2021,51788,1063.3293955223992
05,045,2021,54845,1096.6889895212005
05,051,2021,49985,1095.8738410995468
05,085,2021,62561,1083.5688182885033
05,119,2021,55235,949.2881310548872
05,125,2021,68605,1198.1582400834013
05,131,2021,50226,809.1656425872378
05,143,2021,56610,1169.3647047631114
06,001,2021,112017,2476.695488522481
06,007,2021,59863,1374.817419008554
06,013,2021,110455,2467.770266430327
06,017,2021,88770,2027.3597761019946
06,019,2021,61276,1643.67924857662
06,029,2021,58824,1366.749316295928
06,037,2021,76367,2334.138341881199
06,041,2021,131008,3158.5418342185258
06,047,2021,58861,1586.8416569735962
06,053,2021,82013,2210.7519396107323
06,055,2021,97498,2546.835529258827
06,059,2021,100485,2508.060638359457
06,061,2021,99734,2284.375621668191
06,065,2021,76066,2091.318175752177
06,067,2021,76422,1846.611094751652
06,071,2021,70287,2008.11218748818
06,073,2021,88240,2323.229818582348
06,075,2021,126187,2991.847958798337
06,077,2021,74962,2008.6669749267228
06,079,2021,82514,2176.9506259592963
06,081,2021,136837,2907.5378614288716
06,083,2021,84356,2560.005735556984
06,085,2021,140258,2842.4798852527924
06,087,2021,96093,2788.517452317954
06,089,2021,61937,1260.084915546491
06,095,2021,89648,2140.432136237839
06,097,2021,91607,2253.642373180565
06,099,2021,68368,1703.5759850351196
06,107,2021,57394,1387.4675991123133
06,111,2021,94150,2433.7483251707504
06,113,2021,78386,1935.5737687543021
08,001,2021,78304,1671.302484830583
08,005,2021,84947,1601.570539114948
08,013,2021,92466,2078.6850214232786
08,014,2021,107570,1839.7457924328953
08,031,2021,78177,1697.5233612782279
08,035,2021,127443,1906.5893808619967
08,041,2021,75909,1510.9669466305575
08,059,2021,93933,1651.409963639936
08,067,2021,75089,1598.1755024419617
08,069,2021,80664,1569.074116115127
08,077,2021,62127,1275.5766978308316
08,097,2021,92708,9372.177325789698
08,101,2021,53430,1063.5850666524705
08,123,2021,80843,1444.7292932048324
09,001,2021,101194,2163.282010284002
09,003,2021,80320,1372.1065968093117
09,005,2021,84797,1305.9948520473429
09,007,2021,90833,1399.383080128746
09,009,2021,75043,1415.8295602665887
09,011,2021,79040,1314.0857223991875
09,013,2021,88525,1535.6687516894374
10,001,2021,63715,1432.2216410685053
10,003,2021,78428,1445.8705049334687
10,005,2021,68886,1992.137202000987
11,001,2021,93547,2113.7990563782064
12,001,2021,53314,1331.6303566012377
12,005,2021,60473,1519.3708163893743
12,009,2021,63632,1553.1632387838172
12,011,2021,64522,1904.4484081698479
12,015,2021,57887,1538.3210328532384
12,017,2021,48664,1320.675768960954
12,019,2021,74059,1526.2749549065309
12,021,2021,75543,2111.5283929398415
12,031,2021,59541,1350.7626850913487
12,033,2021,56605,1323.9849308842029
12,035,2021,62305,1580.0169351140146
12,053,2021,53301,1412.8008755453536
12,055,2021,46895,1106.1113518768968
12,057,2021,64164,1638.5592518296414
12,061,2021,61594,1710.2315853586804
12,069,2021,60013,1594.419677896454
12,071,2021,63235,1542.7156839408515
12,073,2021,57359,1093.2800863845723
12,081,2021,64964,1713.0829657960894
12,083,2021,50808,1295.6560118166244
12,085,2021,69769,1752.5418407001896
12,086,2021,57815,2104.1030090923045
12,087,2021,73153,2664.405550716518
12,089,2021,77504,1653.2168545237735
12,091,2021,67390,1604.6855690749908
12,095,2021,65784,1601.944308285051
12,097,2021,58513,1704.826353280202
12,099,2021,68874,2013.5887660354608
12,101,2021,58084,1597.8218190628866
12,103,2021,60451,1610.453236542683
12,105,2021,55099,1521.5830800439944
12,109,2021,88794,1813.5220875075663
12,111,2021,59807,1810.3729462708216
12,113,2021,77260,1606.5994869513243
12,115,2021,69490,1781.8293841865404
12,117,2021,73002,1526.5637573236033
12,127,2021,56786,1376.5114715574573
12,131,2021,68111,1942.5121192294166
13,013,2021,68365,1562.371497647198
13,015,2021,65559,1430.0466062693176
13,021,2021,43862,977.8499395594613
13,029,2021,81032,1595.742769198196
13,031,2021,50583,1119.1783159621325
13,045,2021,62498,1284.5432100982293
13,051,2021,61064,1342.017968714869
13,057,2021,90681,1742.634423773564
13,059,2021,44070,1326.897465325673
13,063,2021,51945,1336.120866064811
13,067,2021,86013,1541.5935154124672
13,073,2021,85928,1439.6482819199598
13,077,2021,83486,1511.8885841819365
13,089,2021,69423,1511.6280702909496
13,095,2021,42225,689.8444571731114
13,097,2021,67731,1486.1059001173219
13,113,2021,96084,1739.675224962413
13,117,2021,120999,1863.886509484968
13,121,2021,77635,1638.4774781525257
13,127,2021,60775,1522.789816500015
13,135,2021,75853,1624.1298234243884
13,139,2021,67571,1450.8929980890605
13,151,2021,73491,1626.4449293906382
13,153,2021,70313,1149.9519952631708
13,179,2021,50617,1240.1632364924571
13,185,2021,48703,1008.7485320005397
13,215,2021,50542,1019.6962639685936
13,217,2021,64767,1486.444315757747
13,223,2021,80234,1678.7024927787932
13,245,2021,46237,1086.341038244459
13,247,2021,64230,1474.0184392587778
13,255,2021,51972,1072.2200302085498
13,285,2021,49042,988.4074611296014
13,297,2021,71692,1568.484644608354
15,001,2021,68399,2054.936145067965
15,003,2021,92600,2269.832365609596
15,009,2021,88249,2605.692073663916
16,001,2021,75115,1612.511324457387
16,019,2021,64928,1158.1843484333901
16,027,2021,60716,1316.8055244850063
16,055,2021,64936,1593.5620713530927
16,065,2021,53498,1024.20464773114
17,019,2021,56939,1039.9849454731127
17,031,2021,72121,1622.2797970195468
17,037,2021,64019,1018.7352895661733
17,043,2021,100292,1569.9088146177255
17,089,2021,88935,1509.5149084296775
17,091,2021,61664,993.4788080727918
17,093,2021,101816,1746.907752238788
17,097,2021,97127,1562.880082673112
17,111,2021,93801,1595.031806939465
17,113,2021,70339,951.983651203015
17,119,2021,66882,838.984822273891
17,143,2021,58426,835.7455983655799
17,161,2021,58974,824.7692659558435
17,163,2021,63017,907.9111598933314
17,167,2021,66149,843.9299271416681
17,197,2021,95751,1607.8971780396569
17,201,2021,57779,865.2103812186683
18,003,2021,61456,894.901767613479
18,005,2021,71183,1020.7148010481584
18,011,2021,94843,1455.1261046998109
18,019,2021,62296,1103.9620531559267
18,035,2021,49321,799.6714766762353
18,039,2021,61182,854.2641312329273
18,057,2021,104858,1472.2649056097882
18,059,2021,79126,1310.4592996959357
18,063,2021,87961,1401.5958304972373
18,067,2021,59238,675.7954039131547
18,081,2021,77977,1322.0222210901509
18,089,2021,62052,1088.1450705790744
18,095,2021,54491,774.3078504327406
18,097,2021,54601,1048.0402957292347
18,105,2021,54096,1453.835880771266
18,127,2021,76736,1124.015965234399
18,141,2021,58599,981.4065291219298
18,157,2021,53468,1104.8363148323235
18,163,2021,54044,759.2527944103499
18,167,2021,48552,712.9610905025717
19,013,2021,57191,924.0065802929442
19,049,2021,93492,1297.9122202719036
19,061,2021,68198,790.0535136858914
19,103,2021,67414,1430.8125332613408
19,113,2021,70360,853.3738553254128
19,153,2021,73015,1042.4303009037646
19,163,2021,67675,884.9438926206204
19,169,2021,62578,974.9243310048137
20,045,2021,62594,1149.9640240811214
20,061,2021,54664,869.8479921499211
20,091,2021,96059,1289.3402475246414
20,103,2021,80853,858.3642602075403
20,155,2021,53359,628.9940815060057
20,161,2021,53296,1069.7168685118984
20,173,2021,60593,928.071144803991
20,177,2021,59848,835.5360274554486
20,209,2021,52366,928.528375643179
21,015,2021,87034,1359.7039735875617
21,037,2021,65580,1148.4313793345848
21,047,2021,45913,879.7071641189806
21,067,2021,61526,1177.3016926344142
21,073,2021,59498,757.1793891095919
21,111,2021,61633,1053.801934983293
21,113,2021,65196,1026.3751277960368
21,117,2021,68503,1111.9377048561053
21,151,2021,55002,751.0519131296068
21,227,2021,57625,997.1960763309374
22,005,2021,86256,1496.2695765242295
22,015,2021,58289,1141.7875368571242
22,017,2021,43153,856.9482426166481
22,019,2021,59470,1104.921321611883
22,033,2021,58167,1137.6465602934982
22,051,2021,58638,1286.4725557141198
22,055,2021,63311,1178.0092179856074
22,061,2021,38458,861.6498428679358
22,063,2021,71547,1351.0829916628225
22,071,2021,45594,1406.9842310168524
22,103,2021,70986,1335.0449008174153
22,105,2021,50659,1050.3448739289668
23,005,2021,80679,1846.9267166089448
23,011,2021,58097,1055.8306139069314
23,019,2021,55125,1154.0744782868999
23,031,2021,73856,1515.0561900669825
24,003,2021,108048,1887.907003461153
24,005,2021,81846,1487.9074111273276
24,013,2021,104708,1404.353169785814
24,015,2021,81817,1331.592013178319
24,017,2021,107808,2123.1703434762653
24,021,2021,106129,1695.2224772955876
24,025,2021,98495,1457.3131837026567
24,027,2021,129549,1921.4962442644562
24,031,2021,117345,1922.7948716652065
24,033,2021,91124,1728.802066414298
24,037,2021,102859,1512.4153231296393
24,043,2021,67349,1009.0646327072292
24,045,2021,63610,1246.81394900066
24,510,2021,54124,1418.201613951578
25,001,2021,82619,2024.6563603995846
25,003,2021,63159,1166.6314671406403
25,005,2021,74290,1469.7026539241133
25,009,2021,86684,2021.744739676612
25,013,2021,61310,1329.5122787042194
25,015,2021,76959,1771.741829056679
25,017,2021,111790,2327.4322479095317
25,021,2021,112089,2265.127517589567
25,023,2021,98190,2193.724086927072
25,025,2021,80260,2610.820720311685
25,027,2021,81660,1541.2687612922452
26,021,2021,55893,1113.8486548103203
26,049,2021,54052,848.477453637014
26,065,2021,58226,983.9143440906793
26,075,2021,57746,777.9466142836933
26,077,2021,61739,1039.0909939976448
26,081,2021,69786,1360.711092769294
26,093,2021,88908,1638.7364577053831
26,099,2021,67828,1133.3530443863274
26,115,2021,68006,971.2820732526266
26,121,2021,57047,954.395394010844
26,125,2021,86275,1454.9199068572277
26,139,2021,77288,1308.6271455968297
26,145,2021,52749,817.6455673858857
26,161,2021,79198,1706.7885881519717
26,163,2021,52830,1093.4375103469126
27,003,2021,88680,1391.2794817794181
27,019,2021,107890,1628.24112602528
27,037,2021,93892,1420.7330813885544
27,053,2021,85438,1516.7466107044127
27,109,2021,84656,1393.4395784120395
27,123,2021,71494,1312.2209472460138
27,137,2021,61213,1255.4740979789633
27,139,2021,109031,1483.9646873803258
27,145,2021,68212,1022.5701438655605
27,163,2021,102258,1700.4067712842289
27,171,2021,94276,1461.2647400821797
28,033,2021,73460,1404.589963809765
28,047,2021,51590,1041.5104590168523
28,049,2021,46179,1049.405804275257
28,059,2021,55107,1027.6592124371398
28,071,2021,54720,1653.1485752886867
28,089,2021,74688,1476.9857037000274
28,121,2021,72326,1342.8043105926301
29,019,2021,62653,923.2179379338827
29,037,2021,76924,1346.3033685793428
29,043,2021,69212,1047.7351465874403
29,047,2021,75596,1148.3704917086477
29,077,2021,50682,990.9665616107309
29,095,2021,60800,1080.8079563073868
29,099,2021,71285,1100.4886055977975
29,101,2021,59952,798.5085470250029
29,165,2021,85031,1275.4385320080985
29,183,2021,91792,1355.642757213554
29,189,2021,72562,1118.3824580107514
29,510,2021,48751,1022.8290893631647
30,013,2021,56377,970.9863117526396
30,031,2021,76208,1881.291752257401
30,063,2021,61423,1192.8586385132837
30,111,2021,65656,1114.1788014124722
31,055,2021,70683,1083.700545330121
31,109,2021,65086,1004.2238328848612
31,111,2021,61309,725.0463828432509
31,153,2021,88408,1168.5932028869202
32,003,2021,64210,1533.6403142304398
32,019,2021,63952,1485.3159479748886
32,031,2021,74292,1681.44155567694
33,011,2021,86930,1580.4313812269684
33,015,2021,101683,1831.3667090682047
33,017,2021,76560,1484.0243740835474
34,001,2021,66473,1485.8399836926974
34,003,2021,109497,2168.606834073119
34,005,2021,95935,1701.4467984716327
34,007,2021,75485,1600.0589539176747
34,013,2021,67826,1739.7189635988627
34,015,2021,93208,1953.7448370530135
34,017,2021,79795,2199.144437903829
34,019,2021,123373,1982.3621892528954
34,021,2021,85687,1932.7904354680604
34,023,2021,96883,1935.7079100653302
34,025,2021,110356,2233.9500863694634
34,027,2021,123727,2280.5854585755255
34,029,2021,76644,2029.2527862048162
34,031,2021,78386,1758.8217856574402
34,035,2021,121695,2040.7205356662605
34,039,2021,87369,2005.2248943645927
34,041,2021,85163,1462.4335476348733
35,001,2021,56920,1154.899596527793
35,013,2021,47151,1131.2887587149855
35,043,2021,68947,1416.8184664450444
35,049,2021,64423,1583.004643467869
36,001,2021,73810,1282.2765959027372
36,005,2021,43726,2153.7825994913296
36,007,2021,53982,961.6688637292126
36,027,2021,87112,1658.0429583231141
36,029,2021,62578,1091.3700474773432
36,045,2021,58271,1047.351762171004
36,047,2021,67753,2623.224653063406
36,055,2021,66317,1152.704740029245
36,059,2021,126576,2814.269784116355
36,061,2021,93956,3149.8151826677517
36,063,2021,60834,756.8805314994657
36,067,2021,66012,1209.8680163476918
36,069,2021,70694,1263.4783976656327
36,071,2021,85640,1768.2395958552595
36,081,2021,75886,2293.7069862748917
36,083,2021,76731,1143.918042235535
36,085,2021,89427,1833.5267489097225
36,087,2021,99707,2278.568204659434
36,091,2021,90800,1359.3575755281408
36,093,2021,69891,1101.4670263805654
36,103,2021,111660,3259.4768854093877
36,109,2021,64260,1732.0159426971722
36,111,2021,71040,1736.052828232517
36,119,2021,105387,2465.279254884141
37,001,2021,55078,1095.582569249996
37,019,2021,64400,1490.3475488327874
37,021,2021,59699,1454.1308910663408
37,025,2021,75765,1443.4942919098582
37,031,2021,61805,1314.3444134137033
37,035,2021,57840,1233.1992652968313
37,049,2021,56325,1152.1864625505698
37,051,2021,50746,1086.040974251983
37,057,2021,53083,1081.834749171768
37,063,2021,67000,1396.9854533497328
37,067,2021,56830,1193.6417979479213
37,071,2021,56819,1324.6590541316948
37,081,2021,58646,1088.2726577947717
37,085,2021,59676,1422.7753616307698
37,089,2021,59928,1681.8954116551483
37,093,2021,53456,1375.9696752099492
37,097,2021,66824,1416.6831649464054
37,101,2021,66026,1486.819921858615
37,119,2021,73124,1459.4458062391916
37,125,2021,67440,1483.7406012059394
37,129,2021,62362,1361.1435988170474
37,133,2021,54732,1108.3708829900688
37,135,2021,79205,1507.3579999425046
37,147,2021,50422,1099.9558629742417
37,159,2021,53600,1043.329348527566
37,179,2021,88465,1670.904370990809
37,183,2021,88471,1442.1384189004846
38,017,2021,68718,952.7426148677208
38,035,2021,57213,908.7590975704451
38,101,2021,72227,819.4759104440676
38,105,2021,80142,861.6646978818794
39,017,2021,72281,1165.1194534959884
39,025,2021,73013,1203.309903963247
39,035,2021,55109,1048.5226468757626
39,041,2021,116284,1283.5327614729163
39,045,2021,77241,1130.540394524097
39,049,2021,65999,1185.1373205299233
39,057,2021,75901,1249.6119098979996
39,061,2021,63080,1178.7170867735874
39,085,2021,70168,1054.7595060747533
39,089,2021,72771,1264.0030601065487
39,093,2021,62390,967.997352602083
39,095,2021,53176,839.1998036580907
39,099,2021,50750,749.7977481104696
39,103,2021,82894,1412.593089449245
39,109,2021,66284,1068.423248264598
39,113,2021,56543,954.7344496493802
39,133,2021,64163,1054.1589016586913
39,151,2021,58170,838.1913725869093
39,153,2021,63111,934.5130565278413
39,155,2021,50258,801.1620615159673
39,165,2021,95709,1478.9114941481857
39,173,2021,66337,1298.2590473049092
40,017,2021,76973,1303.5472946045754
40,027,2021,67068,1134.3612423035606
40,031,2021,54483,795.7278008888347
40,109,2021,58239,1065.2234250213528
40,119,2021,43686,1043.2374341560203
40,131,2021,69322,1221.0394105748828
40,143,2021,60382,1093.6020813162024
41,003,2021,68732,1366.8041806135564
41,005,2021,88517,1647.319977601432
41,017,2021,74082,2027.9813680230807
41,029,2021,61020,1416.7004605236468
41,039,2021,59016,1430.5291291830142
41,043,2021,63313,1281.9118009130937
41,047,2021,64880,1346.8999048691333
41,051,2021,76290,1481.1883734959754
41,053,2021,70238,1397.7851613426874
41,067,2021,92025,1641.523421316485
41,071,2021,73409,1529.469502640967
42,003,2021,66659,1242.1627799868363
42,007,2021,62152,900.7159807235853
42,011,2021,69272,1119.750090927506
42,017,2021,99302,1789.368704436939
42,019,2021,77065,1360.3910481261203
42,021,2021,51018,683.3764381171237
42,027,2021,64995,1433.9077282969076
42,029,2021,109969,1717.4918998160992
42,041,2021,77001,1150.5272119698318
42,043,2021,66480,1068.2209522910728
42,045,2021,80398,1330.685085059342
42,049,2021,55949,752.5624149568717
42,055,2021,66329,893.6427789776229
42,069,2021,58366,1030.9905272012118
42,071,2021,73688,1110.2797283676175
42,075,2021,66164,994.1296251727225
42,077,2021,69440,1428.6362948394824
42,079,2021,56534,1003.9598692423255
42,089,2021,72679,1445.4478725021665
42,091,2021,99361,1633.977186378521
42,095,2021,77103,1376.7159172100028
42,101,2021,52649,1438.389585218187
42,125,2021,68787,1066.82705595018
42,129,2021,64708,792.9912064377035
42,133,2021,72543,1008.4734425553538
44,001,2021,95102,1742.6027488248455
44,003,2021,79880,1616.5984326292821
44,005,2021,90435,2058.2494123438246
44,007,2021,65797,1486.979493455159
44,009,2021,92001,1897.9108342316015
45,003,2021,57572,1086.034809137055
45,007,2021,56796,1022.9322418237492
45,013,2021,74199,1624.1236003330396
45,015,2021,70786,1525.8413184470367
45,019,2021,70807,1507.309691306578
45,035,2021,68046,1308.3534767524886
45,041,2021,51902,958.3513785671336
45,045,2021,65513,1305.4619192654739
45,051,2021,54688,1349.3815413889927
45,057,2021,67407,1425.8844323368912
45,063,2021,65623,1240.4420739673017
45,077,2021,53188,1044.4933609802947
45,079,2021,56137,1161.928892542409
45,083,2021,57627,1148.8225861579133
45,085,2021,49040,1014.8196155361608
45,091,2021,72234,1339.4141625851328
46,083,2021,87560,1112.2223727010867
46,099,2021,66502,959.1301162337876
46,103,2021,62546,1023.6383102326367
47,009,2021,64593,1222.086658698326
47,011,2021,55426,1048.758057821773
47,037,2021,66047,1551.738164816589
47,065,2021,61050,1235.8831205557228
47,093,2021,62911,1319.8068008843677
47,113,2021,51526,1010.0005370806626
47,119,2021,66353,1444.932967606748
47,125,2021,63768,1149.4488804014698
47,141,2021,49228,1241.7345243869136
47,147,2021,67597,1442.503803903445
47,149,2021,72985,1406.7177386101632
47,157,2021,55015,1144.9945044607396
47,165,2021,73517,1403.0095131283579
47,179,2021,52503,1101.9374799348777
47,187,2021,116492,1716.3928338783035
47,189,2021,82224,1503.8112511567053
48,027,2021,57932,1133.134740939737
48,029,2021,62169,1263.468216006654
48,039,2021,87958,1535.1336714281533
48,041,2021,52658,1500.2410566563688
48,061,2021,43057,1137.2163534718882
48,085,2021,104327,1552.1915243120236
48,091,2021,85912,1476.3097443159995
48,099,2021,58414,1022.8038558151898
48,113,2021,65011,1423.2197896816715
48,121,2021,96265,1491.901656824607
48,135,2021,64975,1183.2469338145934
48,139,2021,85272,1517.615976306409
48,141,2021,50919,1171.3123865342125
48,157,2021,102590,1674.8272965732265
48,167,2021,79328,1292.9117407527826
48,181,2021,62078,1231.1941059569085
48,183,2021,56566,988.3972924345989
48,187,2021,80047,1558.0776376036854
48,201,2021,65788,1388.419914914088
48,209,2021,71061,1510.9260578296837
48,215,2021,44666,967.0120381886586
48,221,2021,75851,1439.5852664718857
48,245,2021,53613,1032.1288394640185
48,251,2021,70767,1311.4117728489375
48,257,2021,75187,1639.6905289038789
48,303,2021,56529,1170.0707813391643
48,309,2021,53723,1190.3068776592456
48,329,2021,88210,1175.0323468191746
48,339,2021,88597,1485.3312320160883
48,355,2021,59477,1294.847551936469
48,367,2021,88535,1330.2035567507628
48,375,2021,45096,788.4485905433543
48,381,2021,70544,1245.448985409438
48,397,2021,111595,1737.3273201166464
48,423,2021,62518,1177.7431294102435
48,439,2021,73545,1397.669631289258
48,441,2021,57811,1122.1083974304515
48,451,2021,62052,1176.2150629729656
48,453,2021,85043,1548.9514970900925
48,479,2021,54618,1043.4932178221313
48,485,2021,53272,924.7254965567386
48,491,2021,94705,1559.2427842768948
49,011,2021,92765,1501.2203818659045
49,035,2021,82206,1372.9737123299594
49,049,2021,82893,1506.763882954977
49,053,2021,65040,1590.2603807690214
49,057,2021,74345,1212.7701533384095
50,007,2021,81957,1865.7403908702206
51,003,2021,90568,1581.8075018898135
51,013,2021,128145,2148.8056134674825
51,041,2021,88315,1451.3338053915147
51,059,2021,133974,1987.045816180792
51,085,2021,96911,1613.4285651852065
51,087,2021,76345,1402.0312059770968
51,095,2021,94907,1494.2345279111194
51,107,2021,156821,2116.174970528045
51,121,2021,60666,1394.5222856376483
51,153,2021,113831,1803.8561802925062
51,177,2021,98973,1596.5054241152877
51,179,2021,119818,1790.5914214178854
51,199,2021,96144,1505.408262562393
51,510,2021,105450,1912.9111153280949
51,540,2021,63470,1545.1536902994478
51,550,2021,85563,1603.3968066930129
51,600,2021,118492,2081.9117066412537
51,610,2021,155071,2084.180209256197
51,630,2021,72293,1601.4105573643938
51,650,2021,59380,1310.1932646805326
51,680,2021,54015,981.6097833157572
51,683,2021,101934,1755.0354815615995
51,685,2021,90544,1691.019226772243
51,700,2021,57463,1210.0123951376358
51,710,2021,56244,1241.3659816293364
51,730,2021,44890,952.7881438828331
51,740,2021,54020,1177.9998802126852
51,760,2021,54795,1231.3002163345907
51,770,2021,48476,924.235475176436
51,800,2021,81883,1412.9629928998563
51,810,2021,81810,1570.270669151789
53,005,2021,76612,1422.1075888369903
53,007,2021,64895,1515.4794269650463
53,011,2021,82719,1630.9448764982114
53,021,2021,72452,1444.109528991425
53,025,2021,63566,1226.1262435878439
53,029,2021,75628,1551.8934880020242
53,033,2021,106326,1910.5590002709423
53,035,2021,84600,1736.0110904050516
53,053,2021,82574,1632.6110480406878
53,057,2021,75308,1696.4266101188985
53,061,2021,95618,1778.4448034471131
53,063,2021,64079,1297.4270285595917
53,067,2021,81501,1702.9346382758406
53,073,2021,70011,1631.865789977376
54,003,2021,68101,1340.5054319293367
54,011,2021,43779,779.111539414106
54,033,2021,54124,800.6508003937099
54,039,2021,50574,842.5183463263735
54,061,2021,56466,1172.5217710731808
55,009,2021,68799,810.0148139642466
55,025,2021,78452,1392.398531452741
55,059,2021,70073,1190.7434738899437
55,063,2021,62817,1026.0755925356918
55,079,2021,54793,1102.4299660036706
55,101,2021,67224,998.048149041424
55,127,2021,69382,1300.4931684748344
55,131,2021,85574,1139.6454344350864
55,133,2021,94310,1248.9539888416498
55,139,2021,63938,834.2560160320262
56,001,2021,50733,981.5959789112164
56,021,2021,71550,1104.2230176746343
56,025,2021,64100,1006.2378930700228
56,037,2021,76668,925.1331632906928
01,001,2022,68315,1496.2428524413372
01,003,2022,71039,1649.5634214682952
01,031,2022,62199,1136.4902004913001
01,051,2022,73258,1154.7431083626602
01,069,2022,55064,1046.9013047082576
01,073,2022,63595,1156.7450954828455
01,081,2022,59288,1245.057709155708
01,083,2022,80146,1456.0914732898418
01,089,2022,78058,1303.27055856516
01,097,2022,55352,1059.749865638587
01,101,2022,56707,1131.644468256008
01,103,2022,61588,925.783811107471
01,113,2022,47420,1169.9336951050614
01,115,2022,73218,1435.9121678904412
01,117,2022,90618,1470.9499388560737
01,125,2022,61645,1339.7877918949487
02,020,2022,95731,1438.8424711241457
02,090,2022,81655,1573.2162847095797
04,003,2022,58421,1143.295297426625
04,005,2022,67266,1987.1487045926124
04,013,2022,80675,1751.2584482531036
04,015,2022,53592,1446.0778122647869
04,019,2022,64323,1421.8461180429174
04,021,2022,73313,1791.902489681236
04,025,2022,62430,1707.284190262726
04,027,2022,56439,1256.7860718080133
05,007,2022,85269,1348.246286653064
05,031,2022,55169,1119.182516359684
05,033,2022,56702,879.9213244878051
05,045,2022,61273,1189.9096421442184
05,051,2022,54229,1169.159036934691
05,085,2022,68078,1191.8676305376994
05,119,2022,58326,1023.4981648559865
05,125,2022,73236,1300.8924175134046
05,131,2022,54047,897.3634504136194
05,143,2022,61985,1298.1214589401816
06,001,2022,122488,2625.7229225184733
06,007,2022,66085,1465.863562343439
06,013,2022,120020,2622.6062674122245
06,017,2022,99246,2167.3910679896876
06,019,2022,67756,1804.2057400659576
06,023,2022,57881,1528.0145166938564
06,029,2022,63883,1568.2089036583075
06,031,2022,68540,1507.2623502788397
06,033,2022,56259,1422.289945424784
06,037,2022,83411,2588.6480771586453
06,039,2022,73543,1985.3391957833603
06,041,2022,142019,3381.354930212394
06,047,2022,64772,1757.0867134726184
06,053,2022,91043,2408.4053276641166
06,055,2022,105809,2760.2675113560585
06,057,2022,79395,2096.554753004891
06,059,2022,109361,2873.820753865041
06,061,2022,109375,2430.898844980435
06,065,2022,84505,2354.140974977205
06,067,2022,84010,2001.1075847423529
06,069,2022,104451,2574.648136174874
06,071,2022,77423,2240.7080156884435
06,073,2022,96974,2686.2236816543063
06,075,2022,136689,3214.8709812317443
06,077,2022,82837,2155.50260455112
06,079,2022,90158,2397.429640990507
06,081,2022,149907,3131.839965736226
06,083,2022,92332,2974.4993500710225
06,085,2022,153792,3107.876417701507
06,087,2022,104409,3116.740019023024
06,089,2022,68347,1374.5605648228718
06,095,2022,97037,2279.3861160125707
06,097,2022,99266,2445.0238341808067
06,099,2022,74872,1878.4151178802483
06,101,2022,72654,1876.8529698972688
06,107,2022,64474,1561.8611164469614
06,111,2022,102141,2676.57071869781
06,113,2022,85097,2094.7839575075163
06,115,2022,66693,1630.0895637347735
08,001,2022,86297,1832.9479233336806
08,005,2022,92292,1766.2818240124197
08,013,2022,99770,2276.65655209471
08,014,2022,117541,2029.339782588205
08,031,2022,85853,1866.651276398371
08,035,2022,139010,2091.2601435058073
08,041,2022,82748,1647.318455151248
08,059,2022,103167,1831.5236644847919
08,067,2022,81936,1777.3302453462177
08,069,2022,87199,1716.6503117336035
08,077,2022,68077,1421.4231145183687
08,097,2022,96123,12475.07703403251
08,101,2022,59436,1165.732659703693
08,119,2022,69655,1826.6109290977197
08,123,2022,89182,1566.479312503711
10,001,2022,69278,1552.2214151597284
10,003,2022,85309,1629.122424435063
10,005,2022,75406,2083.9899370407757
11,001,2022,101722,2268.897547907187
12,001,2022,57566,1522.677812553671
12,005,2022,65999,1693.0492300855133
12,009,2022,71308,1809.3889377115693
12,011,2022,70331,2280.12833624764
12,015,2022,62164,1874.6857458843226
12,017,2022,52569,1502.342572786675
12,019,2022,82242,1694.0675975970414
12,021,2022,82011,2649.2378455267262
12,031,2022,65579,1536.8283319821637
12,033,2022,61642,1479.6848881811559
12,035,2022,69251,1859.6655905977143
12,053,2022,59202,1657.9192254796753
12,055,2022,53679,1284.5055321275775
12,057,2022,70612,1918.9720399156497
12,061,2022,67543,2040.551708737218
12,069,2022,66239,1867.531369503432
12,071,2022,69368,1893.4579734655124
12,073,2022,61317,1260.5346197461893
12,081,2022,71385,2044.749489518343
12,083,2022,55265,1508.9328996345093
12,085,2022,77894,2082.1869620270945
12,086,2022,64215,2635.844131817344
12,087,2022,80111,3165.979234244824
12,089,2022,84085,1870.270594027913
12,091,2022,73988,1835.8986676876023
12,095,2022,72629,1888.3132356048766
12,097,2022,64312,1987.7307773651112
12,099,2022,76066,2423.887796404504
12,101,2022,63187,1861.5238865690992
12,103,2022,66406,1900.3374183331464
12,105,2022,60901,1749.6733448109437
12,109,2022,100020,2082.6573636225544
12,111,2022,66154,2105.259858399389
12,113,2022,84715,1840.1688040544602
12,115,2022,77213,2135.169598437655
12,117,2022,79490,1775.2755817026925
12,119,2022,70105,1475.5779412812892
12,127,2022,63075,1598.0330656766394
12,131,2022,74832,2168.9733364055487
13,013,2022,75053,1773.5024858361458
13,015,2022,74812,1633.7354008513946
13,021,2022,48897,1063.5518021633145
13,029,2022,90627,1827.1457555475665
13,031,2022,53675,1199.2973440845328
13,039,2022,68104,1449.3520242938343
13,045,2022,66895,1436.149228026705
13,051,2022,66171,1591.6845940253952
13,057,2022,100824,1947.3217861093635
13,059,2022,48692,1493.8556519190936
13,063,2022,56207,1510.2584104102543
13,067,2022,94244,1710.8877640301828
13,073,2022,92571,1591.4607696542291
13,077,2022,90031,1700.3253701435822
13,089,2022,76044,1696.1576445247565
13,095,2022,45640,771.8456342721075
13,097,2022,76930,1643.6381742341412
13,103,2022,79474,1827.4095805616098
13,113,2022,105910,1902.618250989628
13,115,2022,57868,1064.9607008567953
13,117,2022,131660,2109.851449379021
13,121,2022,86267,1829.0152900376554
13,127,2022,65970,1608.0167845934866
13,135,2022,82296,1803.9703434459068
13,139,2022,74153,1619.154776316538
13,151,2022,79663,1789.7550402070974
13,153,2022,76968,1318.7379857540257
13,157,2022,82056,1933.651496296297
13,179,2022,55149,1455.5647732950056
13,185,2022,52821,1164.043606152811
13,215,2022,54561,1123.4879278956562
13,217,2022,70732,1663.6521698598326
13,219,2022,116221,1594.8771912072161
13,223,2022,89237,1836.9540585890306
13,245,2022,50605,1189.383097252794
13,247,2022,68999,1643.9740751204245
13,255,2022,57367,1123.3935101623554
13,285,2022,53599,1118.0225110513145
13,297,2022,79425,1663.8662105361057
15,001,2022,74238,2252.2449689542277
15,003,2022,99816,2427.5891906505344
15,009,2022,95379,2985.9340792750686
16,001,2022,83881,1747.7363781548822
16,005,2022,60998,976.3447371219604
16,019,2022,73103,1301.3872794193019
16,027,2022,68473,1469.4550908583503
16,055,2022,71949,1744.484864128385
16,065,2022,53025,1191.2546769896214
16,083,2022,61183,1487.5505792226015
17,019,2022,61090,1141.815290153613
17,031,2022,78304,1776.368449681095
17,037,2022,68617,1112.1571481165472
17,043,2022,107035,1730.306650174477
17,077,2022,44847,629.1801520562535
17,089,2022,96400,1666.158167041083
17,091,2022,65489,1073.5413855201007
17,093,2022,106358,1903.6121185887905
17,097,2022,104553,1732.2322548610566
17,111,2022,100101,1730.960905017405
17,113,2022,75356,1104.4697003263195
17,119,2022,71759,920.0765517999307
17,143,2022,63409,919.0205523687656
17,161,2022,64435,893.1234277016943
17,163,2022,68915,996.4781449165338
17,167,2022,71653,924.2307458733218
17,183,2022,52787,649.4314249662792
17,197,2022,103678,1748.9050953936812
17,199,2022,60325,867.2909944346663
17,201,2022,61738,941.901031299367
18,003,2022,66222,1018.7911359078313
18,005,2022,76912,1139.2414850858552
18,011,2022,103038,1604.6791760532533
18,019,2022,69005,1139.8521434472575
18,035,2022,53377,872.6615842848884
18,039,2022,63978,936.0669423937019
18,043,2022,75686,1045.4635740206363
18,057,2022,114866,1643.5050559923948
18,059,2022,85262,1442.3844011205056
18,063,2022,95261,1536.4335334185332
18,067,2022,62014,760.4741841576468
18,081,2022,82730,1438.8103849260617
18,085,2022,70945,970.1012647432632
18,089,2022,66375,1178.4906982240816
18,091,2022,66854,928.0394109652325
18,095,2022,60060,858.3045643915261
18,097,2022,59504,1167.0110258774805
18,105,2022,60308,1625.7381139771408
18,127,2022,82915,1234.5146603222902
18,141,2022,61877,1098.5197855964968
18,157,2022,55728,1230.1869924212378
18,163,2022,58839,819.3360399384487
18,167,2022,52789,784.776931735204
18,177,2022,54854,654.022874881892
19,013,2022,62329,970.6909263713319
19,049,2022,99533,1388.2400110408933
19,061,2022,73495,835.6271551664305
19,103,2022,72977,1501.2531362676916
19,113,2022,75457,896.5806546637658
19,153,2022,78827,1114.2469434051548
19,155,2022,68718,1029.213823660673
19,163,2022,72792,944.6571066189596
19,169,2022,66197,1019.0017991978849
19,181,2022,89741,984.1193157068694
20,015,2022,77724,1074.189618071812
20,045,2022,66153,1243.3762113631908
20,061,2022,57992,921.8250253492635
20,091,2022,103644,1437.8968349139243
20,103,2022,84307,931.1684540887642
20,155,2022,57390,686.5432422397201
20,161,2022,56327,1124.1825556269641
20,173,2022,65372,1007.270426110624
20,177,2022,63463,932.132679121813
20,209,2022,57771,1028.6179213427702
21,015,2022,91697,1467.7631365970738
21,029,2022,73900,1224.5306519156882
21,037,2022,71979,1236.3316623903615
21,047,2022,48920,991.9097987625964
21,067,2022,66087,1310.5594761309972
21,073,2022,62929,826.8059477055054
21,093,2022,64136,1108.0965500887146
21,111,2022,66296,1166.6243736676158
21,113,2022,69905,1142.3178774953715
21,117,2022,76016,1232.8184724433893
21,151,2022,59797,832.7202034223264
21,227,2022,63074,1115.7755917973793
22,005,2022,93800,1604.6631139466378
22,015,2022,64598,1213.3037994446336
22,017,2022,47572,908.2191603608076
22,019,2022,64370,1002.1796069896914
22,033,2022,62083,1229.6388621716167
22,051,2022,63257,1427.150521012294
22,055,2022,66617,1259.8433989513028
22,061,2022,37001,897.3471072637104
22,063,2022,77978,1445.469337185312
22,071,2022,51116,1537.8524745844277
22,073,2022,49261,851.0429810188198
22,103,2022,76914,1505.7298653706205
22,105,2022,55274,1121.3109332936676
22,109,2022,63088,1086.2980567325978
23,001,2022,64500,1288.5858108538603
23,005,2022,87710,2049.178092945925
23,011,2022,62118,1175.9445546053792
23,019,2022,59438,1279.0114971017867
23,031,2022,79743,1732.37103140545
24,003,2022,116009,2051.9188101198456
24,005,2022,88157,1596.4243214520184
24,013,2022,111672,1524.1280727826768
24,015,2022,86869,1496.2988085668924
24,017,2022,116882,2256.6234251906144
24,021,2022,115724,1890.9956358890486
24,025,2022,106417,1583.1574827790964
24,027,2022,140971,2085.9298222795655
24,031,2022,125583,2100.1669232645622
24,033,2022,97935,1847.1280491809396
24,037,2022,113668,1585.775467264054
24,043,2022,73017,1141.1192163843236
24,045,2022,69421,1400.9523557734935
24,510,2022,58349,1540.1753364275635
25,001,2022,90447,2257.3666790362504
25,003,2022,69744,1250.277678863854
25,005,2022,80628,1641.974973904181
25,009,2022,94378,2225.1453525323673
25,013,2022,66619,1472.8093094060969
25,015,2022,84025,1967.5428645387726
25,017,2022,121304,2591.9928591558546
25,021,2022,120621,2508.1925605232973
25,023,2022,105387,2383.7805082979307
25,025,2022,87669,2895.8972890472555
25,027,2022,88524,1725.5345592329647
26,017,2022,57887,997.1642958678436
26,021,2022,60379,1219.8375716573744
26,025,2022,58191,955.5514622745524
26,045,2022,77158,1129.3549800761286
26,049,2022,58594,932.3030150520759
26,055,2022,75553,1630.2212509393094
26,065,2022,62548,1082.2208189730327
26,075,2022,62581,851.5860303962695
26,077,2022,67905,1138.9752873424031
26,081,2022,76247,1509.9147620629622
26,093,2022,96135,1781.4172700502002
26,099,2022,73876,1241.7625337029601
26,111,2022,73643,1332.8449891417515
26,115,2022,72573,1038.3714783380951
26,121,2022,61347,1033.4745974694708
26,125,2022,92620,1566.9182123886176
26,139,2022,83932,1433.4731350824602
26,145,2022,56579,896.9790122556684
26,147,2022,66887,965.8652539248058
26,161,2022,84245,1880.0212180107117
26,163,2022,57223,1203.2448188674036
27,003,2022,95782,1463.2658005255807
27,013,2022,70906,1192.420977761119
27,019,2022,116308,1738.660996147075
27,027,2022,75006,870.8388231520225
27,037,2022,101360,1496.3526054253007
27,053,2022,92595,1594.3748924252868
27,109,2022,90420,1508.3573437901985
27,123,2022,78108,1370.9580908719927
27,137,2022,66491,1350.4687260003648
27,139,2022,118268,1583.7790080727566
27,145,2022,73105,1138.1496584891784
27,163,2022,110828,1809.8467388032543
27,169,2022,66162,834.6395262874659
27,171,2022,102980,1579.456749849973
28,033,2022,79666,1548.2331468044085
28,035,2022,49340,988.4363578079334
28,047,2022,55211,1179.7665335377444
28,049,2022,48596,1121.3642223885056
28,059,2022,60045,1155.744107576382
28,071,2022,59748,1696.5218459138016
28,073,2022,67972,1265.7537585701566
28,089,2022,79105,1606.8144275853374
28,121,2022,76460,1484.957225647852
29,019,2022,66564,1046.1568986560976
29,021,2022,58303,723.5541930449428
29,031,2022,65070,769.2687261195227
29,037,2022,82473,1465.6351023022023
29,043,2022,75787,1169.3382846253733
29,047,2022,82264,1256.0064751107527
29,077,2022,54968,1100.6007292895008
29,095,2022,65169,1179.04240105055
29,097,2022,54963,1007.2568335879052
29,099,2022,77217,1212.4368679356796
29,101,2022,62503,859.3558036863384
29,165,2022,92543,1392.3526283330139
29,183,2022,99596,1510.6583475470322
29,189,2022,78067,1225.4691083544062
29,510,2022,52941,1121.5407292999805
30,013,2022,61351,1133.7823422366298
30,029,2022,68025,1924.8032864303761
30,031,2022,83434,2139.677789551406
30,063,2022,66840,1340.9342575195635
30,111,2022,72300,1254.775615503578
31,055,2022,76083,1181.9594376877506
31,109,2022,70387,1089.7593895670536
31,111,2022,63019,766.7612512097204
31,153,2022,95911,1275.6180401109361
32,003,2022,69911,1705.8571093395929
32,019,2022,70026,1571.2630176512082
32,023,2022,53602,1331.7389161858775
32,031,2022,81531,1777.3464762730334
32,510,2022,67465,1612.7176323051551
33,005,2022,76551,1531.245715629857
33,011,2022,95112,1777.7608691886928
33,013,2022,88806,1640.7574821283213
33,015,2022,110225,2054.425481823228
33,017,2022,83212,1684.2616395784705
34,001,2022,73113,1755.9029816566263
34,003,2022,118714,2386.660800675064
34,005,2022,102615,1902.9051514853907
34,007,2022,82005,1802.4011302478195
34,013,2022,73785,1925.332059207992
34,015,2022,99668,2177.735646200277
34,017,2022,86854,2521.655223376316
34,019,2022,133534,2186.4713078358277
34,021,2022,92697,2157.3844449208814
34,023,2022,105206,2219.075580494991
34,025,2022,118527,2497.278759227469
34,027,2022,130808,2516.401864758199
34,029,2022,82379,2314.5171662374196
34,031,2022,84465,1942.9082431526706
34,035,2022,131948,2261.9013545388884
34,037,2022,111094,1899.6901521170037
34,039,2022,95000,2191.4035741073017
34,041,2022,92620,1638.4752229221392
35,001,2022,62220,1313.9709680762403
35,005,2022,49673,1005.6247587962458
35,009,2022,55427,1066.2890132312548
35,013,2022,51232,1278.1755053794582
35,035,2022,50833,1290.1471737473325
35,043,2022,76424,1604.3497479730029
35,049,2022,70522,1791.0041858388802
35,061,2022,56246,1306.6767322469445
36,001,2022,78829,1366.1209089620877
36,005,2022,47036,2309.901732986224
36,007,2022,58317,1077.2298583503655
36,021,2022,81741,1881.6478999743242
36,027,2022,94578,1824.552449816335
36,029,2022,68014,1190.7923850068244
36,045,2022,62782,1096.2200212477835
36,047,2022,74692,3063.9163052746085
36,055,2022,71450,1268.7748664967794
36,059,2022,137709,3044.5628706275347
36,061,2022,99880,3792.6455578082146
36,063,2022,65882,852.3395019120991
36,065,2022,66402,1219.0585623665347
36,067,2022,71479,1341.7468701872388
36,069,2022,76603,1385.4062667156622
36,071,2022,91806,1965.7742939424272
36,075,2022,65054,1023.0791577314787
36,081,2022,82431,2542.8214026451037
36,083,2022,83734,1224.375502872215
36,085,2022,96185,1973.2411258301488
36,087,2022,106173,2495.564329025606
36,091,2022,97038,1544.1393837742569
36,093,2022,75056,1217.429828130134
36,101,2022,62506,1218.8622808586567
36,103,2022,122498,3543.082196006262
36,109,2022,69995,1959.5781385761309
36,111,2022,77197,1902.7249866799202
36,119,2022,114651,2654.902400229229
37,001,2022,60866,1255.762392826421
37,019,2022,71193,1703.8229813811688
37,021,2022,66531,1682.5089759323916
37,025,2022,83828,1618.8979164404561
37,031,2022,66965,1359.966423694177
37,035,2022,62070,1321.4228412388386
37,037,2022,84222,1583.8199633151219
37,049,2022,61676,1279.3102629085406
37,051,2022,55551,1243.9769928372707
37,057,2022,58473,1209.7461823232911
37,063,2022,74927,1576.5761476077978
37,067,2022,61229,1344.4983249506038
37,069,2022,70493,1530.4224830808198
37,071,2022,62628,1474.904315707612
37,081,2022,62880,1237.6799681234568
37,085,2022,64992,1578.7303355535903
37,089,2022,65508,1868.3087558846325
37,093,2022,57141,1471.8349883084657
37,097,2022,73103,1562.9012071968298
37,101,2022,75288,1649.574292337702
37,109,2022,75672,1494.5525590072123
37,119,2022,79265,1658.990221157849
37,125,2022,77981,1674.5748987264208
37,127,2022,56770,1078.7703447456706
37,129,2022,67515,1606.57941877966
37,133,2022,59976,1307.5227129614025
37,135,2022,85785,1711.5310001460675
37,139,2022,61411,1226.577673806649
37,141,2022,74538,1762.4282513108283
37,147,2022,54915,1243.3433999604674
37,151,2022,56423,915.4714757589234
37,159,2022,59717,1164.079334355507
37,179,2022,95533,1840.4866179652342
37,183,2022,96734,1634.9807613917717
38,015,2022,82141,1060.9936826200926
38,017,2022,73249,1009.4338310443491
38,035,2022,64698,948.0727589152274
38,093,2022,59167,1072.8239629237644
38,101,2022,78143,844.8474436095793
38,105,2022,86139,927.6359438826431
39,017,2022,77062,1299.9271630489684
39,023,2022,58954,812.1458738473422
39,025,2022,79573,1328.2002284294829
39,035,2022,60074,1142.5571080221125
39,041,2022,123995,1423.6900146115095
39,045,2022,82969,1244.313082373407
39,049,2022,71070,1294.1210888728838
39,057,2022,81243,1387.4264365383508
39,061,2022,68249,1303.5810417248902
39,063,2022,67006,1107.7368533599317
39,081,2022,53124,723.3270804945237
39,085,2022,76835,1163.9148238027094
39,089,2022,78505,1373.0274750705128
39,093,2022,67272,1067.0897093743001
39,095,2022,57265,937.5227310324168
39,099,2022,54279,825.5570390579007
39,103,2022,89968,1534.330096537353
39,109,2022,71440,1164.679074526061
39,113,2022,61942,1052.4460590551023
39,133,2022,69796,1171.2004122799435
39,139,2022,56557,743.2557571785479
39,151,2022,63130,928.7949162314814
39,153,2022,68360,1036.599557334878
39,155,2022,53537,861.9924135497557
39,159,2022,104496,1274.5855903587897
39,165,2022,103128,1634.330370524148
39,169,2022,70320,916.1937191184543
39,173,2022,70537,1432.464940102679
40,017,2022,82364,1399.7501963856757
40,027,2022,71757,1237.147042152517
40,031,2022,57150,913.7499224508468
40,047,2022,64165,960.0290171447054
40,083,2022,80565,1181.6513728975876
40,087,2022,80150,1288.2545793775919
40,101,2022,50289,876.3670594479236
40,109,2022,62505,1168.2018979300963
40,119,2022,46658,1144.7090355493717
40,123,2022,59457,849.6911836067502
40,131,2022,75312,1351.395730657915
40,143,2022,65229,1218.6849611544978
40,145,2022,75082,1425.944586044784
41,003,2022,72882,1542.2689780804023
41,005,2022,95740,1818.473497633179
41,017,2022,82042,2123.731452363991
41,019,2022,56440,1218.9514377554522
41,029,2022,67690,1503.2847560412476
41,033,2022,56068,1354.45493957684
41,039,2022,65157,1604.2086909466568
41,043,2022,69523,1461.8992851194744
41,047,2022,70926,1503.4652438733658
41,051,2022,83668,1596.18702048397
41,053,2022,77353,1547.74205149745
41,067,2022,100121,1849.8969383980614
41,071,2022,80125,1696.0537790549272
42,001,2022,78975,1128.9123700705857
42,003,2022,72537,1336.8332581886264
42,007,2022,67194,930.245744027576
42,011,2022,74617,1236.0987580841804
42,017,2022,107826,1980.83080329979
42,019,2022,82932,1474.7451387270237
42,021,2022,54221,733.2098157467245
42,027,2022,70087,1528.6161702006057
42,029,2022,118574,1910.463297926397
42,041,2022,82849,1269.4987870706593
42,043,2022,71046,1174.992846222886
42,045,2022,86390,1473.437076859629
42,049,2022,59396,837.2060393317473
42,055,2022,71808,976.3275025497292
42,069,2022,63739,1139.7586249966062
42,071,2022,81458,1219.6978667123567
42,075,2022,72532,1100.8259859986335
42,077,2022,74973,1583.2665219032208
42,079,2022,60836,1115.1206151055896
42,085,2022,57353,753.5415371959804
42,089,2022,80656,1641.6048642796143
42,091,2022,107441,1812.292361968197
42,095,2022,82201,1524.6079903336793
42,101,2022,57537,1548.8812494808546
42,107,2022,63574,924.420423899778
42,125,2022,74403,1146.8440610825694
42,129,2022,69454,851.5659107652626
42,133,2022,79183,1094.8249495557898
44,001,2022,105875,1950.2507686632825
44,003,2022,85732,1838.8660172034104
44,005,2022,96319,2308.340487742897
44,007,2022,72579,1662.2908802142504
44,009,2022,99510,2122.7171553614794
45,003,2022,63212,1221.9984620901757
45,007,2022,62347,1164.1798888252822
45,013,2022,81260,1957.5547766518057
45,015,2022,77874,1735.184230426923
45,019,2022,78795,1754.8890027341413
45,035,2022,73686,1474.8301729203615
45,041,2022,56088,1058.225264115206
45,045,2022,71328,1451.6502937547182
45,051,2022,59880,1581.8412539986668
45,057,2022,72186,1619.5827125886644
45,063,2022,71280,1368.874979603217
45,073,2022,56710,1204.56914556113
45,077,2022,57628,1177.721338191353
45,079,2022,59850,1296.3131141709264
45,083,2022,61955,1261.5527916669623
45,085,2022,53970,1129.3037564013289
45,091,2022,80158,1532.5675306758878
46,011,2022,64438,1071.9213420210965
46,083,2022,92317,1261.2515374903217
46,099,2022,73110,1085.2261783327283
46,103,2022,67823,1209.209625447036
47,009,2022,70935,1451.607679169699
47,011,2022,60692,1203.852033503941
47,021,2022,77014,1577.5702732155075
47,031,2022,57424,1314.3303929161725
47,037,2022,71863,1761.4213888063678
47,047,2022,81074,1736.114205448137
47,065,2022,69069,1399.6819589437152
47,093,2022,68580,1560.1588729708064
47,113,2022,55280,1125.0227980487323
47,119,2022,71500,1633.049414092714
47,125,2022,67890,1288.989798941988
47,141,2022,54371,1344.30950751063
47,147,2022,74440,1545.460495621168
47,149,2022,78291,1599.8182204875936
47,157,2022,59621,1249.5678608214932
47,163,2022,54357,979.6337375574496
47,165,2022,81883,1595.7347050187416
47,179,2022,58507,1293.6602505172616
47,187,2022,125943,1940.0119817208554
47,189,2022,89462,1680.8779917052634
48,021,2022,80151,1674.418361540568
48,027,2022,62858,1277.6957920842121
48,029,2022,67275,1391.2905952957706
48,039,2022,91972,1660.859219240284
48,041,2022,57562,1625.7743246838063
48,061,2022,47435,1256.7828030834896
48,071,2022,106103,1831.5431769079748
48,085,2022,113255,1789.5607695756692
48,091,2022,93744,1612.1762165330383
48,099,2022,63281,1172.5046549178367
48,113,2022,70732,1611.8487816671295
48,121,2022,104180,1695.260978068564
48,135,2022,70566,1300.2472811519617
48,139,2022,93248,1688.181329008092
48,141,2022,55417,1329.2919668368806
48,157,2022,109987,1836.0841947978952
48,167,2022,83913,1422.7190960228438
48,181,2022,66608,1357.8754128321464
48,183,2022,63811,1096.8250116185443
48,187,2022,88111,1713.8574260613996
48,199,2022,70164,1231.9905301626384
48,201,2022,70789,1505.6811930700917
48,209,2022,79990,1682.2844265508365
48,213,2022,59778,1249.0305394157956
48,215,2022,49371,1050.2240080044953
48,221,2022,80013,1587.0902020467056
48,231,2022,66885,1344.5869796282477
48,245,2022,57294,1090.7775945212907
48,251,2022,77058,1471.45405339397
48,257,2022,84075,1791.8984992943667
48,259,2022,104196,1448.2085799308156
48,303,2022,61911,1246.901495966773
48,309,2022,59781,1355.2835279031094
48,329,2022,90123,1284.5357137359563
48,339,2022,95946,1639.8428870909604
48,349,2022,56261,1316.9206762241317
48,355,2022,64027,1372.7081085979055
48,361,2022,71910,1045.1661096658397
48,367,2022,95721,1490.8071801213746
48,375,2022,47974,874.872233671137
48,381,2022,78038,1363.8121676285334
48,397,2022,121303,1928.7160709111274
48,409,2022,63842,1195.4166998052583
48,423,2022,69053,1302.6829850013416
48,439,2022,78872,1558.7084817233879
48,441,2022,61806,1216.9030351847593
48,451,2022,67215,1241.3262780203688
48,453,2022,92731,1758.8719250773208
48,469,2022,66308,1030.770745891271
48,471,2022,47193,1269.2883924004052
48,473,2022,71643,2189.3353592979497
48,479,2022,59984,1147.7454427891396
48,485,2022,58862,1034.108647256365
48,491,2022,102851,1753.528275416077
49,005,2022,72719,1354.044259025711
49,011,2022,101285,1696.8789270487407
49,021,2022,63005,1394.074047806386
49,035,2022,90011,1559.4563409659597
49,045,2022,95545,1726.8245387426202
49,049,2022,91263,1688.0199989943958
49,053,2022,71976,1752.5598533666391
49,057,2022,82291,1358.0183999458325
50,007,2022,89494,2081.6302819587304
51,003,2022,97708,1744.9944442697204
51,013,2022,137387,2361.5714906726625
51,041,2022,95757,1616.6384770164977
51,059,2022,145165,2167.270876600457
51,069,2022,92443,1788.6613800936525
51,075,2022,105600,1763.2836021561002
51,085,2022,104678,1786.1549051564605
51,087,2022,82424,1579.9298572719288
51,095,2022,100711,1669.0311643084187
51,107,2022,170463,2343.257682597758
51,121,2022,65270,1502.6118566053544
51,153,2022,123193,1979.079329533155
51,161,2022,80872,1337.9600942873353
51,165,2022,73232,1568.4723325138227
51,177,2022,105068,1755.6116151257904
51,179,2022,128036,1972.1537186179978
51,199,2022,105154,1636.0567184616655
51,510,2022,113179,2087.156144164643
51,540,2022,67177,1689.5991723628129
51,550,2022,92703,1763.6580856748315
51,600,2022,128708,2277.4890554894205
51,610,2022,164536,2294.934301199637
51,630,2022,83445,1747.7041126206248
51,650,2022,64430,1416.3927821874693
51,660,2022,56050,1201.8520976632649
51,680,2022,56243,1137.0837843839374
51,683,2022,110559,1890.2722655312148
51,685,2022,91673,1854.6421059163556
51,700,2022,63355,1345.8574896717003
51,710,2022,60998,1373.3526321395327
51,730,2022,46930,1063.768084089298
51,740,2022,57154,1301.041363538435
51,760,2022,59606,1375.6338611732924
51,770,2022,51523,1061.2312907459068
51,800,2022,87758,1572.6727802597154
51,810,2022,87544,1724.071889157539
51,840,2022,62495,1363.4359847458295
53,005,2022,83778,1552.7988648604426
53,007,2022,71876,1656.7911516730744
53,011,2022,90115,1802.7428273191779
53,015,2022,70912,1343.2491053428944
53,021,2022,77877,1617.795927248909
53,025,2022,66387,1363.9018504321825
53,027,2022,59105,1267.529923092538
53,029,2022,82850,1687.4634719505796
53,033,2022,116340,2119.5179393186922
53,035,2022,93675,1876.6817750795237
53,037,2022,66800,1383.8371331888643
53,053,2022,91486,1780.1392275107112
53,057,2022,82029,1890.5684907940501
53,061,2022,104083,1971.7062678535292
53,063,2022,70394,1424.4393046548323
53,067,2022,88895,1859.697560771929
53,071,2022,66635,1318.6244556531228
53,073,2022,77581,1814.2810882955164
53,075,2022,49345,1362.3515957911072
53,077,2022,64910,1129.1012974416387
54,003,2022,73619,1498.8431906690157
54,011,2022,48944,832.2056899522723
54,033,2022,56184,842.563360461526
54,039,2022,55226,887.5161025171634
54,061,2022,60893,1252.0837049976312
54,069,2022,55521,818.863403955635
55,009,2022,74066,910.592219539585
55,025,2022,84297,1498.1848851921332
55,035,2022,70127,1003.0471103925596
55,039,2022,70368,807.7227345378783
55,055,2022,77018,997.0322743352723
55,059,2022,76583,1300.7811672564471
55,063,2022,68731,1083.5726628935558
55,073,2022,73248,798.8602295757775
55,079,2022,59319,1187.782886613418
55,087,2022,78705,1051.2107042404307
55,089,2022,92258,1565.899084947119
55,097,2022,71301,1007.7719944609
55,101,2022,72658,1096.8587174039253
55,105,2022,70630,930.742717749925
55,109,2022,97950,1502.2609351464532
55,117,2022,68969,888.0082253597393
55,127,2022,75172,1383.5569394192696
55,131,2022,91915,1275.6534115542365
55,133,2022,101639,1340.9254824694792
55,139,2022,70041,916.841642507363
56,001,2022,55887,1034.9967568371078
56,021,2022,76282,1186.8533359948285
56,025,2022,69104,1092.8270056602285
56,037,2022,79375,1063.8822480713745
01,001,2023,69841,1564.9467745420243
01,003,2023,75019,1700.4683043086081
01,015,2023,55826,952.8937059886076
01,031,2023,64672,1201.350515375687
01,033,2023,56736,876.0597026619855
01,045,2023,53955,1097.6790188413229
01,051,2023,75553,1222.044199827351
01,069,2023,57531,1080.1562162366984
01,073,2023,64589,1212.3955001165161
01,077,2023,59082,1040.369261485981
01,081,2023,61123,1336.3361145668975
01,083,2023,83534,1529.002190280932
01,089,2023,83528,1346.2567599998856
01,097,2023,58119,1153.8441114260663
01,101,2023,58153,1178.224927253909
01,103,2023,64858,1002.021786325724
01,113,2023,50046,1184.5993625418876
01,115,2023,78993,1508.9107033351895
01,117,2023,93543,1530.870392348181
01,121,2023,56249,1032.1554053531916
01,125,2023,63947,1430.8485424554628
01,127,2023,54509,1233.3502584678952
02,020,2023,98152,1540.6993753277236
02,090,2023,84722,1650.7598142598129
02,170,2023,90625,1523.866046485039
04,003,2023,58970,1211.6433069386062
04,005,2023,69748,2062.572948302048
04,013,2023,85518,1751.7472687517964
04,015,2023,55799,1478.983776569644
04,019,2023,67929,1473.175016799829
04,021,2023,77588,1830.8650301946375
04,025,2023,66106,1745.4949331811422
04,027,2023,60417,1318.905302548643
05,007,2023,89879,1440.3812646651386
05,031,2023,57615,1183.2890880073849
05,033,2023,60362,912.6565232352937
05,045,2023,65071,1241.7784027846917
05,051,2023,55409,1257.5871955269506
05,085,2023,71449,1258.5902445719696
05,115,2023,54606,828.9559220390137
05,119,2023,60385,1061.1479833188462
05,125,2023,76534,1367.5922465044532
05,131,2023,56450,954.2523707720944
05,143,2023,66426,1400.5207008496293
06,001,2023,126240,2638.7351465564657
06,007,2023,68574,1503.684001486914
06,013,2023,125727,2650.5979410393634
06,017,2023,106190,2227.095924931751
06,019,2023,71434,1895.2581710538807
06,023,2023,61135,1585.1479131057376
06,025,2023,56393,1317.028425707528
06,029,2023,67660,1639.766845688485
06,031,2023,68750,1581.9769691330748
06,033,2023,58738,1504.2051998111056
06,037,2023,87760,2671.1758144935707
06,039,2023,75496,2071.926976882614
06,041,2023,142785,3426.644232851189
06,047,2023,65044,1804.89067886006
06,053,2023,94486,2523.817759353005
06,055,2023,108970,2829.323174174621
06,057,2023,84905,2205.8964915273064
06,059,2023,113702,2948.027406394834
06,061,2023,114678,2448.1111945885823
06,065,2023,89672,2414.0151999353443
06,067,2023,88724,2029.0269734523217
06,069,2023,108289,2585.585470142025
06,071,2023,82184,2305.7458037952115
06,073,2023,102285,2820.0360591868484
06,075,2023,141446,3216.205649760168
06,077,2023,88531,2199.138545957914
06,079,2023,93398,2557.1086366859945
06,081,2023,156000,3171.0321042894557
06,083,2023,95977,3077.650775282871
06,085,2023,159674,3167.507803448938
06,087,2023,109266,3230.042300784666
06,089,2023,71931,1432.5929191394534
06,095,2023,99994,2304.5355364746074
06,097,2023,102840,2512.217820423896
06,099,2023,79661,1942.1629226425564
06,101,2023,75450,1930.9916393777085
06,103,2023,61834,1384.9508539369654
06,107,2023,69489,1605.3378368246429
06,111,2023,107327,2751.512768516444
06,113,2023,88818,2159.1026020824715
06,115,2023,73313,1667.3158155666906
08,001,2023,91387,1889.4959089292295
08,005,2023,97215,1830.8812985973452
08,013,2023,102772,2372.9022940611494
08,014,2023,121025,2068.537600756384
08,031,2023,91681,1911.8838932164638
08,035,2023,145737,2176.1890502202064
08,037,2023,103174,3154.8962284723093
08,041,2023,87470,1690.6522607921481
08,043,2023,61027,1172.97657961265
08,045,2023,86172,2405.279550220333
08,059,2023,107800,1903.568934089717
08,067,2023,85296,1841.1275322993254
08,069,2023,91364,1812.5425158760163
08,077,2023,71485,1492.9713886094585
08,085,2023,66072,1661.697180486391
08,097,2023,100318,14155.657873430368
08,101,2023,62250,1208.2547516558957
08,119,2023,80666,1940.9480068458463
08,123,2023,93287,1642.5502443760672
10,001,2023,72872,1627.120326093046
10,003,2023,89901,1705.0873116656405
10,005,2023,78162,2125.590634328868
11,001,2023,106287,2338.169366597431
12,001,2023,59659,1589.1531669946723
12,005,2023,70188,1715.6338194770499
12,009,2023,75817,1872.5292438222612
12,011,2023,74534,2386.134752358857
12,015,2023,66154,1983.0894108491518
12,017,2023,55355,1586.632224740897
12,019,2023,86094,1748.1807459945746
12,021,2023,86173,2778.1058612096062
12,023,2023,55070,1276.2320596868392
12,031,2023,68447,1563.5455637507018
12,033,2023,65715,1508.0275125799926
12,035,2023,72923,1902.1861618718276
12,053,2023,63193,1740.2435791792734
12,055,2023,55581,1398.548532283847
12,057,2023,75011,1973.9436315627356
12,061,2023,71049,2158.039070349185
12,069,2023,69956,1937.2661015519059
12,071,2023,73099,2011.7577076753641
12,073,2023,65074,1350.9954253510941
12,081,2023,75792,2101.5153478177763
12,083,2023,58535,1546.691746069285
12,085,2023,80701,2183.204234344637
12,086,2023,68694,2736.5511894023275
12,087,2023,82430,3340.939327550575
12,089,2023,88900,1939.376663185718
12,091,2023,79097,1872.9337253514984
12,095,2023,77011,1938.760946734389
12,097,2023,68711,2047.7144296322058
12,099,2023,81115,2494.745251306764
12,101,2023,67384,1928.038999735848
12,103,2023,70293,1977.0687629965275
12,105,2023,63644,1805.172089725824
12,107,2023,47256,1253.7941685302658
12,109,2023,106169,2137.0521018242343
12,111,2023,69027,2189.895723933881
12,113,2023,88968,1894.8352373105947
12,115,2023,80633,2208.2742420297113
12,117,2023,83030,1822.1048511424299
12,119,2023,73297,1575.0260760609026
12,127,2023,66581,1668.0485586838895
12,131,2023,79281,2129.6587261489067
13,009,2023,55413,1018.0220730912358
13,013,2023,77477,1881.3478922231845
13,015,2023,79431,1720.1093542768238
13,021,2023,50747,1120.9626998466463
13,029,2023,94234,1995.623522019907
13,031,2023,56832,1341.979775631429
13,039,2023,72399,1491.8320618311839
13,045,2023,72327,1505.5497945834522
13,047,2023,72425,1216.0320242480873
13,051,2023,69575,1689.8232803454214
13,057,2023,105442,1984.4176839815834
13,059,2023,52267,1629.2376975451677
13,063,2023,58507,1576.464129717987
13,067,2023,98712,1731.0264640079931
13,073,2023,96122,1658.8491905151648
13,077,2023,94142,1741.413502342247
13,085,2023,88986,1960.0960041115188
13,089,2023,77683,1714.409493370513
13,095,2023,46784,812.2469646971163
13,097,2023,80764,1688.7951973230267
13,103,2023,85465,2012.6574125476059
13,113,2023,108986,1966.7730680778652
13,115,2023,62540,1115.0608583945716
13,117,2023,138000,2185.192204336857
13,121,2023,91490,1843.1080755614496
13,127,2023,68546,1687.2352484482117
13,135,2023,84823,1847.631963232244
13,139,2023,77430,1682.4035570003516
13,151,2023,81612,1844.4523404391132
13,153,2023,80743,1403.7840470623114
13,157,2023,85012,2034.853192202967
13,179,2023,59013,1526.475836963337
13,185,2023,55887,1202.799362621037
13,215,2023,56622,1151.590148948275
13,217,2023,73732,1729.1435959772143
13,219,2023,115925,1710.3426649643616
13,223,2023,94557,1899.4743654744252
13,245,2023,53197,1259.6949312709303
13,247,2023,72349,1712.5843376255407
13,255,2023,60217,1194.7052199770699
13,285,2023,54905,1234.4828909114005
13,295,2023,55887,1367.9941921621648
13,297,2023,82381,1780.6742911131814
15,001,2023,77215,2395.6989679565227
15,003,2023,104264,2515.750351936548
15,009,2023,95076,3178.2295991357882
16,001,2023,88907,1751.3274855117525
16,005,2023,64080,1009.1551463387101
16,019,2023,76646,1319.590033214204
16,027,2023,72355,1487.1049945557454
16,055,2023,77034,1712.8486595876932
16,065,2023,58259,1223.4549813503208
16,083,2023,65338,1546.7287379488046
17,019,2023,63091,1204.9836057857528
17,031,2023,81797,1886.5300139529072
17,037,2023,69022,1170.133685955681
17,043,2023,110502,1835.7781768792572
17,077,2023,45572,635.2718632833006
17,089,2023,100678,1787.7123770838825
17,091,2023,68325,1148.305516891722
17,093,2023,110474,2079.3816201789928
17,097,2023,108917,1844.7114605963343
17,111,2023,102836,1843.954260520886
17,113,2023,78329,1184.8270455569098
17,115,2023,62449,838.3749319726879
17,119,2023,74800,981.5844173158965
17,143,2023,64938,1012.9253815416563
17,161,2023,66768,927.418065591586
17,163,2023,70178,1060.6638457676686
17,167,2023,74114,992.5316467921062
17,179,2023,76704,972.6795451330026
17,183,2023,54537,677.1284563788352
17,197,2023,107799,1867.219098890769
17,199,2023,65521,910.3929082968097
17,201,2023,64363,1016.6088594095744
18,003,2023,68839,1062.5322720675915
18,005,2023,80365,1194.1034489460446
18,011,2023,104865,1669.4693829713913
18,019,2023,72298,1213.0311814753977
18,035,2023,56932,926.0975579004376
18,039,2023,65617,966.0400038492904
18,043,2023,78179,1112.2749414960779
18,057,2023,117957,1708.6818944649797
18,059,2023,91326,1512.2412485409716
18,063,2023,99988,1605.05747060922
18,067,2023,62496,822.1206007018804
18,081,2023,87227,1494.308185722359
18,085,2023,73922,1030.4604812074447
18,089,2023,68985,1244.7984948118954
18,091,2023,70452,1002.4272879925775
18,095,2023,62632,924.1753306811925
18,097,2023,63450,1233.1409047304594
18,105,2023,63372,1706.7147971307952
18,127,2023,85828,1307.8718304648785
18,141,2023,64885,1181.4144301779704
18,157,2023,58622,1354.05410158954
18,163,2023,60938,878.7862778754892
18,167,2023,52525,824.3812657687919
18,177,2023,56652,680.6164496747514
19,013,2023,64581,1023.2245674425099
19,049,2023,102349,1462.8848223812336
19,061,2023,75919,902.3750370374242
19,103,2023,74721,1575.8080904076512
19,113,2023,76421,951.1392995760898
19,153,2023,81621,1155.69322566404
19,155,2023,71446,1115.6091385729626
19,163,2023,76363,984.6059057938011
19,169,2023,69006,1057.0564279878884
19,181,2023,92990,1021.9736537790403
19,193,2023,70147,1056.2817173520725
20,015,2023,80375,1130.4510885025159
20,045,2023,68756,1346.4788269193707
20,061,2023,57344,958.3349846202404
20,079,2023,73269,817.9314820299446
20,091,2023,107261,1516.050268500246
20,103,2023,86906,996.2430379017538
20,111,2023,59078,633.2890119855263
20,155,2023,60498,736.8425919678593
20,161,2023,59560,1164.1946560253552
20,169,2023,63316,967.4933374774267
20,173,2023,67675,1073.5157590853269
20,177,2023,66043,996.4670310751817
20,209,2023,60582,1088.2192946601351
21,015,2023,94752,1535.1361305016596
21,029,2023,77640,1307.6095142512445
21,037,2023,77271,1329.7058383143453
21,047,2023,54190,1038.7329236968758
21,059,2023,65323,1166.1146111613868
21,067,2023,67631,1406.2739514322275
21,073,2023,66470,891.6193614006879
21,093,2023,67608,1279.8566753942655
21,111,2023,67849,1232.4994379253237
21,113,2023,74886,1238.611776533596
21,117,2023,79421,1324.396042231391
21,151,2023,62407,897.5061908100307
21,209,2023,83660,1389.0728416649831
21,227,2023,64801,1164.839628168083
22,005,2023,92266,1642.1665783432325
22,015,2023,66336,1276.6174701886919
22,017,2023,50067,943.3624185683315
22,019,2023,67849,971.9664740747606
22,033,2023,63075,1241.0839613062728
22,045,2023,57811,1091.8137009357724
22,051,2023,65246,1482.5498262804547
22,055,2023,67660,1295.3508468867974
22,061,2023,38035,941.3053780995893
22,063,2023,78617,1476.0449043300978
22,071,2023,55339,1574.2132030079313
22,073,2023,51241,876.7690149370379
22,079,2023,55946,899.9202056902235
22,103,2023,79277,1488.0439665075894
22,105,2023,57256,1134.9698798657912
22,109,2023,64819,1179.7228931728505
22,115,2023,58281,1132.7709747513513
23,001,2023,67298,1340.3164583506505
23,005,2023,92983,2148.642639938746
23,011,2023,65062,1267.8698015587631
23,019,2023,63248,1354.424882937004
23,031,2023,82904,1871.1940687083732
24,001,2023,57393,792.6587889330827
24,003,2023,120324,2134.9039592383256
24,005,2023,90904,1609.4004180397678
24,009,2023,132059,2267.9199034500803
24,013,2023,115876,1606.6125791998895
24,015,2023,91146,1593.8425761450037
24,017,2023,120592,2326.1779318537588
24,021,2023,120458,1984.3729230421188
24,025,2023,111317,1665.828197672566
24,027,2023,146982,2171.2973953492938
24,031,2023,128733,2179.9913492339647
24,033,2023,100708,1899.7567293633545
24,037,2023,114580,1657.2900578044303
24,043,2023,74157,1228.1821061340536
24,045,2023,72861,1476.7442520493923
24,510,2023,59623,1593.7565263234912
25,001,2023,94452,2419.7952881977376
25,003,2023,72565,1375.3793732051454
25,005,2023,84198,1769.097676639982
25,009,2023,99431,2365.775366265801
25,013,2023,70535,1605.2831919061475
25,015,2023,86391,2120.701533072183
25,017,2023,126779,2743.7548955552957
25,021,2023,126497,2663.535053688937
25,023,2023,109698,2500.363953706709
25,025,2023,92859,3101.9578266157096
25,027,2023,93561,1856.2819602654229
26,017,2023,60523,1015.0944721320175
26,021,2023,63152,1311.9363062209197
26,025,2023,60385,980.5929780931411
26,045,2023,78025,1163.6463383591731
26,049,2023,60673,946.8201816880146
26,055,2023,79486,1750.2831268090292
26,065,2023,64354,1136.0662391319179
26,073,2023,53759,1055.9582198326266
26,075,2023,65004,936.3450062647192
26,077,2023,70525,1175.441733134646
26,081,2023,80390,1587.0838520383586
26,093,2023,101315,1842.8895134023815
26,099,2023,76399,1281.8151696122634
26,103,2023,64675,1141.7385712386977
26,111,2023,77538,1383.6560604173044
26,115,2023,75272,1053.5923551417638
26,121,2023,63495,1072.654349242677
26,125,2023,95296,1605.1932345645482
26,139,2023,87144,1523.9308887988016
26,145,2023,58347,935.5260742062751
26,147,2023,69349,1018.1703968005562
26,161,2023,87156,1966.1434898412774
26,163,2023,59521,1246.7558245177463
27,003,2023,98764,1516.9119265212237
27,013,2023,72623,1252.2108286149248
27,019,2023,123144,1814.0564741292117
27,027,2023,77664,892.5575044249969
27,037,2023,105212,1534.7804448977906
27,053,2023,96339,1630.2765202846538
27,099,2023,71495,629.4477467420058
27,109,2023,93494,1573.2894179930424
27,111,2023,70912,830.3394515927321
27,123,2023,81004,1400.9995225575901
27,137,2023,69455,1447.3624350535474
27,139,2023,120247,1668.664459398016
27,141,2023,102965,1430.4618350747467
27,145,2023,76447,1180.3579795727628
27,163,2023,114457,1870.6018197707924
27,169,2023,70198,867.0010327445121
27,171,2023,106666,1654.0389872204903
28,033,2023,82980,1606.9193195256282
28,035,2023,52821,1026.3668742727143
28,045,2023,67728,1362.8664826265447
28,047,2023,57233,1265.7847443363414
28,049,2023,49966,1178.8409552324108
28,059,2023,64756,1228.9895747799342
28,071,2023,64334,1973.5485509391794
28,073,2023,69106,1285.4615709995585
28,081,2023,67144,1106.1162771930838
28,087,2023,54460,1234.070266178051
28,089,2023,78794,1642.3594901775953
28,105,2023,43482,1140.0368845460475
28,121,2023,77454,1552.8468772722006
29,001,2023,56583,754.0694762815199
29,019,2023,69913,1135.4700356249975
29,021,2023,59423,770.6609448314681
29,031,2023,68912,809.1993481892778
29,037,2023,87413,1543.5760166230045
29,043,2023,81245,1226.0088810719235
29,047,2023,86150,1326.928187339614
29,051,2023,73273,792.1789085890606
29,077,2023,57488,1147.8574464751682
29,095,2023,67178,1250.2268858159503
29,097,2023,57525,1055.9351531311333
29,099,2023,80522,1291.4746172802734
29,101,2023,67123,912.5793958174645
29,161,2023,55427,680.7364298790133
29,165,2023,95748,1473.406898760558
29,169,2023,66435,996.7299331095182
29,183,2023,102912,1579.891090275828
29,189,2023,81340,1305.9335880955232
29,213,2023,58258,1137.6002297011516
29,510,2023,55279,1175.3970736674578
30,013,2023,66203,1197.6527405004877
30,029,2023,71327,1924.058468235263
30,031,2023,87454,2210.3024902454204
30,049,2023,74543,1380.7980514088076
30,063,2023,71246,1387.8777036165568
30,093,2023,57504,1100.5798709216435
30,111,2023,74400,1324.589496651736
31,055,2023,79081,1266.1645968797138
31,109,2023,72625,1162.3454292446552
31,111,2023,64342,816.5780906199599
31,153,2023,101402,1375.050198987732
32,003,2023,73845,1693.5541968895766
32,005,2023,88018,2172.64506868182
32,019,2023,73460,1638.1043914988247
32,023,2023,55975,1308.3101360020596
32,031,2023,85600,1786.7998561933975
32,510,2023,71809,1664.9797427200228
33,001,2023,87983,1658.8801029154906
33,005,2023,81001,1622.0784764251628
33,009,2023,84021,1770.298181603348
33,011,2023,100436,1885.554571590249
33,013,2023,93944,1756.3476444352552
33,015,2023,113927,2167.3317226905597
33,017,2023,86564,1835.2350602430815
33,019,2023,75929,1366.2118584912162
34,001,2023,76819,1868.8390425550676
34,003,2023,123715,2537.0988323986207
34,005,2023,105271,2018.3951593075337
34,007,2023,86384,1877.0182187945027
34,011,2023,64499,1611.476734498202
34,013,2023,76712,2059.299901241537
34,015,2023,102807,2292.1981120219198
34,017,2023,90032,2700.33552999898
34,019,2023,139453,2304.6708324112205
34,021,2023,96333,2321.0193984389057
34,023,2023,109028,2344.8046984814923
34,025,2023,122727,2599.371002188745
34,027,2023,134929,2660.8389249507068
34,029,2023,86411,2456.7497193011163
34,031,2023,87137,2073.7149953888143
34,035,2023,135960,2400.9231891387226
34,037,2023,114316,2051.655440540612
34,039,2023,100117,2338.0943478067616
34,041,2023,99596,1777.7829125924961
35,001,2023,66514,1388.91396636045
35,005,2023,52029,1039.2061286585495
35,009,2023,56259,1127.7908230038
35,013,2023,55663,1370.79604535758
35,025,2023,68750,1171.0276171390371
35,035,2023,52717,1322.0354952399416
35,041,2023,52445,913.1043136054778
35,043,2023,84053,1725.4898985931152
35,045,2023,53020,1226.812580954003
35,049,2023,74689,1925.5167309342123
35,061,2023,58333,1346.231871705035
36,001,2023,83149,1435.848812743856
36,005,2023,49036,2465.4701869818714
36,007,2023,61059,1185.2340111326137
36,021,2023,83619,1987.7660635212744
36,023,2023,67527,1036.026159012357
36,027,2023,97273,1934.4085189877617
36,029,2023,71175,1259.3008190086518
36,039,2023,74011,1545.7185515915814
36,045,2023,64978,1153.2067743854432
36,047,2023,78548,3231.283864363341
36,055,2023,74409,1340.814453878206
36,059,2023,143408,3190.0621818374275
36,061,2023,104553,3930.1495071222557
36,063,2023,67809,928.5560893748366
36,065,2023,68819,1314.6546221920853
36,067,2023,74740,1412.7212936795815
36,069,2023,79814,1478.0870019386475
36,071,2023,96497,2050.3386962831673
36,075,2023,68461,1097.3277128028813
36,079,2023,127405,2411.451243639
36,081,2023,84961,2703.826728113718
36,083,2023,86663,1293.0526607359382
36,085,2023,98290,2098.453019201182
36,087,2023,110631,2700.8568405266406
36,091,2023,99653,1596.574181917853
36,093,2023,76989,1270.1894498215186
36,101,2023,64740,1242.2010900349333
36,103,2023,128329,3696.891826845749
36,105,2023,69826,1607.1039581643734
36,109,2023,73012,2068.239970129765
36,111,2023,81804,1940.4450808940448
36,119,2023,118411,2772.901362158702
37,001,2023,64445,1327.3898896425271
37,019,2023,74034,1788.0112748570093
37,021,2023,70578,1761.9823625320878
37,025,2023,86084,1687.7919542097698
37,031,2023,70235,1491.4734036039888
37,035,2023,64544,1371.1582810076018
37,037,2023,88534,1686.5429143046695
37,045,2023,55769,1075.1655118556491
37,049,2023,64635,1349.326899221189
37,051,2023,58780,1312.6262120539636
37,057,2023,62426,1293.717113107799
37,063,2023,79501,1623.1917630764638
37,065,2023,48480,912.8305460966152
37,067,2023,65541,1416.944724301383
37,069,2023,71386,1580.252628148536
37,071,2023,65472,1552.6925737430427
37,081,2023,66027,1308.9043898850998
37,085,2023,69012,1666.667854384172
37,089,2023,67623,1984.3728940271685
37,093,2023,60095,1542.6954949573194
37,097,2023,78678,1624.421001709692
37,101,2023,79838,1710.1547192339804
37,105,2023,63060,1573.0361606858608
37,109,2023,78490,1589.8408441974134
37,119,2023,83765,1717.6140485480682
37,125,2023,82837,1768.1466898955089
37,127,2023,60704,1178.7737279970627
37,129,2023,72892,1645.2084644056697
37,133,2023,64568,1369.4660385809411
37,135,2023,88553,1780.1860668847075
37,139,2023,63912,1287.123080504824
37,141,2023,76838,1873.0667094453756
37,147,2023,58851,1342.9597392531352
37,151,2023,59047,957.5017148516594
37,159,2023,63196,1253.0687977228654
37,179,2023,99243,1946.4803187427503
37,183,2023,101763,1675.693388270696
37,191,2023,58082,1211.9501874203472
37,195,2023,51381,1178.5490085105012
38,015,2023,84948,1118.0447059366327
38,017,2023,75023,1069.5646354366204
38,035,2023,68450,988.5429985979421
38,093,2023,60172,1140.4791688103467
38,101,2023,79273,905.2992592014574
38,105,2023,90224,1099.2737646638575
39,009,2023,53837,816.4881442054725
39,017,2023,81194,1372.3002138363406
39,023,2023,60846,898.7367320167523
39,025,2023,83178,1413.788243729029
39,035,2023,62823,1204.9646204124188
39,041,2023,130088,1466.1383061190866
39,045,2023,87069,1317.5268339438978
39,049,2023,73795,1360.1780051855483
39,057,2023,85218,1475.5809528274178
39,061,2023,70816,1390.8959818538017
39,063,2023,69699,1132.7792173981313
39,081,2023,56983,735.282115238785
39,085,2023,77952,1203.3155805812885
39,089,2023,81033,1471.0333495282846
39,093,2023,70693,1141.9748420728042
39,095,2023,60095,980.1827215062636
39,099,2023,55576,885.0322315735407
39,103,2023,92660,1619.5370381363707
39,109,2023,74175,1238.1601882812722
39,113,2023,64403,1117.9730167836483
39,119,2023,59203,934.6950291487636
39,129,2023,72927,1173.0913015558585
39,133,2023,72822,1252.1819988034724
39,139,2023,57649,809.9452193083381
39,151,2023,65740,994.744182087395
39,153,2023,71016,1109.2098451985223
39,155,2023,55088,913.5668871132226
39,159,2023,109506,1376.5186444388276
39,165,2023,107843,1721.8767108810143
39,169,2023,71769,992.7896764318631
39,173,2023,73124,1450.1415928287836
40,017,2023,85427,1434.111032174428
40,027,2023,74446,1280.0078083855262
40,031,2023,59000,962.6223908675223
40,047,2023,67302,983.2282493856951
40,083,2023,82735,1255.748133358802
40,087,2023,84778,1315.0794430951435
40,101,2023,51999,899.4530432342835
40,109,2023,65374,1209.365129243128
40,119,2023,48937,1215.6154314798796
40,123,2023,62564,894.5155729671009
40,125,2023,60828,921.4570887324498
40,131,2023,77688,1419.8679880745142
40,143,2023,67317,1264.8810393273347
40,145,2023,78520,1489.9724158325132
40,147,2023,61205,937.6811274765122
41,003,2023,76011,1673.135156936547
41,005,2023,100360,1869.9220007702716
41,007,2023,68705,1664.284267849193
41,009,2023,86359,1726.3382862669605
41,017,2023,87640,2154.6728022173916
41,019,2023,58983,1239.1301014520789
41,029,2023,71443,1554.165969108902
41,033,2023,59097,1381.989257160647
41,035,2023,59353,1226.2317577277151
41,039,2023,69311,1667.2812431712664
41,041,2023,61314,1709.7360838921709
41,043,2023,73396,1552.55331728841
41,047,2023,74624,1579.618472583461
41,051,2023,86247,1623.828848535318
41,053,2023,81318,1617.0559968198256
41,059,2023,68958,1360.5771957408738
41,067,2023,104434,1867.5011807197043
41,071,2023,87084,1797.0650866248036
42,001,2023,81071,1188.8307181116234
42,003,2023,76393,1391.0269127267668
42,007,2023,70156,969.8333227183697
42,011,2023,77684,1343.6727993083766
42,013,2023,60594,852.9749623361504
42,017,2023,111951,2056.8100970333903
42,019,2023,86775,1557.182429359693
42,021,2023,56292,779.3724908310841
42,025,2023,67877,1114.858824461036
42,027,2023,72748,1624.621614639633
42,029,2023,123041,1995.5963838010664
42,035,2023,58842,779.7405964371346
42,041,2023,85634,1341.3232968269178
42,043,2023,74159,1221.0159704442829
42,045,2023,88576,1535.2725696725959
42,049,2023,61476,907.1881955815129
42,051,2023,56093,819.170285265719
42,055,2023,74946,1041.7128361093899
42,069,2023,64691,1190.5912569757854
42,071,2023,83703,1305.4702020081547
42,073,2023,60779,812.9919629776957
42,075,2023,76350,1183.6876681639362
42,077,2023,77493,1634.8646258585438
42,079,2023,62321,1166.9975768094914
42,081,2023,64412,1598.1432438218549
42,085,2023,60614,781.1148905053843
42,089,2023,82374,1729.407139506918
42,091,2023,111521,1882.2624866649167
42,095,2023,86687,1607.5307350667929
42,101,2023,60698,1593.0046839388158
42,107,2023,66901,979.2088644773571
42,125,2023,77487,1194.762614527749
42,129,2023,72468,903.7228203336954
42,133,2023,82238,1155.6951203753777
44,001,2023,110926,2121.388140009678
44,003,2023,91278,1928.436144745423
44,005,2023,100859,2495.481286806919
44,007,2023,78204,1782.5793264262281
44,009,2023,102478,2301.456460866651
45,003,2023,67940,1314.6643547175488
45,007,2023,64683,1226.4650689403659
45,013,2023,84819,2054.603835801169
45,015,2023,82327,1855.9925936053212
45,019,2023,84320,1895.982347448358
45,035,2023,76896,1579.4959624128815
45,041,2023,56650,1126.2566224058435
45,045,2023,74624,1509.9494136615303
45,051,2023,64623,1636.792204084111
45,053,2023,63503,1737.4495047233656
45,057,2023,74751,1639.8654999940907
45,059,2023,55517,870.2339817427824
45,063,2023,75014,1455.1234567923702
45,073,2023,60193,1261.9218016469683
45,075,2023,43214,953.6768051255048
45,077,2023,59411,1250.2237481078148
45,079,2023,61699,1380.8321770126397
45,083,2023,64195,1330.3254060914091
45,085,2023,55990,1215.693062052671
45,091,2023,83060,1594.0974729444467
46,011,2023,67341,1115.712347667513
46,083,2023,96552,1307.3930225564825
46,099,2023,76074,1137.5054332367051
46,103,2023,70768,1220.9108854356132
47,001,2023,63171,1451.7858806397828
47,009,2023,74607,1573.2054432397208
47,011,2023,63789,1274.4933993186114
47,021,2023,82015,1620.8841174528354
47,031,2023,60656,1357.754544476312
47,037,2023,75664,1784.124017844055
47,047,2023,84764,1841.5710999070136
47,059,2023,54071,1041.752685240182
47,065,2023,72568,1459.868138064513
47,093,2023,71662,1686.9147864636143
47,105,2023,80296,1588.5730496163933
47,107,2023,59674,935.8070345878486
47,113,2023,58189,1219.1653616818187
47,119,2023,74162,1697.9020511882784
47,125,2023,72365,1319.1251830687754
47,141,2023,56537,1430.6135124048808
47,147,2023,78439,1646.9756326990066
47,149,2023,82588,1647.7191637265778
47,155,2023,63829,1602.8949265345982
47,157,2023,62337,1286.82692022264
47,163,2023,56802,1057.4932260112912
47,165,2023,86005,1646.0632392430944
47,179,2023,61051,1401.345607316525
47,187,2023,131202,1975.756327405059
47,189,2023,94048,1755.5266484771191
48,021,2023,82730,1751.1904651931725
48,027,2023,66051,1298.4157927353624
48,029,2023,70571,1404.2747227897937
48,037,2023,59295,1129.4711203691227
48,039,2023,95155,1713.869888979104
48,041,2023,58388,1732.0137597365774
48,053,2023,77158,1596.9081940535636
48,061,2023,51334,1346.0372654672924
48,071,2023,108114,1901.246897644136
48,085,2023,117588,1802.1235055171728
48,091,2023,99015,1609.6562681955693
48,099,2023,68904,1230.6734816970331
48,113,2023,74149,1636.0892995793527
48,121,2023,108185,1718.8111465443064
48,135,2023,71031,1480.9893938043115
48,139,2023,95898,1765.5107722923583
48,141,2023,58859,1415.0733326274058
48,143,2023,65351,853.7748889106185
48,157,2023,113409,1877.2732170423542
48,167,2023,85348,1487.2453670304128
48,181,2023,70455,1410.355687593874
48,183,2023,64809,1152.2519773494107
48,187,2023,93776,1754.2262116902182
48,199,2023,72532,1262.456940884179
48,201,2023,73104,1550.2005260846342
48,209,2023,85827,1688.2778860982414
48,213,2023,63955,1258.7591235417933
48,215,2023,52281,1095.9528857791622
48,221,2023,86802,1623.8735397578566
48,231,2023,70112,1395.4346811568123
48,245,2023,59934,1115.7324330111885
48,251,2023,81826,1521.9503039711092
48,257,2023,88606,1858.9850280763237
48,259,2023,110498,1454.0573411873231
48,265,2023,67927,1578.603251536139
48,299,2023,65636,1531.239731784418
48,303,2023,63367,1274.7508247012984
48,309,2023,63888,1419.8606010682608
48,321,2023,55174,932.0929324734643
48,329,2023,93984,1460.770403946722
48,339,2023,97266,1675.329609070647
48,349,2023,59310,1373.8827069028328
48,355,2023,66021,1397.0251078795254
48,361,2023,73372,1093.6809411979914
48,367,2023,102099,1550.1803466285503
48,375,2023,50448,919.8915351091308
48,381,2023,80905,1403.4065809852
48,397,2023,124917,1977.4128820261428
48,409,2023,67512,1232.586373421934
48,423,2023,71923,1344.2164195504529
48,439,2023,81905,1599.359398197805
48,441,2023,66406,1283.2632564980738
48,451,2023,66254,1272.2579858095366
48,453,2023,97169,1740.3308181991124
48,469,2023,70101,1043.8343794370817
48,471,2023,49862,1290.6057517337442
48,473,2023,76135,2219.537205526072
48,479,2023,62506,1207.922486192568
48,485,2023,62168,1090.9449939783565
48,491,2023,108309,1735.5605491234326
48,497,2023,89897,1616.7308804021259
49,005,2023,78292,1421.1839383511685
49,011,2023,108058,1747.937449831047
49,021,2023,65527,1409.5079395076039
49,035,2023,94658,1582.6390773368803
49,043,2023,137058,3341.762819700041
49,045,2023,101846,1815.3149349410023
49,049,2023,96877,1731.140619180757
49,051,2023,115146,2618.864973243171
49,053,2023,76411,1797.6351926541013
49,057,2023,87083,1408.2539898052353
50,007,2023,94310,2241.0745117199517
50,027,2023,75247,1499.6851115247596
51,003,2023,102617,1822.9442734028826
51,013,2023,140160,2450.8121743525703
51,041,2023,98910,1672.7991353575715
51,059,2023,150113,2266.5061705496896
51,069,2023,95603,1887.2441423576356
51,075,2023,118695,1784.3749949915207
51,085,2023,109504,1877.8879078615944
51,087,2023,86397,1610.0225755798556
51,095,2023,107046,1799.268633916264
51,107,2023,178707,2454.716014164462
51,121,2023,70769,1621.5967765491298
51,153,2023,128873,2053.1264111817995
51,161,2023,82931,1422.9391762111188
51,165,2023,78468,1691.686493770846
51,177,2023,109576,1791.2800312052086
51,179,2023,133792,2072.8837992157646
51,199,2023,108326,1748.6076828642442
51,510,2023,113638,2150.6651988184967
51,540,2023,69829,1812.874000655437
51,550,2023,94189,1844.7559095618865
51,600,2023,132774,2375.2512615087307
51,610,2023,154734,2411.5078843550523
51,630,2023,85368,1805.7497121372544
51,650,2023,67758,1466.2078343827845
51,660,2023,59752,1275.4027725771502
51,670,2023,48681,961.4716825215231
51,680,2023,59808,1202.000007235571
51,683,2023,117919,1935.135223011597
51,685,2023,100668,1955.1781930830023
51,700,2023,66718,1392.3920824139661
51,710,2023,64017,1447.0245189726445
51,730,2023,50741,1127.95146851379
51,740,2023,58972,1404.209900613236
51,760,2023,62671,1431.47403905568
51,770,2023,52671,1129.1420504598393
51,775,2023,66716,1335.3505134743507
51,790,2023,62586,1266.2755137631686
51,800,2023,90089,1630.08036857957
51,810,2023,90685,1802.5659723982733
51,830,2023,70206,1936.5491292349445
51,840,2023,64648,1428.189703655233
53,005,2023,87316,1643.05459737171
53,007,2023,78306,1682.386492349238
53,009,2023,67999,1583.4711633057157
53,011,2023,94948,1847.615899397815
53,015,2023,72932,1390.3543311314315
53,021,2023,82755,1735.717100270471
53,025,2023,71115,1479.7156870442468
53,027,2023,63539,1332.1899537081365
53,029,2023,88358,1808.8046085339781
53,033,2023,122148,2147.228957013202
53,035,2023,98546,1864.0694390472647
53,037,2023,69928,1409.1913566418316
53,041,2023,69690,1457.5713253531299
53,053,2023,96632,1811.084835084951
53,057,2023,85474,1954.874875521662
53,061,2023,107982,2038.8257817463546
53,063,2023,73513,1440.7050385337673
53,067,2023,93985,1902.9958307280585
53,071,2023,72212,1396.7892198792754
53,073,2023,80989,1917.2812809034115
53,075,2023,52893,1421.1019128827375
53,077,2023,68015,1186.0117018418582
54,003,2023,77329,1564.7606987493245
54,011,2023,52828,869.931721913502
54,033,2023,58326,900.3395597042868
54,037,2023,95523,1712.8632083971406
54,039,2023,58887,934.9546400665209
54,049,2023,67537,876.5668627835261
54,055,2023,47799,699.1908703372229
54,061,2023,62704,1303.115694941773
54,069,2023,57867,863.0087076151985
54,107,2023,56193,832.9296191741003
55,009,2023,77490,970.7727651602645
55,025,2023,88108,1645.9493897626096
55,031,2023,72579,1041.659254608902
55,033,2023,71785,972.6455431630869
55,035,2023,71834,1078.1847160183388
55,039,2023,73154,879.2076379152422
55,055,2023,80604,1088.4967157094745
55,059,2023,79412,1406.9062484609603
55,063,2023,70704,1180.628746479864
55,073,2023,76185,834.0050229667539
55,079,2023,62118,1258.9349634385385
55,081,2023,68213,1082.1486607531792
55,087,2023,82857,1119.774202598541
55,089,2023,96734,1630.304521454282
55,097,2023,73284,1061.669144347074
55,101,2023,75331,1174.276418176351
55,105,2023,74390,991.360964396928
55,109,2023,102482,1583.2665334641852
55,117,2023,71898,956.7943778096859
55,127,2023,77359,1509.8834336969014
55,131,2023,95851,1360.3262970534165
55,133,2023,104100,1432.0257426190676
55,139,2023,72873,987.429675593674
56,001,2023,59881,1124.6513354255455
56,005,2023,95253,1277.159507322132
56,021,2023,77884,1238.4972057036755
56,025,2023,71247,1160.44620296601
56,037,2023,76464,1132.3787475114505
