NAME,B19013_001E,state,county,year
"Fayette County, Illinois",46650,17,051,2019
"Logan County, Illinois",57308,17,107,2019
"Saline County, Illinois",44090,17,165,2019
"Lake County, Illinois",89427,17,097,2019
"Massac County, Illinois",47481,17,127,2019
"Cass County, Illinois",52373,17,017,2019
"Huntington County, Indiana",53632,18,069,2019
"White County, Indiana",54576,18,181,2019
"Jay County, Indiana",47658,18,075,2019
"Shelby County, Indiana",60404,18,145,2019
"Sullivan County, Indiana",50245,18,153,2019
"Tippecanoe County, Indiana",53130,18,157,2019
"Hamilton County, Indiana",98173,18,057,2019
"Bartholomew County, Indiana",63431,18,005,2019
"Fulton County, Indiana",52034,18,049,2019
"Noble County, Indiana",56789,18,113,2019
"Clark County, Indiana",55630,18,019,2019
"Hendricks County, Indiana",81933,18,063,2019
"Grant County, Indiana",44356,18,053,2019
"Jackson County, Indiana",51250,18,071,2019
"Owen County, Indiana",49543,18,119,2019
"Whitley County, Indiana",61741,18,183,2019
"Clinton County, Indiana",54286,18,023,2019
"Union County, Indiana",50375,18,161,2019
"Dearborn County, Indiana",68658,18,029,2019
"Lawrence County, Indiana",53610,18,093,2019
"Perry County, Indiana",52348,18,123,2019
"Posey County, Indiana",64196,18,129,2019
"Carroll County, Indiana",54806,18,015,2019
"Fountain County, Indiana",52874,18,045,2019
"Starke County, Indiana",51190,18,149,2019
"Greene County, Indiana",51613,18,055,2019
"Benton County, Iowa",67729,19,011,2019
"Dubuque County, Iowa",63031,19,061,2019
"Pocahontas County, Iowa",52448,19,151,2019
"Van Buren County, Iowa",48591,19,177,2019
"Adams County, Iowa",49255,19,003,2019
"Audubon County, Iowa",52055,19,009,2019
"Davis County, Iowa",63404,19,051,2019
"Ida County, Iowa",58427,19,093,2019
"Monroe County, Iowa",58269,19,135,2019
"Sioux County, Iowa",69844,19,167,2019
"Calhoun County, Iowa",52323,19,025,2019
"Cerro Gordo County, Iowa",53963,19,033,2019
"Hardin County, Iowa",54196,19,083,2019
"Lucas County, Iowa",55205,19,117,2019
"Palo Alto County, Iowa",52932,19,147,2019
"Henry County, Iowa",53501,19,087,2019
"Jasper County, Iowa",58952,19,099,2019
"Poweshiek County, Iowa",53852,19,157,2019
"Clayton County, Iowa",53152,19,043,2019
"Bremer County, Iowa",70395,19,017,2019
"Emmet County, Iowa",51563,19,063,2019
"Hancock County, Iowa",61761,19,081,2019
"Jackson County, Iowa",55967,19,097,2019
"Lee County, Iowa",49564,19,111,2019
"Warren County, Iowa",77048,19,181,2019
"Mahaska County, Iowa",54825,19,123,2019
"Clay County, Iowa",50521,19,041,2019
"Delaware County, Iowa",63750,19,055,2019
"Bacon County, Georgia",37519,13,005,2019
"Brantley County, Georgia",38857,13,025,2019
"Ben Hill County, Georgia",32229,13,017,2019
"Burke County, Georgia",44151,13,033,2019
"Catoosa County, Georgia",56235,13,047,2019
"Chattahoochee County, Georgia",47096,13,053,2019
"Chattooga County, Georgia",36807,13,055,2019
"Columbia County, Georgia",82339,13,073,2019
"Decatur County, Georgia",41481,13,087,2019
"Floyd County, Georgia",48336,13,115,2019
"Forsyth County, Georgia",107218,13,117,2019
"Habersham County, Georgia",50563,13,137,2019
"Hart County, Georgia",43204,13,147,2019
"Lowndes County, Georgia",42441,13,185,2019
"McIntosh County, Georgia",49504,13,191,2019
"Meriwether County, Georgia",37121,13,199,2019
"Monroe County, Georgia",54754,13,207,2019
"Putnam County, Georgia",51606,13,237,2019
"Sumter County, Georgia",36681,13,261,2019
"Taliaferro County, Georgia",37446,13,265,2019
"Warren County, Georgia",37203,13,301,2019
"Wayne County, Iowa",44768,19,185,2019
"Scott County, Iowa",61183,19,163,2019
"Sherman County, Kansas",54754,20,181,2019
"Thomas County, Kansas",60124,20,193,2019
"Morris County, Kansas",55658,20,127,2019
"Rooks County, Kansas",49415,20,163,2019
"Clark County, Kansas",53348,20,025,2019
"Harper County, Kansas",49865,20,077,2019
"Lyon County, Kansas",46338,20,111,2019
"Pawnee County, Kansas",49917,20,145,2019
"Comanche County, Kansas",54821,20,033,2019
"Gove County, Kansas",48317,20,063,2019
"Harvey County, Kansas",57982,20,079,2019
"Kearny County, Kansas",52599,20,093,2019
"McPherson County, Kansas",59089,20,113,2019
"Desha County, Arkansas",31893,05,041,2019
"Fulton County, Arkansas",35405,05,049,2019
"Howard County, Arkansas",36059,05,061,2019
"Garland County, Arkansas",44777,05,051,2019
"Mississippi County, Arkansas",39962,05,093,2019
"Pope County, Arkansas",43462,05,115,2019
"Prairie County, Arkansas",42660,05,117,2019
"Union County, Arkansas",44663,05,139,2019
"Woodruff County, Arkansas",32845,05,147,2019
"Cleburne County, Arkansas",44483,05,023,2019
"Cleveland County, Arkansas",46684,05,025,2019
"Jackson County, Arkansas",34109,05,067,2019
"Hempstead County, Arkansas",42860,05,057,2019
"Sharp County, Arkansas",34671,05,135,2019
"Stone County, Arkansas",38188,05,137,2019
"Washington County, Arkansas",50451,05,143,2019
"Baxter County, Arkansas",42260,05,005,2019
"Ashley County, Arkansas",44744,05,003,2019
"Craighead County, Arkansas",47286,05,031,2019
"Greene County, Arkansas",47056,05,055,2019
"Perry County, Arkansas",48667,05,105,2019
"Poinsett County, Arkansas",40921,05,111,2019
"Sevier County, Arkansas",47704,05,133,2019
"Calhoun County, Arkansas",46417,05,013,2019
"Clark County, Arkansas",41620,05,019,2019
"Lawrence County, Arkansas",39993,05,075,2019
"Monroe County, Arkansas",38468,05,095,2019
"Conway County, Arkansas",42802,05,029,2019
"Newton County, Arkansas",38082,05,101,2019
"Arkansas County, Arkansas",46696,05,001,2019
"Lonoke County, Arkansas",59094,05,085,2019
"Carroll County, Arkansas",46110,05,015,2019
"St. Francis County, Arkansas",35348,05,123,2019
"Pulaski County, Arkansas",51749,05,119,2019
"Merced County, California",53672,06,047,2019
"Mariposa County, California",48820,06,043,2019
"Modoc County, California",45507,06,049,2019
"Contra Costa County, California",99716,06,013,2019
"Inyo County, California",57316,06,027,2019
"Stanislaus County, California",60704,06,099,2019
"Santa Barbara County, California",74624,06,083,2019
"Tehama County, California",44514,06,103,2019
"Mono County, California",62260,06,051,2019
"San Benito County, California",86958,06,069,2019
"Bryan County, Georgia",72624,13,029,2019
"Butts County, Georgia",43471,13,035,2019
"Camden County, Georgia",56951,13,039,2019
"Crawford County, Georgia",46283,13,079,2019
"Early County, Georgia",30640,13,099,2019
"Coffee County, Georgia",40859,13,069,2019
"Coweta County, Georgia",75913,13,077,2019
"Gilmer County, Georgia",52625,13,123,2019
"Walton County, Georgia",61599,13,297,2019
"Wilkes County, Georgia",37838,13,317,2019
"Dodge County, Georgia",39302,13,091,2019
"Gordon County, Georgia",45865,13,129,2019
"Cherokee County, Georgia",82740,13,057,2019
"Fayette County, Georgia",90145,13,113,2019
"Lee County, Georgia",69280,13,177,2019
"Pickens County, Georgia",67631,13,227,2019
"Greene County, Georgia",52129,13,133,2019
"Cook County, Georgia",41854,13,075,2019
"Dawson County, Georgia",66281,13,085,2019
"Fulton County, Georgia",69673,13,121,2019
"Hawaii County, Hawaii",62409,15,001,2019
"Honolulu County, Hawaii",85857,15,003,2019
"Kauai County, Hawaii",83554,15,007,2019
"Kalawao County, Hawaii",69375,15,005,2019
"Cassia County, Idaho",52935,16,031,2019
"Lincoln County, Idaho",50053,16,063,2019
"Valley County, Idaho",64475,16,085,2019
"Franklin County, Idaho",57215,16,041,2019
"Nez Perce County, Idaho",58107,16,069,2019
"Kootenai County, Idaho",57242,16,055,2019
"Minidoka County, Idaho",53370,16,067,2019
"Twin Falls County, Idaho",52919,16,083,2019
"Blaine County, Idaho",56694,16,013,2019
"Boise County, Idaho",59646,16,015,2019
"Butte County, Idaho",42132,16,023,2019
"Gooding County, Idaho",47204,16,047,2019
"Ada County, Idaho",66293,16,001,2019
"Bear Lake County, Idaho",54167,16,007,2019
"Bingham County, Idaho",55472,16,011,2019
"Camas County, Idaho",39688,16,025,2019
"Clearwater County, Idaho",43915,16,035,2019
"Jefferson County, Idaho",63048,16,051,2019
"Lane County, Oregon",52426,41,039,2019
"Surry County, Virginia",57962,51,181,2019
"Clarke County, Virginia",80026,51,043,2019
"Mecklenburg County, Virginia",43207,51,117,2019
"Augusta County, Virginia",62711,51,015,2019
"Goochland County, Virginia",93994,51,075,2019
"Madison County, Virginia",57895,51,113,2019
"Roanoke County, Virginia",68948,51,161,2019
"Brunswick County, Virginia",44434,51,025,2019
"Northampton County, Virginia",47227,51,131,2019
"Rockbridge County, Virginia",54600,51,163,2019
"Norton city, Virginia",29000,51,720,2019
"Colonial Heights city, Virginia",54550,51,570,2019
"Bland County, Virginia",48531,51,021,2019
"Botetourt County, Virginia",71110,51,023,2019
"Bristol city, Virginia",37500,51,520,2019
"Williamsburg city, Virginia",57463,51,830,2019
"Carroll County, Virginia",44835,51,035,2019
"Sacramento County, California",67151,06,067,2019
"El Dorado County, California",83377,06,017,2019
"Monterey County, California",71015,06,053,2019
"San Francisco County, California",112449,06,075,2019
"San Diego County, California",78980,06,073,2019
"Tulare County, California",49687,06,107,2019
"Humboldt County, California",48041,06,023,2019
"Alpine County, California",63750,06,003,2019
"Madera County, California",57585,06,039,2019
"Santa Cruz County, California",82234,06,087,2019
"Trinity County, California",40846,06,105,2019
"Riverside County, California",67005,06,065,2019
"San Bernardino County, California",63362,06,071,2019
"Marin County, California",115246,06,041,2019
"Placer County, California",89691,06,061,2019
"Shasta County, California",54667,06,089,2019
"Solano County, California",81472,06,095,2019
"Colusa County, California",59401,06,011,2019
"Copiah County, Mississippi",42151,28,029,2019
"Hinds County, Mississippi",44625,28,049,2019
"Union County, Mississippi",45754,28,145,2019
"Tippah County, Mississippi",39246,28,139,2019
"Forrest County, Mississippi",39840,28,035,2019
"Lafayette County, Mississippi",50272,28,071,2019
"Lowndes County, Mississippi",50441,28,087,2019
"Wilkinson County, Mississippi",27313,28,157,2019
"Jefferson Davis County, Mississippi",32116,28,065,2019
"Scott County, Mississippi",34943,28,123,2019
"Yazoo County, Mississippi",33279,28,163,2019
"Bolivar County, Mississippi",29854,28,011,2019
"Pike County, Mississippi",31784,28,113,2019
"Stone County, Mississippi",45483,28,131,2019
"Kemper County, Mississippi",31103,28,069,2019
"Sunflower County, Mississippi",30838,28,133,2019
"Adams County, Mississippi",29936,28,001,2019
"DeSoto County, Mississippi",67038,28,033,2019
"Delaware County, Pennsylvania",74477,42,045,2019
"Somerset County, Pennsylvania",49089,42,111,2019
"Madison County, Missouri",43636,29,123,2019
"Vernon County, Missouri",43276,29,217,2019
"Nodaway County, Missouri",44232,29,147,2019
"Chariton County, Missouri",46738,29,041,2019
"Wayne County, Missouri",34316,29,223,2019
"Scott County, Missouri",44139,29,201,2019
"Barton County, Missouri",44125,29,011,2019
"Cedar County, Missouri",39365,29,039,2019
"Gasconade County, Missouri",54885,29,073,2019
"Macon County, Missouri",42746,29,121,2019
"Oregon County, Missouri",33601,29,149,2019
"Ste. Genevieve County, Missouri",60129,29,186,2019
"Douglas County, Missouri",37425,29,067,2019
"Henry County, Missouri",45795,29,083,2019
"Lawrence County, Missouri",44742,29,109,2019
"Pulaski County, Missouri",53492,29,169,2019
"Texas County, Missouri",35067,29,215,2019
"Callaway County, Missouri",56938,29,027,2019
"Cooper County, Missouri",52735,29,053,2019
"Gentry County, Missouri",47790,29,075,2019
"Washington County, Virginia",48495,51,191,2019
"Page County, Virginia",51792,51,139,2019
"Alexandria city, Virginia",100939,51,510,2019
"Hampton city, Virginia",56287,51,650,2019
"Arlington County, Virginia",120071,51,013,2019
"Buchanan County, Virginia",31956,51,027,2019
"Stafford County, Virginia",111108,51,179,2019
"Richmond city, Virginia",47250,51,760,2019
"Essex County, Virginia",51954,51,057,2019
"Tazewell County, Virginia",42099,51,185,2019
"Manassas Park city, Virginia",88046,51,685,2019
"Sussex County, Virginia",49487,51,183,2019
"Manassas city, Virginia",81493,51,683,2019
"Salem city, Virginia",57165,51,775,2019
"Charlotte County, Virginia",40573,51,037,2019
"Greensville County, Virginia",50300,51,081,2019
"Thurston County, Washington",72003,53,067,2019
"Columbia County, Washington",53423,53,013,2019
"Guayanilla Municipio, Puerto Rico",17379,72,059,2019
"Sabana Grande Municipio, Puerto Rico",17319,72,121,2019
"Hormigueros Municipio, Puerto Rico",19030,72,067,2019
"Utuado Municipio, Puerto Rico",15399,72,141,2019
"Florida Municipio, Puerto Rico",20442,72,054,2019
"Moca Municipio, Puerto Rico",15037,72,099,2019
"Salinas Municipio, Puerto Rico",18189,72,123,2019
"Mississippi County, Missouri",35357,29,133,2019
"Ozark County, Missouri",31947,29,153,2019
"Bollinger County, Missouri",44158,29,017,2019
"Sumner County, Tennessee",67204,47,165,2019
"Trousdale County, Tennessee",56321,47,169,2019
"Clay County, Tennessee",32167,47,027,2019
"Moultrie County, Illinois",61456,17,139,2019
"Pike County, Illinois",47492,17,149,2019
"Pope County, Illinois",38056,17,151,2019
"St. Clair County, Illinois",55179,17,163,2019
"Shelby County, Illinois",52953,17,173,2019
"Champaign County, Illinois",52797,17,019,2019
"Calhoun County, Illinois",63009,17,013,2019
"Ford County, Illinois",52092,17,053,2019
"Kane County, Illinois",79394,17,089,2019
"Kendall County, Illinois",96563,17,093,2019
"Brown County, Illinois",61655,17,009,2019
"Marion County, Illinois",47519,17,121,2019
"Mason County, Illinois",48417,17,125,2019
"Iroquois County, Illinois",52700,17,075,2019
"Clay County, Illinois",48500,17,025,2019
"Gallatin County, Illinois",44076,17,059,2019
"Monroe County, Illinois",85747,17,133,2019
"Union County, Illinois",50625,17,181,2019
"Winnebago County, Illinois",54489,17,201,2019
"Pulaski County, Illinois",34640,17,153,2019
"Schuyler County, Illinois",52357,17,169,2019
"Edgar County, Illinois",53647,17,045,2019
"Boone County, Illinois",69272,17,007,2019
"Bureau County, Illinois",57436,17,011,2019
"Coles County, Illinois",46202,17,029,2019
"Crawford County, Illinois",49779,17,033,2019
"Putnam County, Illinois",63638,17,155,2019
"De Witt County, Illinois",55587,17,039,2019
"Lee County, Illinois",58194,17,103,2019
"Macoupin County, Illinois",55159,17,117,2019
"Richland County, Illinois",48894,17,159,2019
"Washington County, Illinois",61763,17,189,2019
"Washington County, Oregon",82215,41,067,2019
"Clatsop County, Oregon",54886,41,007,2019
"Cameron County, Pennsylvania",41165,42,023,2019
"Bucks County, Pennsylvania",89139,42,017,2019
"Lehigh County, Pennsylvania",63897,42,077,2019
"Clarion County, Pennsylvania",46680,42,031,2019
"Greene County, Pennsylvania",54776,42,059,2019
"Luzerne County, Pennsylvania",53473,42,079,2019
"Columbia County, Pennsylvania",50550,42,037,2019
"Jefferson County, Pennsylvania",47603,42,065,2019
"Perry County, Pennsylvania",63718,42,099,2019
"Sullivan County, Pennsylvania",47407,42,113,2019
"Kent County, Rhode Island",73521,44,003,2019
"Washington County, Rhode Island",85531,44,009,2019
"Newberry County, South Carolina",44226,45,071,2019
"Clarendon County, South Carolina",40900,45,027,2019
"Sumter County, South Carolina",45661,45,085,2019
"Barnwell County, South Carolina",35803,45,011,2019
"Darlington County, South Carolina",38448,45,031,2019
"York County, South Carolina",65361,45,091,2019
"Cherokee County, South Carolina",36883,45,021,2019
"Jasper County, South Carolina",45601,45,053,2019
"Lee County, South Carolina",32371,45,061,2019
"Abbeville County, South Carolina",38741,45,001,2019
"Lyman County, South Dakota",53862,46,085,2019
"Deuel County, South Dakota",65437,46,039,2019
"Glenn County, California",49633,06,021,2019
"Butte County, California",52537,06,007,2019
"Kings County, California",57848,06,031,2019
"Plumas County, California",55359,06,063,2019
"San Luis Obispo County, California",73518,06,079,2019
"Fresno County, California",53969,06,019,2019
"Kern County, California",53350,06,029,2019
"Orange County, California",90234,06,059,2019
"Ventura County, California",88131,06,111,2019
"Calaveras County, California",63158,06,009,2019
"Sutter County, California",59050,06,101,2019
"San Mateo County, California",122641,06,081,2019
"Tuolumne County, California",60108,06,109,2019
"San Joaquin County, California",64432,06,077,2019
"Amador County, California",62772,06,005,2019
"Phillips County, Colorado",51155,08,095,2019
"Archuleta County, Colorado",52221,08,007,2019
"Denver County, Colorado",68592,08,031,2019
"Kiowa County, Colorado",41731,08,061,2019
"Huerfano County, Colorado",38137,08,055,2019
"Baca County, Colorado",35878,08,009,2019
"Gilpin County, Colorado",76429,08,047,2019
"Kit Carson County, Colorado",49349,08,063,2019
"Gunnison County, Colorado",56577,08,051,2019
"Mineral County, Colorado",62188,08,079,2019
"Ouray County, Colorado",66417,08,091,2019
"Sedgwick County, Colorado",43150,08,115,2019
"Weld County, Colorado",74150,08,123,2019
"Custer County, Colorado",53119,08,027,2019
"Costilla County, Colorado",30965,08,023,2019
"Douglas County, Colorado",119730,08,035,2019
"Lake County, Colorado",50565,08,065,2019
"La Plata County, Colorado",68685,08,067,2019
"Pitkin County, Colorado",78935,08,097,2019
"Rio Grande County, Colorado",39123,08,105,2019
"Bent County, Colorado",30900,08,011,2019
"Crowley County, Colorado",42135,08,025,2019
"San Juan County, Colorado",54625,08,111,2019
"Larimer County, Colorado",71881,08,069,2019
"Logan County, Colorado",53318,08,075,2019
"San Miguel County, Colorado",67038,08,113,2019
"Teller County, Colorado",66592,08,119,2019
"Elbert County, Colorado",99199,08,039,2019
"Las Animas County, Colorado",41817,08,071,2019
"Lincoln County, Colorado",47258,08,073,2019
"Summit County, Colorado",79277,08,117,2019
"Alamosa County, Colorado",37515,08,003,2019
"Delta County, Colorado",45269,08,029,2019
"Fremont County, Colorado",49409,08,043,2019
"Montrose County, Colorado",50489,08,085,2019
"Morgan County, Colorado",53682,08,087,2019
"Saguache County, Colorado",38571,08,109,2019
"Prowers County, Colorado",41929,08,099,2019
"Washington County, Colorado",50094,08,121,2019
"Grand County, Colorado",71198,08,049,2019
"Otero County, Colorado",38169,08,089,2019
"Broomfield County, Colorado",96416,08,014,2019
"Sussex County, Delaware",63162,10,005,2019
"District of Columbia, District of Columbia",86420,11,001,2019
"New Haven County, Connecticut",69905,09,009,2019
"Hartford County, Connecticut",75148,09,003,2019
"Shelby County, Tennessee",51657,47,157,2019
"Henderson County, Tennessee",43305,47,077,2019
"Jefferson County, Tennessee",49139,47,089,2019
"Sequatchie County, Tennessee",49370,47,153,2019
"Carroll County, Tennessee",42637,47,017,2019
"Davidson County, Tennessee",60388,47,037,2019
"Perry County, Tennessee",41034,47,135,2019
"Meigs County, Tennessee",49167,47,121,2019
"Haywood County, Tennessee",37905,47,075,2019
"Montgomery County, Tennessee",57541,47,125,2019
"Grundy County, Tennessee",40516,47,061,2019
"Cocke County, Tennessee",36716,47,029,2019
"DeKalb County, Tennessee",45511,47,041,2019
"Lewis County, Tennessee",37277,47,101,2019
"Obion County, Tennessee",39615,47,131,2019
"Tipton County, Tennessee",61291,47,167,2019
"Dyer County, Tennessee",44185,47,045,2019
"Hamilton County, Tennessee",55070,47,065,2019
"Polk County, Tennessee",43306,47,139,2019
"White County, Tennessee",41998,47,185,2019
"Sullivan County, Tennessee",46684,47,163,2019
"Schoharie County, New York",57714,36,095,2019
"Fulton County, New York",50482,36,035,2019
"Rensselaer County, New York",68991,36,083,2019
"Franklin County, New York",50407,36,033,2019
"Queens County, New York",68666,36,081,2019
"Washington County, New York",57258,36,115,2019
"New York County, New York",86553,36,061,2019
"Cayuga County, New York",58377,36,011,2019
"Rockland County, New York",93024,36,087,2019
"Niagara County, New York",55522,36,063,2019
"Essex County, New York",56763,36,031,2019
"Nassau County, New York",116100,36,059,2019
"Schuyler County, New York",52327,36,097,2019
"Chenango County, New York",52002,36,017,2019
"Jefferson County, New York",52685,36,045,2019
"Suffolk County, New York",101031,36,103,2019
"Wyoming County, New York",58052,36,121,2019
"Oswego County, New York",55967,36,075,2019
"Wayne County, New York",59449,36,117,2019
"Broome County, New York",52226,36,007,2019
"Hinsdale County, Colorado",56339,08,053,2019
"Erie County, New York",58121,36,029,2019
"Sullivan County, New York",57426,36,105,2019
"Orange County, New York",79944,36,071,2019
"Haywood County, North Carolina",51659,37,087,2019
"Forsyth County, North Carolina",51569,37,067,2019
"Lake County, Indiana",56128,18,089,2019
"Montgomery County, Indiana",55522,18,107,2019
"Adams County, Indiana",52504,18,001,2019
"Fayette County, Indiana",46175,18,041,2019
"Clay County, Indiana",55637,18,021,2019
"Dubois County, Indiana",60666,18,037,2019
"Franklin County, Indiana",62462,18,047,2019
"Hancock County, Indiana",74072,18,059,2019
"Howard County, Indiana",52373,18,067,2019
"Ohio County, Indiana",60128,18,115,2019
"Parke County, Indiana",52618,18,121,2019
"Randolph County, Indiana",48036,18,135,2019
"Benton County, Indiana",49488,18,007,2019
"Brown County, Indiana",61030,18,013,2019
"Putnam County, Indiana",61047,18,133,2019
"Washington County, Indiana",47983,18,175,2019
"Daviess County, Indiana",53629,18,027,2019
"Henry County, Indiana",49832,18,065,2019
"Knox County, Indiana",47380,18,083,2019
"Madison County, Indiana",49522,18,095,2019
"Pike County, Indiana",50194,18,125,2019
"Pulaski County, Indiana",49580,18,131,2019
"Steuben County, Indiana",58279,18,151,2019
"Laramie County, Wyoming",66910,56,021,2019
"Teton County, Wyoming",84678,56,039,2019
"San Jacinto County, Texas",41614,48,407,2019
"Upshur County, Texas",52162,48,459,2019
"Waller County, Texas",59642,48,473,2019
"Wilson County, Texas",76692,48,493,2019
"Hockley County, Texas",48248,48,219,2019
"Midland County, Texas",79421,48,329,2019
"Llano County, Texas",53411,48,299,2019
"Fannin County, Texas",54648,48,147,2019
"Brazos County, Texas",49181,48,041,2019
"Gaines County, Texas",63054,48,165,2019
"Gray County, Texas",47952,48,179,2019
"Jack County, Texas",52045,48,237,2019
"Bosque County, Texas",52148,48,035,2019
"Bexar County, Texas",57157,48,029,2019
"Baylor County, Texas",40739,48,023,2019
"Denton County, Texas",86913,48,121,2019
"Galveston County, Texas",73330,48,167,2019
"Roberts County, Texas",68750,48,393,2019
"Uvalde County, Texas",41679,48,463,2019
"Bowie County, Texas",50164,48,037,2019
"Kent County, Texas",44688,48,263,2019
"Somervell County, Texas",60632,48,425,2019
"Hardin County, Texas",60339,48,199,2019
"Leon County, Texas",43045,48,289,2019
"Newton County, Texas",40101,48,351,2019
"Reeves County, Texas",53311,48,389,2019
"Travis County, Texas",75887,48,453,2019
"Collingsworth County, Texas",39120,48,087,2019
"Erath County, Texas",52742,48,143,2019
"Motley County, Texas",43859,48,345,2019
"Coleman County, Texas",46743,48,083,2019
"Medina County, Texas",62599,48,325,2019
"Henderson County, Texas",47355,48,213,2019
"Lamar County, Texas",45117,48,277,2019
"Kimble County, Texas",43328,48,267,2019
"Washington County, Texas",54971,48,477,2019
"Stephens County, Texas",46232,48,429,2019
"Andrews County, Texas",76158,48,003,2019
"Gonzales County, Texas",53577,48,177,2019
"Lynn County, Texas",43382,48,305,2019
"Zapata County, Texas",33952,48,505,2019
"Hood County, Texas",64041,48,221,2019
"King County, Texas",52083,48,269,2019
"Cherokee County, Texas",48186,48,073,2019
"Delta County, Texas",51038,48,119,2019
"Jones County, Texas",50344,48,253,2019
"Windham County, Connecticut",66550,09,015,2019
"New London County, Connecticut",73490,09,011,2019
"Middlesex County, Connecticut",85898,09,007,2019
"Tolland County, Connecticut",87069,09,013,2019
"Fairfield County, Connecticut",95645,09,001,2019
"Washington County, Florida",37022,12,133,2019
"Duval County, Florida",55807,12,031,2019
"Bradford County, Florida",45921,12,007,2019
"Brevard County, Florida",56775,12,009,2019
"Clay County, Florida",65740,12,019,2019
"Lafayette County, Florida",50165,12,067,2019
"Lake County, Florida",54513,12,069,2019
"Nassau County, Florida",69943,12,089,2019
"Pinellas County, Florida",54090,12,103,2019
"Polk County, Florida",50584,12,105,2019
"St. Lucie County, Florida",52322,12,111,2019
"Glades County, Florida",40977,12,043,2019
"Hendry County, Florida",40820,12,051,2019
"Indian River County, Florida",54740,12,061,2019
"Jackson County, Florida",39872,12,063,2019
"St. Johns County, Florida",82252,12,109,2019
"Seminole County, Florida",66768,12,117,2019
"Bay County, Florida",54316,12,005,2019
"Flagler County, Florida",54514,12,035,2019
"Gulf County, Florida",47712,12,045,2019
"Liberty County, Florida",38015,12,077,2019
"Osceola County, Florida",52279,12,097,2019
"Walton County, Florida",58093,12,131,2019
"Gadsden County, Florida",41401,12,039,2019
"Jefferson County, Florida",47240,12,065,2019
"Marion County, Florida",45371,12,083,2019
"Hardee County, Florida",38682,12,049,2019
"Okeechobee County, Florida",41760,12,093,2019
"Orange County, Florida",58254,12,095,2019
"Gilchrist County, Florida",43640,12,041,2019
"Suwannee County, Florida",47839,12,121,2019
"Alachua County, Florida",49689,12,001,2019
"Calhoun County, Florida",38568,12,013,2019
"Charlotte County, Florida",51499,12,015,2019
"Dixie County, Florida",39828,12,029,2019
"Martin County, Florida",61133,12,085,2019
"Sarasota County, Florida",62236,12,115,2019
"Manatee County, Florida",59009,12,081,2019
"Citrus County, Florida",44237,12,017,2019
"Baker County, Florida",63275,12,003,2019
"Santa Rosa County, Florida",67949,12,113,2019
"Leon County, Florida",53106,12,073,2019
"Broward County, Florida",59547,12,011,2019
"Monroe County, Florida",70033,12,087,2019
"Hernando County, Florida",48812,12,053,2019
"Hillsborough County, Florida",58884,12,057,2019
"Taylor County, Florida",40306,12,123,2019
"Wakulla County, Florida",61410,12,129,2019
"McDuffie County, Georgia",43468,13,189,2019
"Morgan County, Georgia",66178,13,211,2019
"Heard County, Georgia",51358,13,149,2019
"Dougherty County, Georgia",39584,13,095,2019
"Fannin County, Georgia",47997,13,111,2019
"Houston County, Georgia",61723,13,153,2019
"Laurens County, Georgia",39120,13,175,2019
"Spalding County, Georgia",47111,13,255,2019
"Telfair County, Georgia",32405,13,271,2019
"Warren County, Indiana",60553,18,171,2019
"Vermillion County, Indiana",50243,18,165,2019
"Wells County, Indiana",59237,18,179,2019
"Allen County, Indiana",54857,18,003,2019
"Decatur County, Indiana",57949,18,031,2019
"Delaware County, Indiana",43512,18,035,2019
"Floyd County, Indiana",64468,18,043,2019
"Jefferson County, Indiana",52718,18,077,2019
"Jennings County, Indiana",54191,18,079,2019
"Johnson County, Indiana",72440,18,081,2019
"Miami County, Indiana",50657,18,103,2019
"Morgan County, Indiana",64335,18,109,2019
"Gibson County, Indiana",55462,18,051,2019
"Newton County, Indiana",55356,18,111,2019
"Orange County, Indiana",47917,18,117,2019
"St. Joseph County, Indiana",52769,18,141,2019
"Kosciusko County, Indiana",61366,18,085,2019
"Marshall County, Indiana",52658,18,099,2019
"Switzerland County, Indiana",49383,18,155,2019
"Vanderburgh County, Indiana",49708,18,163,2019
"Blackford County, Indiana",43505,18,009,2019
"Scott County, Indiana",48700,18,143,2019
"Monroe County, Indiana",49839,18,105,2019
"Elkhart County, Indiana",57021,18,039,2019
"Crawford County, Indiana",41662,18,025,2019
"Cass County, Indiana",49415,18,017,2019
"Marion County, Indiana",48316,18,097,2019
"Wayne County, Indiana",46516,18,177,2019
"Butler County, Iowa",57115,19,023,2019
"Fremont County, Iowa",56750,19,071,2019
"Hamilton County, Iowa",60910,19,079,2019
"Taylor County, Iowa",50431,19,173,2019
"Union County, Iowa",49900,19,175,2019
"Worth County, Iowa",57130,19,195,2019
"Ringgold County, Iowa",55271,19,159,2019
"Adair County, Iowa",53363,19,001,2019
"Chickasaw County, Iowa",60034,19,037,2019
"Clarke County, Iowa",54427,19,039,2019
"Dickinson County, Iowa",59969,19,059,2019
"Johnson County, Iowa",62542,19,103,2019
"Keokuk County, Iowa",52881,19,107,2019
"Tama County, Iowa",56037,19,171,2019
"Wapello County, Iowa",46246,19,179,2019
"Franklin County, Iowa",56419,19,069,2019
"Carroll County, Iowa",59212,19,027,2019
"Cedar County, Iowa",67795,19,031,2019
"Floyd County, Iowa",50406,19,067,2019
"Greene County, Iowa",53050,19,073,2019
"Louisa County, Iowa",56673,19,115,2019
"Lyon County, Iowa",64982,19,119,2019
"Union County, Georgia",50021,13,291,2019
"Bladen County, North Carolina",36173,37,017,2019
"Carteret County, North Carolina",57194,37,031,2019
"Bertie County, North Carolina",35527,37,015,2019
"Martin County, North Carolina",40090,37,117,2019
"Perquimans County, North Carolina",47162,37,143,2019
"Rockingham County, North Carolina",43579,37,157,2019
"Camden County, North Carolina",64572,37,029,2019
"Gaston County, North Carolina",52835,37,071,2019
"Moore County, North Carolina",59963,37,125,2019
"Stanly County, North Carolina",52623,37,167,2019
"Yancey County, North Carolina",42222,37,199,2019
"Chatham County, North Carolina",67031,37,037,2019
"Johnston County, North Carolina",59865,37,101,2019
"Person County, North Carolina",51020,37,145,2019
"Ashe County, North Carolina",40962,37,009,2019
"Lenoir County, North Carolina",39402,37,107,2019
"Onslow County, North Carolina",50278,37,133,2019
"Rutherford County, North Carolina",42608,37,161,2019
"Yadkin County, North Carolina",44682,37,197,2019
"Burke County, North Carolina",44557,37,023,2019
"Traill County, North Dakota",64453,38,097,2019
"Dickey County, North Dakota",65492,38,021,2019
"Ward County, North Dakota",68871,38,101,2019
"Pembina County, North Dakota",64549,38,067,2019
"Hettinger County, North Dakota",60164,38,041,2019
"Cass County, North Dakota",64482,38,017,2019
"Emmons County, North Dakota",55902,38,029,2019
"Richland County, North Dakota",61371,38,077,2019
"Adams County, North Dakota",56681,38,001,2019
"Eddy County, North Dakota",54868,38,027,2019
"Mercer County, North Dakota",82181,38,057,2019
"Ransom County, North Dakota",63903,38,073,2019
"Sioux County, North Dakota",38939,38,085,2019
"Golden Valley County, North Dakota",58690,38,033,2019
"Towner County, North Dakota",52300,38,095,2019
"Divide County, North Dakota",62865,38,023,2019
"Sargent County, North Dakota",63073,38,081,2019
"Meigs County, Ohio",44899,39,105,2019
"Champaign County, Ohio",60112,39,021,2019
"Greene County, Ohio",68720,39,057,2019
"Lawrence County, Ohio",45118,39,087,2019
"Morgan County, Ohio",42341,39,115,2019
"Wyandot County, Ohio",55767,39,175,2019
"Erie County, Ohio",54226,39,043,2019
"Logan County, Ohio",56754,39,091,2019
"Summit County, Ohio",57181,39,153,2019
"Lemhi County, Idaho",39324,16,059,2019
"Payette County, Idaho",50579,16,075,2019
"Benewah County, Idaho",47556,16,009,2019
"Bonner County, Idaho",50256,16,017,2019
"Clark County, Idaho",46154,16,033,2019
"Custer County, Idaho",40875,16,037,2019
"Elmore County, Idaho",46855,16,039,2019
"Fremont County, Idaho",58065,16,043,2019
"Madison County, Idaho",39160,16,065,2019
"Shoshone County, Idaho",39386,16,079,2019
"Idaho County, Idaho",41516,16,049,2019
"Teton County, Idaho",74216,16,081,2019
"Power County, Idaho",48823,16,077,2019
"Washington County, Idaho",40992,16,087,2019
"Hancock County, Illinois",52561,17,067,2019
"Madison County, Illinois",60738,17,119,2019
"Grundy County, Illinois",77350,17,063,2019
"Kankakee County, Illinois",58902,17,091,2019
"Mercer County, Illinois",59787,17,131,2019
"DuPage County, Illinois",92809,17,043,2019
"Alexander County, Illinois",36806,17,003,2019
"Menard County, Illinois",74684,17,129,2019
"LaSalle County, Illinois",58142,17,099,2019
"Cook County, Illinois",64660,17,031,2019
"Macon County, Illinois",50480,17,115,2019
"Stephenson County, Illinois",48805,17,177,2019
"Wayne County, Illinois",50251,17,191,2019
"Woodford County, Illinois",72808,17,203,2019
"Franklin County, Illinois",42769,17,055,2019
"McDonough County, Illinois",44471,17,109,2019
"McHenry County, Illinois",86799,17,111,2019
"Greeley County, Kansas",54112,20,071,2019
"Ellis County, Kansas",52883,20,051,2019
"Linn County, Kansas",48778,20,107,2019
"Seward County, Kansas",49291,20,175,2019
"Johnson County, Kansas",89087,20,091,2019
"Miami County, Kansas",71995,20,121,2019
"Woodson County, Kansas",39643,20,207,2019
"Ness County, Kansas",56492,20,135,2019
"Bourbon County, Kansas",43917,20,011,2019
"Kiowa County, Kansas",53274,20,097,2019
"Shawnee County, Kansas",56762,20,177,2019
"Chautauqua County, Kansas",40298,20,019,2019
"Reno County, Kansas",49936,20,155,2019
"Doniphan County, Kansas",49703,20,043,2019
"Haskell County, Kansas",55064,20,081,2019
"Scott County, Kansas",65417,20,171,2019
"Brown County, Kansas",48333,20,013,2019
"Phillips County, Kansas",50093,20,147,2019
"Decatur County, Kansas",48125,20,039,2019
"Garrard County, Kentucky",52631,21,079,2019
"Campbell County, Kentucky",63050,21,037,2019
"Elliott County, Kentucky",32306,21,063,2019
"Larue County, Kentucky",47643,21,123,2019
"Mercer County, Kentucky",55093,21,167,2019
"Russell County, Kentucky",38390,21,207,2019
"Washington County, Kentucky",53743,21,229,2019
"Barren County, Kentucky",41459,21,009,2019
"Hancock County, Kentucky",57217,21,091,2019
"Hardin County, Kentucky",54367,21,093,2019
"McLean County, Kentucky",51861,21,149,2019
"Powell County, Kentucky",37469,21,197,2019
"Caldwell County, Kentucky",44775,21,033,2019
"Boyd County, Kentucky",48308,21,019,2019
"Fayette County, Kentucky",57291,21,067,2019
"Johnson County, Kentucky",37055,21,115,2019
"Morgan County, Kentucky",36134,21,175,2019
"Pulaski County, Kentucky",39998,21,199,2019
"Adair County, Kentucky",38021,21,001,2019
"Breathitt County, Kentucky",27344,21,025,2019
"Hart County, Kentucky",38396,21,099,2019
"Trimble County, Kentucky",53056,21,223,2019
"Hickman County, Kentucky",42929,21,105,2019
"Lyon County, Kentucky",52528,21,143,2019
"Lewis County, Kentucky",31147,21,135,2019
"Woodford County, Kentucky",63820,21,239,2019
"Leslie County, Kentucky",31627,21,131,2019
"Lawrence County, Kentucky",32798,21,127,2019
"McCracken County, Kentucky",46080,21,145,2019
"Brule County, South Dakota",57196,46,015,2019
"Gregory County, South Dakota",43438,46,053,2019
"Minnehaha County, South Dakota",61772,46,099,2019
"Clark County, South Dakota",48980,46,025,2019
"Kingsbury County, South Dakota",61699,46,077,2019
"Clay County, South Dakota",50724,46,027,2019
"Dewey County, South Dakota",47475,46,041,2019
"Hughes County, South Dakota",64783,46,065,2019
"Sanborn County, South Dakota",56875,46,111,2019
"Hand County, South Dakota",54155,46,059,2019
"Yankton County, South Dakota",58342,46,135,2019
"Beadle County, South Dakota",52313,46,005,2019
"Davison County, South Dakota",50570,46,035,2019
"Jerauld County, South Dakota",49632,46,073,2019
"Stanley County, South Dakota",71382,46,117,2019
"Potter County, South Dakota",54583,46,107,2019
"Charles Mix County, South Dakota",50481,46,023,2019
"Marshall County, South Dakota",63723,46,091,2019
"Perkins County, South Dakota",57981,46,105,2019
"Whitley County, Kentucky",39005,21,235,2019
"Floyd County, Kentucky",32730,21,071,2019
"Kenton County, Kentucky",64339,21,117,2019
"Magoffin County, Kentucky",28147,21,153,2019
"Rowan County, Kentucky",38230,21,205,2019
"Taylor County, Kentucky",44522,21,217,2019
"Carlisle County, Kentucky",45109,21,039,2019
"Estill County, Kentucky",31688,21,065,2019
"Rapides Parish, Louisiana",47269,22,079,2019
"Tangipahoa Parish, Louisiana",47832,22,105,2019
"West Carroll Parish, Louisiana",38500,22,123,2019
"Caldwell Parish, Louisiana",37691,22,021,2019
"East Carroll Parish, Louisiana",22346,22,035,2019
"Evangeline Parish, Louisiana",31965,22,039,2019
"St. Bernard Parish, Louisiana",44661,22,087,2019
"West Baton Rouge Parish, Louisiana",65385,22,121,2019
"Red River Parish, Louisiana",33816,22,081,2019
"Natchitoches Parish, Louisiana",28567,22,069,2019
"Catahoula Parish, Louisiana",40129,22,025,2019
"Franklin Parish, Louisiana",35282,22,041,2019
"Assumption Parish, Louisiana",43759,22,007,2019
"Vermilion Parish, Louisiana",51945,22,113,2019
"Concordia Parish, Louisiana",32500,22,029,2019
"Oxford County, Maine",49204,23,017,2019
"Penobscot County, Maine",50808,23,019,2019
"Androscoggin County, Maine",53509,23,001,2019
"Cumberland County, Maine",73072,23,005,2019
"York County, Maine",67830,23,031,2019
"Somerset County, Maine",44256,23,025,2019
"Worcester County, Maryland",63499,24,047,2019
"Talbot County, Maryland",73547,24,041,2019
"Barnstable County, Massachusetts",74336,25,001,2019
"Berkshire County, Massachusetts",59230,25,003,2019
"Plymouth County, Massachusetts",89489,25,023,2019
"Norfolk County, Massachusetts",103291,25,021,2019
"Nantucket County, Massachusetts",107717,25,019,2019
"Allegan County, Michigan",62965,26,005,2019
"Alger County, Michigan",45570,26,003,2019
"Oceana County, Michigan",50104,26,127,2019
"Clare County, Michigan",39565,26,035,2019
"Isabella County, Michigan",45116,26,073,2019
"Tuscola County, Michigan",49988,26,157,2019
"Alpena County, Michigan",43363,26,007,2019
"Midland County, Michigan",62625,26,111,2019
"Oscoda County, Michigan",42335,26,135,2019
"Clinton County, Michigan",70390,26,037,2019
"Gratiot County, Michigan",47848,26,057,2019
"Lenawee County, Michigan",55450,26,091,2019
"Montcalm County, Michigan",49448,26,117,2019
"St. Clair County, Michigan",56951,26,147,2019
"Washtenaw County, Michigan",72586,26,161,2019
"Cass County, Michigan",55107,26,027,2019
"Roscommon County, Michigan",42054,26,143,2019
"Branch County, Michigan",51947,26,023,2019
"Jackson County, Michigan",53658,26,075,2019
"Macomb County, Michigan",62855,26,099,2019
"Baraga County, Michigan",46065,26,013,2019
"Eaton County, Michigan",64348,26,045,2019
"Upson County, Georgia",37640,13,293,2019
"Washington County, Georgia",38068,13,303,2019
"White County, Georgia",52493,13,311,2019
"Peach County, Georgia",46636,13,225,2019
"Paulding County, Georgia",68370,13,223,2019
"Pierce County, Georgia",42804,13,229,2019
"Pike County, Georgia",64878,13,231,2019
"Richmond County, Georgia",42728,13,245,2019
"Screven County, Georgia",39842,13,251,2019
"Tattnall County, Georgia",40730,13,267,2019
"Berrien County, Georgia",40415,13,019,2019
"Montgomery County, Illinois",52748,17,135,2019
"Whiteside County, Illinois",54232,17,195,2019
"Adams County, Illinois",52993,17,001,2019
"Clinton County, Illinois",66639,17,027,2019
"DeKalb County, Illinois",63317,17,037,2019
"Edwards County, Illinois",51080,17,047,2019
"Jasper County, Illinois",54256,17,079,2019
"Jefferson County, Illinois",49896,17,081,2019
"Vermilion County, Illinois",46515,17,183,2019
"Will County, Illinois",86961,17,197,2019
"Williamson County, Illinois",50734,17,199,2019
"Clark County, Illinois",56531,17,023,2019
"Douglas County, Illinois",56714,17,041,2019
"Effingham County, Illinois",56685,17,049,2019
"Fulton County, Illinois",51643,17,057,2019
"Greene County, Illinois",49885,17,061,2019
"Hamilton County, Illinois",54046,17,065,2019
"Hardin County, Illinois",51250,17,069,2019
"Henry County, Illinois",59933,17,073,2019
"Johnson County, Illinois",52774,17,087,2019
"Knox County, Illinois",44129,17,095,2019
"Livingston County, Illinois",55160,17,105,2019
"Scott County, Illinois",57118,17,171,2019
"Tazewell County, Illinois",63454,17,179,2019
"Warren County, Illinois",50310,17,187,2019
"Harrison County, Indiana",57712,18,061,2019
"LaPorte County, Indiana",53658,18,091,2019
"Wabash County, Indiana",54259,18,169,2019
"Jasper County, Indiana",63892,18,073,2019
"Martin County, Indiana",52726,18,101,2019
"Porter County, Indiana",71152,18,127,2019
"Ripley County, Indiana",56332,18,137,2019
"Spencer County, Indiana",57305,18,147,2019
"Tipton County, Indiana",58118,18,159,2019
"Vigo County, Indiana",45230,18,167,2019
"Warrick County, Indiana",73482,18,173,2019
"DeKalb County, Indiana",56421,18,033,2019
"LaGrange County, Indiana",64498,18,087,2019
"Rush County, Indiana",54346,18,139,2019
"Boone County, Indiana",83077,18,011,2019
"Gogebic County, Michigan",38839,26,053,2019
"Meeker County, Minnesota",63452,27,093,2019
"Rice County, Minnesota",68584,27,131,2019
"Red Lake County, Minnesota",58576,27,125,2019
"Clay County, Minnesota",65269,27,027,2019
"Fillmore County, Minnesota",61207,27,045,2019
"Polk County, Minnesota",59343,27,119,2019
"Sibley County, Minnesota",63439,27,143,2019
"Watonwan County, Minnesota",54065,27,165,2019
"Big Stone County, Minnesota",53900,27,011,2019
"Cass County, Minnesota",52204,27,021,2019
"Hubbard County, Minnesota",56709,27,057,2019
"Martin County, Minnesota",52798,27,091,2019
"Nobles County, Minnesota",55304,27,105,2019
"Sherburne County, Minnesota",89250,27,141,2019
"Carver County, Minnesota",101496,27,019,2019
"McLeod County, Minnesota",62121,27,085,2019
"Ramsey County, Minnesota",64660,27,123,2019
"Winona County, Minnesota",59329,27,169,2019
"Dodge County, Minnesota",74575,27,039,2019
"Crow Wing County, Minnesota",56549,27,035,2019
"Wright County, Minnesota",84974,27,171,2019
"Lincoln County, Minnesota",53077,27,081,2019
"Mille Lacs County, Minnesota",56135,27,095,2019
"Carlton County, Minnesota",63098,27,017,2019
"Kanabec County, Minnesota",57163,27,065,2019
"St. Clair County, Alabama",58308,01,115,2019
"Cullman County, Alabama",44918,01,043,2019
"Houston County, Alabama",47580,01,069,2019
"Tuscaloosa County, Alabama",53326,01,125,2019
"Coffee County, Alabama",55637,01,031,2019
"Chilton County, Alabama",47468,01,021,2019
"Coosa County, Alabama",38990,01,037,2019
"Etowah County, Alabama",44637,01,055,2019
"Lamar County, Alabama",38364,01,075,2019
"Butler County, Alabama",40688,01,013,2019
"Walker County, Alabama",43629,01,127,2019
"Greene County, Alabama",24145,01,063,2019
"Bullock County, Alabama",37785,01,011,2019
"Chambers County, Alabama",42289,01,017,2019
"Haines Borough, Alaska",58059,02,100,2019
"Juneau City and Borough, Alaska",88390,02,110,2019
"Yukon-Koyukuk Census Area, Alaska",41413,02,290,2019
"Denali Borough, Alaska",81719,02,068,2019
"Hoonah-Angoon Census Area, Alaska",59803,02,105,2019
"Wrangell City and Borough, Alaska",53894,02,275,2019
"Pima County, Arizona",53379,04,019,2019
"Gila County, Arizona",43524,04,007,2019
"Cochise County, Arizona",49260,04,003,2019
"Apache County, Arizona",32508,04,001,2019
"Yuma County, Arizona",45243,04,027,2019
"Navajo County, Arizona",40067,04,017,2019
"Clay County, Arkansas",37233,05,021,2019
"Drew County, Arkansas",46997,05,043,2019
"Randolph County, Arkansas",37218,05,121,2019
"Boone County, Arkansas",45374,05,009,2019
"Lincoln County, Arkansas",46596,05,079,2019
"Crittenden County, Arkansas",40161,05,035,2019
"Faulkner County, Arkansas",52827,05,045,2019
"Walker County, Georgia",46157,13,295,2019
"Gwinnett County, Georgia",71026,13,135,2019
"Barrow County, Georgia",62345,13,013,2019
"Charlton County, Georgia",41961,13,049,2019
"Clinch County, Georgia",27658,13,065,2019
"Bartow County, Georgia",57423,13,015,2019
"Douglas County, Georgia",63835,13,097,2019
"Grady County, Georgia",43531,13,131,2019
"Hancock County, Georgia",31860,13,141,2019
"Whitfield County, Georgia",48623,13,313,2019
"Macon County, Georgia",32161,13,193,2019
"Troup County, Georgia",45649,13,285,2019
"Harris County, Georgia",76319,13,145,2019
"Schley County, Georgia",44448,13,249,2019
"Worth County, Georgia",45398,13,321,2019
"Dooly County, Georgia",37340,13,093,2019
"Evans County, Georgia",42607,13,109,2019
"Webster County, Georgia",37297,13,307,2019
"Effingham County, Georgia",66822,13,103,2019
"Glascock County, Georgia",45000,13,125,2019
"Quitman County, Georgia",26667,13,239,2019
"Chatham County, Georgia",56842,13,051,2019
"Johnson County, Georgia",42446,13,167,2019
"Lanier County, Georgia",40986,13,173,2019
"Madison County, Georgia",52500,13,195,2019
"Mitchell County, Georgia",38116,13,205,2019
"Tift County, Georgia",45639,13,277,2019
"Polk County, Georgia",44891,13,233,2019
"Talbot County, Georgia",38549,13,263,2019
"Terrell County, Georgia",34768,13,273,2019
"Thomas County, Georgia",43740,13,275,2019
"Wilkinson County, Georgia",38996,13,319,2019
"Oglethorpe County, Georgia",47120,13,221,2019
"Randolph County, Georgia",31699,13,243,2019
"Ware County, Georgia",36869,13,299,2019
"Wayne County, Georgia",45483,13,305,2019
"Wilcox County, Georgia",36964,13,315,2019
"Baldwin County, Georgia",43672,13,009,2019
"Bulloch County, Georgia",45550,13,031,2019
"Clay County, Georgia",22325,13,061,2019
"Echols County, Georgia",39494,13,101,2019
"DeKalb County, Georgia",62399,13,089,2019
"Haralson County, Georgia",48550,13,143,2019
"Jefferson County, Georgia",33944,13,163,2019
"Lincoln County, Georgia",39742,13,181,2019
"Murray County, Georgia",48033,13,213,2019
"Pulaski County, Georgia",45148,13,235,2019
"Rabun County, Georgia",42500,13,241,2019
"Towns County, Georgia",48219,13,281,2019
"Treutlen County, Georgia",32241,13,283,2019
"Irwin County, Georgia",37736,13,155,2019
"Appling County, Georgia",40304,13,001,2019
"Shelby County, Ohio",63806,39,149,2019
"Williams County, Ohio",53183,39,171,2019
"Columbiana County, Ohio",48345,39,029,2019
"Fulton County, Ohio",63092,39,051,2019
"Gallia County, Ohio",44858,39,053,2019
"Mahoning County, Ohio",46042,39,099,2019
"Scioto County, Ohio",41330,39,145,2019
"Morrow County, Ohio",59452,39,117,2019
"Marion County, Arkansas",36719,05,089,2019
"Searcy County, Arkansas",36438,05,129,2019
"Benton County, Arkansas",66362,05,007,2019
"Hot Spring County, Arkansas",43889,05,059,2019
"Madison County, Arkansas",41682,05,087,2019
"Dolores County, Colorado",45972,08,033,2019
"Jackson County, Colorado",53300,08,057,2019
"Montezuma County, Colorado",49470,08,083,2019
"Boulder County, Colorado",83019,08,013,2019
"Yuma County, Colorado",52022,08,125,2019
"Routt County, Colorado",77443,08,107,2019
"Clear Creek County, Colorado",67060,08,019,2019
"Pueblo County, Colorado",46783,08,101,2019
"Park County, Colorado",73622,08,093,2019
"Mesa County, Colorado",55379,08,077,2019
"El Paso County, Colorado",68779,08,041,2019
"Arapahoe County, Colorado",77469,08,005,2019
"New Castle County, Delaware",73892,10,003,2019
"Kent County, Delaware",60910,10,001,2019
"Litchfield County, Connecticut",79906,09,005,2019
"Palm Beach County, Florida",63299,12,099,2019
"Miami-Dade County, Florida",51347,12,086,2019
"Franklin County, Florida",46643,12,037,2019
"Hamilton County, Florida",38569,12,047,2019
"Sumter County, Florida",57226,12,119,2019
"Holmes County, Florida",39102,12,059,2019
"Lee County, Florida",57832,12,071,2019
"Collier County, Florida",69653,12,021,2019
"Pasco County, Florida",52828,12,101,2019
"Highlands County, Florida",40942,12,055,2019
"DeSoto County, Florida",35438,12,027,2019
"Columbia County, Florida",46494,12,023,2019
"Putnam County, Florida",37670,12,107,2019
"Union County, Florida",44270,12,125,2019
"Levy County, Florida",37326,12,075,2019
"Volusia County, Florida",49494,12,127,2019
"Madison County, Florida",37037,12,079,2019
"Escambia County, Florida",50915,12,033,2019
"Okaloosa County, Florida",63412,12,091,2019
"Lumpkin County, Georgia",51790,13,187,2019
"Miller County, Georgia",44542,13,201,2019
"Oconee County, Georgia",90751,13,219,2019
"Henry County, Georgia",71288,13,151,2019
"Long County, Georgia",54605,13,183,2019
"Stephens County, Georgia",47164,13,257,2019
"Jeff Davis County, Georgia",36669,13,161,2019
"Calhoun County, Georgia",34167,13,037,2019
"Bibb County, Georgia",41334,13,021,2019
"Marion County, Georgia",44643,13,197,2019
"Bleckley County, Georgia",48174,13,023,2019
"Franklin County, Georgia",42488,13,119,2019
"Lamar County, Georgia",44846,13,171,2019
"Emanuel County, Georgia",37453,13,107,2019
"Jasper County, Georgia",51250,13,159,2019
"Liberty County, Georgia",48007,13,179,2019
"Seminole County, Georgia",33357,13,253,2019
"Twiggs County, Georgia",34879,13,289,2019
"Taylor County, Georgia",33832,13,269,2019
"Toombs County, Georgia",40175,13,279,2019
"Preble County, Ohio",58957,39,135,2019
"Allen County, Ohio",53131,39,003,2019
"Crawford County, Ohio",44971,39,033,2019
"Guernsey County, Ohio",45917,39,059,2019
"Mercer County, Ohio",62952,39,107,2019
"Clark County, Ohio",50873,39,023,2019
"Lorain County, Ohio",58427,39,093,2019
"Montgomery County, Ohio",51542,39,113,2019
"Warren County, Ohio",87125,39,165,2019
"Ashtabula County, Ohio",46700,39,007,2019
"Kay County, Oklahoma",46809,40,071,2019
"Craig County, Oklahoma",43329,40,035,2019
"Canadian County, Oklahoma",72056,40,017,2019
"Latimer County, Oklahoma",44214,40,077,2019
"Texas County, Oklahoma",52282,40,139,2019
"Pushmataha County, Oklahoma",37692,40,127,2019
"Johnston County, Oklahoma",41332,40,069,2019
"Beaver County, Oklahoma",52349,40,007,2019
"Hughes County, Oklahoma",39365,40,063,2019
"Comanche County, Oklahoma",52161,40,031,2019
"Adair County, Oklahoma",34695,40,001,2019
"Stephens County, Oklahoma",47214,40,137,2019
"Carter County, Oklahoma",51419,40,019,2019
"Greer County, Oklahoma",41488,40,055,2019
"McIntosh County, Oklahoma",39084,40,091,2019
"Murray County, Oklahoma",52478,40,099,2019
"Ottawa County, Oklahoma",39872,40,115,2019
"Wagoner County, Oklahoma",62795,40,145,2019
"Caddo County, Oklahoma",46592,40,015,2019
"Muskogee County, Oklahoma",43078,40,101,2019
"Bryan County, Oklahoma",44212,40,013,2019
"Jackson County, Oregon",53412,41,029,2019
"Grant County, Oregon",44712,41,023,2019
"Clackamas County, Oregon",80484,41,005,2019
"Tillamook County, Oregon",49895,41,057,2019
"Josephine County, Oregon",45616,41,033,2019
"Umatilla County, Oregon",54699,41,059,2019
"Columbia County, Oregon",62257,41,009,2019
"Wasco County, Oregon",53105,41,065,2019
"Montgomery County, Georgia",41996,13,209,2019
"Rockdale County, Georgia",60189,13,247,2019
"Wheeler County, Georgia",30192,13,309,2019
"Banks County, Georgia",47811,13,011,2019
"Clarke County, Georgia",38623,13,059,2019
"Glynn County, Georgia",52977,13,127,2019
"Jackson County, Georgia",65385,13,157,2019
"Jones County, Georgia",56020,13,169,2019
"Muscogee County, Georgia",46408,13,215,2019
"Stewart County, Georgia",29732,13,259,2019
"Turner County, Georgia",37039,13,287,2019
"Atkinson County, Georgia",37197,13,003,2019
"Baker County, Georgia",32917,13,007,2019
"Candler County, Georgia",33736,13,043,2019
"Carroll County, Georgia",53737,13,045,2019
"Crisp County, Georgia",36042,13,081,2019
"Cobb County, Georgia",77932,13,067,2019
"Dade County, Georgia",42581,13,083,2019
"Brooks County, Georgia",38285,13,027,2019
"Elbert County, Georgia",38678,13,105,2019
"Jenkins County, Georgia",27375,13,165,2019
"Newton County, Georgia",56316,13,217,2019
"Colquitt County, Georgia",36435,13,071,2019
"Clayton County, Georgia",47864,13,063,2019
"Hall County, Georgia",62984,13,139,2019
"Maui County, Hawaii",80948,15,009,2019
"Oneida County, Idaho",53841,16,071,2019
"Gem County, Idaho",45492,16,045,2019
"Adams County, Idaho",48856,16,003,2019
"Jerome County, Idaho",52921,16,053,2019
"Lewis County, Idaho",41198,16,061,2019
"Owyhee County, Idaho",43798,16,073,2019
"Boundary County, Idaho",43423,16,021,2019
"Caribou County, Idaho",59053,16,029,2019
"Bannock County, Idaho",51734,16,005,2019
"Bonneville County, Idaho",60615,16,019,2019
"Canyon County, Idaho",52134,16,027,2019
"Latah County, Idaho",49158,16,057,2019
"Sangamon County, Illinois",61912,17,167,2019
"Randolph County, Illinois",53816,17,157,2019
"Ogle County, Illinois",60986,17,141,2019
"Morgan County, Illinois",51437,17,137,2019
"White County, Illinois",49290,17,193,2019
"Henderson County, Illinois",53676,17,071,2019
"McLean County, Illinois",67675,17,113,2019
"Perry County, Illinois",52428,17,145,2019
"Rock Island County, Illinois",54858,17,161,2019
"Wabash County, Illinois",50770,17,185,2019
"Cumberland County, Illinois",56206,17,035,2019
"Jo Daviess County, Illinois",57946,17,085,2019
"Lawrence County, Illinois",46636,17,101,2019
"Marshall County, Illinois",58465,17,123,2019
"Christian County, Illinois",52834,17,021,2019
"Jackson County, Illinois",37241,17,077,2019
"Peoria County, Illinois",55842,17,143,2019
"Piatt County, Illinois",70849,17,147,2019
"Stark County, Illinois",54907,17,175,2019
"Bond County, Illinois",57289,17,005,2019
"Carroll County, Illinois",52410,17,015,2019
"Jersey County, Illinois",63028,17,083,2019
"Howard County, Maryland",121160,24,027,2019
"Prince George's County, Maryland",84920,24,033,2019
"Anne Arundel County, Maryland",100798,24,003,2019
"Baltimore County, Maryland",76866,24,005,2019
"Frederick County, Maryland",97730,24,021,2019
"Calvert County, Maryland",109313,24,009,2019
"Garrett County, Maryland",52617,24,023,2019
"Kent County, Maryland",58598,24,029,2019
"Montgomery County, Maryland",108820,24,031,2019
"Bethel Census Area, Alaska",53553,02,050,2019
"North Slope Borough, Alaska",79306,02,185,2019
"Sitka City and Borough, Alaska",73682,02,220,2019
"Fairbanks North Star Borough, Alaska",76992,02,090,2019
"Ketchikan Gateway Borough, Alaska",72728,02,130,2019
"Matanuska-Susitna Borough, Alaska",75493,02,170,2019
"Nome Census Area, Alaska",61048,02,180,2019
"Dillingham Census Area, Alaska",56898,02,070,2019
"Yakutat City and Borough, Alaska",71607,02,282,2019
"Lake and Peninsula Borough, Alaska",44135,02,164,2019
"Southeast Fairbanks Census Area, Alaska",70056,02,240,2019
"Anchorage Municipality, Alaska",84928,02,020,2019
"Aleutians East Borough, Alaska",69250,02,013,2019
"Valdez-Cordova Census Area, Alaska",79867,02,261,2019
"Kenai Peninsula Borough, Alaska",66064,02,122,2019
"Skagway Municipality, Alaska",73906,02,230,2019
"Prince of Wales-Hyder Census Area, Alaska",52379,02,198,2019
"Petersburg Borough, Alaska",69948,02,195,2019
"Kusilvak Census Area, Alaska",36754,02,158,2019
"Maricopa County, Arizona",64468,04,013,2019
"Graham County, Arizona",51353,04,009,2019
"Santa Cruz County, Arizona",41259,04,023,2019
"La Paz County, Arizona",34643,04,012,2019
"Mohave County, Arizona",45587,04,015,2019
"Coconino County, Arizona",59460,04,005,2019
"Yavapai County, Arizona",52451,04,025,2019
"Greenlee County, Arizona",63473,04,011,2019
"Pinal County, Arizona",58174,04,021,2019
"Nevada County, Arkansas",38042,05,099,2019
"Cross County, Arkansas",46787,05,037,2019
"Dallas County, Arkansas",38072,05,039,2019
"Columbia County, Arkansas",36193,05,027,2019
"Saline County, Arkansas",64412,05,125,2019
"Van Buren County, Arkansas",38499,05,141,2019
"Izard County, Arkansas",42876,05,065,2019
"Independence County, Arkansas",44319,05,063,2019
"Logan County, Arkansas",41466,05,083,2019
"Grant County, Arkansas",55388,05,053,2019
"Franklin County, Arkansas",38923,05,047,2019
"Pike County, Arkansas",40401,05,109,2019
"Jefferson County, Arkansas",40726,05,069,2019
"Montgomery County, Arkansas",35741,05,097,2019
"Scott County, Arkansas",36092,05,127,2019
"Sebastian County, Arkansas",46228,05,131,2019
"Crawford County, Arkansas",46828,05,033,2019
"Chicot County, Arkansas",34147,05,017,2019
"Johnson County, Arkansas",38511,05,071,2019
"Lee County, Arkansas",29681,05,077,2019
"Marion County, Iowa",61038,19,125,2019
"Washington County, Iowa",62556,19,183,2019
"Wright County, Iowa",53333,19,197,2019
"Cass County, Iowa",50187,19,029,2019
"Cherokee County, Iowa",56550,19,035,2019
"Crawford County, Iowa",55755,19,047,2019
"Des Moines County, Iowa",51267,19,057,2019
"Fayette County, Iowa",51128,19,065,2019
"Harrison County, Iowa",63854,19,085,2019
"Kossuth County, Iowa",56073,19,109,2019
"Mills County, Iowa",72079,19,129,2019
"Monona County, Iowa",47605,19,133,2019
"Muscatine County, Iowa",58453,19,139,2019
"Osceola County, Iowa",59725,19,143,2019
"Polk County, Iowa",67637,19,153,2019
"Webster County, Iowa",47466,19,187,2019
"Story County, Iowa",56756,19,169,2019
"Woodbury County, Iowa",59224,19,193,2019
"Black Hawk County, Iowa",53539,19,013,2019
"Grundy County, Iowa",68038,19,075,2019
"Jones County, Iowa",57549,19,105,2019
"Mitchell County, Iowa",58302,19,131,2019
"Montgomery County, Iowa",51696,19,137,2019
"Sac County, Iowa",58232,19,161,2019
"Plymouth County, Iowa",67297,19,149,2019
"Buchanan County, Iowa",64837,19,019,2019
"Clinton County, Iowa",51688,19,045,2019
"Decatur County, Iowa",44462,19,053,2019
"Jefferson County, Iowa",47708,19,101,2019
"Allamakee County, Iowa",52216,19,005,2019
"Linn County, Iowa",64903,19,113,2019
"Dallas County, Iowa",88479,19,049,2019
"O'Brien County, Iowa",53703,19,141,2019
"Stanton County, Kansas",52054,20,187,2019
"Meade County, Kansas",59316,20,119,2019
"Montgomery County, Kansas",45157,20,125,2019
"Pratt County, Kansas",52327,20,151,2019
"Rawlins County, Kansas",53207,20,153,2019
"Anderson County, Kansas",50213,20,003,2019
"Ellsworth County, Kansas",54902,20,053,2019
"Geary County, Kansas",53133,20,061,2019
"Ford County, Kansas",51711,20,057,2019
"Russell County, Kansas",44792,20,167,2019
"Marshall County, Kansas",51895,20,117,2019
"Allen County, Kansas",45333,20,001,2019
"Cheyenne County, Kansas",47639,20,023,2019
"Cowley County, Kansas",50102,20,035,2019
"Elk County, Kansas",38750,20,049,2019
"Franklin County, Kansas",56582,20,059,2019
"Hodgeman County, Kansas",61211,20,083,2019
"Jewell County, Kansas",40676,20,089,2019
"Rice County, Kansas",53012,20,159,2019
"Stafford County, Kansas",49375,20,185,2019
"Osage County, Kansas",54090,20,139,2019
"Coffey County, Kansas",59583,20,031,2019
"Crawford County, Kansas",41004,20,037,2019
"Greenwood County, Kansas",41982,20,073,2019
"Carroll County, Maryland",96769,24,013,2019
"Queen Anne's County, Maryland",97034,24,035,2019
"St. Mary's County, Maryland",89845,24,037,2019
"Charles County, Maryland",100003,24,017,2019
"Dorchester County, Maryland",52917,24,019,2019
"Washington County, Maryland",60860,24,043,2019
"Wicomico County, Maryland",56956,24,045,2019
"Cecil County, Maryland",76887,24,015,2019
"Caroline County, Maryland",58638,24,011,2019
"Suffolk County, Massachusetts",69669,25,025,2019
"Dukes County, Massachusetts",71811,25,007,2019
"Middlesex County, Massachusetts",102603,25,017,2019
"Bristol County, Massachusetts",69095,25,005,2019
"Hampden County, Massachusetts",55429,25,013,2019
"Essex County, Massachusetts",79263,25,009,2019
"Franklin County, Massachusetts",60950,25,011,2019
"Worcester County, Massachusetts",74679,25,027,2019
"Hampshire County, Massachusetts",70876,25,015,2019
"Chippewa County, Michigan",46486,26,033,2019
"Monroe County, Michigan",62203,26,115,2019
"Oakland County, Michigan",79698,26,125,2019
"Hillsdale County, Michigan",49622,26,059,2019
"Muskegon County, Michigan",50854,26,121,2019
"Leelanau County, Michigan",65249,26,089,2019
"Lapeer County, Michigan",62641,26,087,2019
"Sanilac County, Michigan",47672,26,151,2019
"Keweenaw County, Michigan",50292,26,083,2019
"Ontonagon County, Michigan",41546,26,131,2019
"Ottawa County, Michigan",69314,26,139,2019
"Alcona County, Michigan",40484,26,001,2019
"Ionia County, Michigan",57043,26,067,2019
"Kalkaska County, Michigan",46898,26,079,2019
"Berrien County, Michigan",50795,26,021,2019
"Ogemaw County, Michigan",40373,26,129,2019
"Wexford County, Michigan",47193,26,165,2019
"Crawford County, Michigan",47977,26,039,2019
"Dickinson County, Michigan",51645,26,043,2019
"Huron County, Michigan",48289,26,063,2019
"Ingham County, Michigan",52872,26,065,2019
"Mason County, Michigan",51725,26,105,2019
"Menominee County, Michigan",46828,26,109,2019
"Missaukee County, Michigan",47194,26,113,2019
"St. Joseph County, Michigan",52086,26,149,2019
"Van Buren County, Michigan",54485,26,159,2019
"Arenac County, Michigan",42290,26,011,2019
"Barry County, Michigan",64490,26,015,2019
"Iron County, Michigan",41599,26,071,2019
"Benzie County, Michigan",57974,26,019,2019
"Schoolcraft County, Michigan",45500,26,153,2019
"Wayne County, Michigan",47301,26,163,2019
"Grand Traverse County, Michigan",63575,26,055,2019
"Mackinac County, Michigan",47938,26,097,2019
"Genesee County, Michigan",48588,26,049,2019
"Labette County, Kansas",47643,20,099,2019
"Sedgwick County, Kansas",56524,20,173,2019
"Republic County, Kansas",47976,20,157,2019
"Graham County, Kansas",46375,20,065,2019
"Douglas County, Kansas",59435,20,045,2019
"Sheridan County, Kansas",62885,20,179,2019
"Gray County, Kansas",64930,20,069,2019
"Todd County, South Dakota",24331,46,121,2019
"Oglala Lakota County, South Dakota",31997,46,102,2019
"Klickitat County, Washington",55773,53,039,2019
"Grays Harbor County, Washington",51240,53,027,2019
"Wahkiakum County, Washington",53227,53,069,2019
"Grant County, Washington",55556,53,025,2019
"Snohomish County, Washington",86691,53,061,2019
"Summers County, West Virginia",38187,54,089,2019
"Greenbrier County, West Virginia",40200,54,025,2019
"Mineral County, West Virginia",49936,54,057,2019
"Lewis County, West Virginia",39908,54,041,2019
"Pocahontas County, West Virginia",41882,54,075,2019
"Randolph County, West Virginia",43320,54,083,2019
"Wirt County, West Virginia",46048,54,105,2019
"Clay County, West Virginia",35024,54,015,2019
"Monongalia County, West Virginia",52455,54,061,2019
"Wetzel County, West Virginia",43107,54,103,2019
"Kanawha County, West Virginia",46639,54,039,2019
"Preston County, West Virginia",51888,54,077,2019
"Ritchie County, West Virginia",43577,54,085,2019
"Lincoln County, West Virginia",42345,54,043,2019
"Braxton County, West Virginia",41466,54,007,2019
"Boone County, West Virginia",40739,54,005,2019
"Wyoming County, West Virginia",42332,54,109,2019
"Dunn County, Wisconsin",58783,55,033,2019
"Grant County, Wisconsin",54800,55,043,2019
"Sheboygan County, Wisconsin",60696,55,117,2019
"Menominee County, Wisconsin",40921,55,078,2019
"Buffalo County, Wisconsin",57829,55,011,2019
"La Crosse County, Wisconsin",57882,55,063,2019
"Marathon County, Wisconsin",62633,55,073,2019
"Trempealeau County, Wisconsin",58548,55,121,2019
"Dodge County, Wisconsin",60652,55,027,2019
"Vilas County, Wisconsin",47072,55,125,2019
"Manitowoc County, Wisconsin",56612,55,071,2019
"Burnett County, Wisconsin",52672,55,013,2019
"Door County, Wisconsin",61560,55,029,2019
"Fond du Lac County, Wisconsin",62391,55,039,2019
"Pepin County, Wisconsin",54583,55,091,2019
"Richland County, Wisconsin",51947,55,103,2019
"Waushara County, Wisconsin",52810,55,137,2019
"Lafayette County, Wisconsin",60691,55,065,2019
"Pierce County, Wisconsin",72323,55,093,2019
"Calumet County, Wisconsin",75814,55,015,2019
"Kenosha County, Wisconsin",63733,55,059,2019
"Johnson County, Wyoming",58132,56,019,2019
"Wallace County, Kansas",63269,20,199,2019
"Chase County, Kansas",45353,20,017,2019
"Stevens County, Kansas",57806,20,189,2019
"Smith County, Kansas",43429,20,183,2019
"Grant County, Kansas",53413,20,067,2019
"Antrim County, Michigan",56165,26,009,2019
"Houghton County, Michigan",43183,26,061,2019
"Livingston County, Michigan",84221,26,093,2019
"Iosco County, Michigan",43678,26,069,2019
"Lake County, Michigan",37320,26,085,2019
"Manistee County, Michigan",50055,26,101,2019
"Jackson County, Kansas",57914,20,085,2019
"Kingman County, Kansas",60469,20,095,2019
"Logan County, Kansas",51740,20,109,2019
"Nemaha County, Kansas",63216,20,131,2019
"Pottawatomie County, Kansas",66835,20,149,2019
"Wyandotte County, Kansas",46881,20,209,2019
"Cherokee County, Kansas",43175,20,021,2019
"Butler County, Kansas",64782,20,015,2019
"Clay County, Kansas",53929,20,027,2019
"Lincoln County, Kansas",45076,20,105,2019
"Saline County, Kansas",52200,20,169,2019
"Sumner County, Kansas",55000,20,191,2019
"Trego County, Kansas",57966,20,195,2019
"Wabaunsee County, Kansas",61178,20,197,2019
"Wilson County, Kansas",48341,20,205,2019
"Mitchell County, Kansas",46203,20,123,2019
"Osborne County, Kansas",51286,20,141,2019
"Atchison County, Kansas",50439,20,005,2019
"Finney County, Kansas",60798,20,055,2019
"Hamilton County, Kansas",46944,20,075,2019
"Leavenworth County, Kansas",73013,20,103,2019
"Washington County, Kansas",50588,20,201,2019
"Wichita County, Kansas",57978,20,203,2019
"Morton County, Kansas",47750,20,129,2019
"Norton County, Kansas",49038,20,137,2019
"Barton County, Kansas",49723,20,009,2019
"Cloud County, Kansas",45373,20,029,2019
"Edwards County, Kansas",50902,20,047,2019
"Lane County, Kansas",52125,20,101,2019
"Rush County, Kansas",47981,20,165,2019
"Marion County, Kansas",52123,20,115,2019
"Neosho County, Kansas",46291,20,133,2019
"Ottawa County, Kansas",54784,20,143,2019
"Riley County, Kansas",51208,20,161,2019
"Barber County, Kansas",50174,20,007,2019
"Dickinson County, Kansas",49991,20,041,2019
"Jefferson County, Kansas",64864,20,087,2019
"Greenup County, Kentucky",51655,21,089,2019
"Fleming County, Kentucky",44612,21,069,2019
"Carter County, Kentucky",34736,21,043,2019
"Grant County, Kentucky",48714,21,081,2019
"Jefferson County, Kentucky",56586,21,111,2019
"Logan County, Kentucky",48014,21,141,2019
"Mason County, Kentucky",45377,21,161,2019
"Pendleton County, Kentucky",54375,21,191,2019
"Robertson County, Kentucky",41902,21,201,2019
"Spencer County, Kentucky",80166,21,215,2019
"Bath County, Kentucky",44898,21,011,2019
"Ballard County, Kentucky",45048,21,007,2019
"Boyle County, Kentucky",46382,21,021,2019
"Green County, Kentucky",35899,21,087,2019
"Harlan County, Kentucky",26478,21,095,2019
"Martin County, Kentucky",41013,21,159,2019
"Lincoln County, Kentucky",42919,21,137,2019
"Monroe County, Kentucky",34879,21,171,2019
"Ohio County, Kentucky",45564,21,183,2019
"Union County, Kentucky",46673,21,225,2019
"Webster County, Kentucky",42119,21,233,2019
"Jim Wells County, Texas",41505,48,249,2019
"Dallam County, Texas",58811,48,111,2019
"Montmorency County, Michigan",41772,26,119,2019
"Presque Isle County, Michigan",47948,26,141,2019
"Gladwin County, Michigan",44619,26,051,2019
"Kalamazoo County, Michigan",56511,26,077,2019
"Mecosta County, Michigan",45018,26,107,2019
"Marquette County, Michigan",53970,26,103,2019
"Newaygo County, Michigan",50326,26,123,2019
"Osceola County, Michigan",44032,26,133,2019
"Otsego County, Michigan",54332,26,137,2019
"Calhoun County, Michigan",48607,26,025,2019
"Cheboygan County, Michigan",48044,26,031,2019
"Luce County, Michigan",45469,26,095,2019
"Kent County, Michigan",63053,26,081,2019
"Saginaw County, Michigan",48000,26,145,2019
"Shiawassee County, Michigan",56032,26,155,2019
"Bay County, Michigan",48819,26,017,2019
"Charlevoix County, Michigan",55760,26,029,2019
"Delta County, Michigan",47434,26,041,2019
"Emmet County, Michigan",55829,26,047,2019
"Koochiching County, Minnesota",50870,27,071,2019
"Morrison County, Minnesota",57815,27,097,2019
"Pennington County, Minnesota",60122,27,113,2019
"Steele County, Minnesota",64903,27,147,2019
"Wilkin County, Minnesota",60595,27,167,2019
"Aitkin County, Minnesota",49351,27,001,2019
"Faribault County, Minnesota",53156,27,043,2019
"Murray County, Minnesota",60231,27,101,2019
"Kandiyohi County, Minnesota",60294,27,067,2019
"Lake County, Minnesota",61452,27,075,2019
"Rock County, Minnesota",63005,27,133,2019
"Roseau County, Minnesota",62202,27,135,2019
"Traverse County, Minnesota",51957,27,155,2019
"Becker County, Minnesota",60284,27,005,2019
"Hennepin County, Minnesota",78167,27,053,2019
"Brown County, Minnesota",61120,27,015,2019
"Chippewa County, Minnesota",55269,27,023,2019
"Clearwater County, Minnesota",50386,27,029,2019
"Goodhue County, Minnesota",66800,27,049,2019
"Isanti County, Minnesota",74616,27,059,2019
"Jackson County, Minnesota",58727,27,063,2019
"Mower County, Minnesota",54295,27,099,2019
"Pine County, Minnesota",53422,27,115,2019
"Olmsted County, Minnesota",76951,27,109,2019
"Wadena County, Minnesota",46605,27,159,2019
"Benton County, Minnesota",57715,27,009,2019
"Freeborn County, Minnesota",53631,27,047,2019
"Itasca County, Minnesota",55139,27,061,2019
"Pope County, Minnesota",61275,27,121,2019
"Stevens County, Minnesota",60559,27,149,2019
"Swift County, Minnesota",51620,27,151,2019
"Cottonwood County, Minnesota",52087,27,033,2019
"Scott County, Minnesota",102152,27,139,2019
"Wabasha County, Minnesota",65226,27,157,2019
"Pipestone County, Minnesota",52917,27,117,2019
"Norman County, Minnesota",55085,27,107,2019
"Nicollet County, Minnesota",67399,27,103,2019
"Fort Bend County, Texas",97743,48,157,2019
"Irion County, Texas",47500,48,235,2019
"Willacy County, Texas",35521,48,489,2019
"Dawson County, Texas",43239,48,115,2019
"Burleson County, Texas",57731,48,051,2019
"Nueces County, Texas",55919,48,355,2019
"Rains County, Texas",51579,48,379,2019
"Real County, Texas",35862,48,385,2019
"Sterling County, Texas",59868,48,431,2019
"Carson County, Texas",74872,48,065,2019
"Freestone County, Texas",49471,48,161,2019
"Hardeman County, Texas",41859,48,197,2019
"Briscoe County, Texas",40227,48,045,2019
"Liberty County, Texas",51494,48,291,2019
"Loving County, Texas",83750,48,301,2019
"Robertson County, Texas",52928,48,395,2019
"Rusk County, Texas",55234,48,401,2019
"Trinity County, Texas",41357,48,455,2019
"Bandera County, Texas",58661,48,019,2019
"Childress County, Texas",43181,48,075,2019
"Comal County, Texas",79936,48,091,2019
"Houston County, Texas",37904,48,225,2019
"Navarro County, Texas",48529,48,349,2019
"Scurry County, Texas",54326,48,415,2019
"Stonewall County, Texas",51250,48,433,2019
"Bastrop County, Texas",64597,48,021,2019
"Bee County, Texas",44578,48,025,2019
"Crane County, Texas",65969,48,103,2019
"Rutland County, Vermont",56139,50,021,2019
"Orange County, Vermont",60925,50,017,2019
"Windsor County, Vermont",60987,50,027,2019
"Utah County, Utah",74665,49,049,2019
"Duchesne County, Utah",63224,49,013,2019
"Uintah County, Utah",65264,49,047,2019
"Davis County, Utah",83310,49,011,2019
"Emery County, Utah",55554,49,015,2019
"Garfield County, Utah",54565,49,017,2019
"Isle of Wight County, Virginia",73991,51,093,2019
"Franklin city, Virginia",40417,51,620,2019
"Lexington city, Virginia",42632,51,678,2019
"Henry County, Virginia",37952,51,089,2019
"King William County, Virginia",66987,51,101,2019
"Louisa County, Virginia",60975,51,109,2019
"Prince Edward County, Virginia",47202,51,147,2019
"Rockingham County, Virginia",61864,51,165,2019
"Calloway County, Kentucky",42273,21,035,2019
"Casey County, Kentucky",34819,21,045,2019
"Christian County, Kentucky",43919,21,047,2019
"Daviess County, Kentucky",51673,21,059,2019
"Grayson County, Kentucky",38612,21,085,2019
"Henderson County, Kentucky",48926,21,101,2019
"Henry County, Kentucky",53926,21,103,2019
"Hopkins County, Kentucky",47170,21,107,2019
"Jackson County, Kentucky",32138,21,109,2019
"Laurel County, Kentucky",41526,21,125,2019
"Marshall County, Kentucky",55113,21,157,2019
"Meade County, Kentucky",56603,21,163,2019
"Montgomery County, Kentucky",45516,21,173,2019
"Nicholas County, Kentucky",38149,21,181,2019
"Oldham County, Kentucky",99128,21,185,2019
"Douglas County, Minnesota",63819,27,041,2019
"Grant County, Minnesota",55466,27,051,2019
"Kittson County, Minnesota",59643,27,069,2019
"Le Sueur County, Minnesota",71080,27,079,2019
"Owen County, Kentucky",48801,21,187,2019
"Rockcastle County, Kentucky",35720,21,203,2019
"Scott County, Kentucky",70817,21,209,2019
"Warren County, Kentucky",52270,21,227,2019
"Allen County, Kentucky",44036,21,003,2019
"Bourbon County, Kentucky",49637,21,017,2019
"Bullitt County, Kentucky",63348,21,029,2019
"Crittenden County, Kentucky",45244,21,055,2019
"Fulton County, Kentucky",30114,21,075,2019
"Knott County, Kentucky",31198,21,119,2019
"Menifee County, Kentucky",39325,21,165,2019
"Muhlenberg County, Kentucky",43590,21,177,2019
"Perry County, Kentucky",33640,21,193,2019
"Wolfe County, Kentucky",24623,21,237,2019
"Clay County, Kentucky",26840,21,051,2019
"Bell County, Kentucky",26272,21,013,2019
"Cumberland County, Kentucky",35344,21,057,2019
"Graves County, Kentucky",44043,21,083,2019
"Lee County, Kentucky",25275,21,129,2019
"Butler County, Kentucky",41763,21,031,2019
"Edmonson County, Kentucky",43401,21,061,2019
"Harrison County, Kentucky",48438,21,097,2019
"Bracken County, Kentucky",49158,21,023,2019
"Nelson County, Kentucky",60127,21,179,2019
"Wayne County, Kentucky",34914,21,231,2019
"Marion County, Kentucky",40107,21,155,2019
"Trigg County, Kentucky",50536,21,221,2019
"Boone County, Kentucky",78327,21,015,2019
"Jessamine County, Kentucky",58245,21,113,2019
"Knox County, Kentucky",30181,21,121,2019
"Letcher County, Kentucky",29886,21,133,2019
"Livingston County, Kentucky",50839,21,139,2019
"Pike County, Kentucky",34856,21,195,2019
"Shelby County, Kentucky",67056,21,211,2019
"Anderson County, Kentucky",55334,21,005,2019
"Breckinridge County, Kentucky",47190,21,027,2019
"Franklin County, Kentucky",56274,21,073,2019
"McCreary County, Kentucky",28105,21,147,2019
"Madison County, Kentucky",50060,21,151,2019
"Metcalfe County, Kentucky",37386,21,169,2019
"Owsley County, Kentucky",30284,21,189,2019
"Simpson County, Kentucky",48623,21,213,2019
"Clark County, Kentucky",54953,21,049,2019
"Todd County, Kentucky",44005,21,219,2019
"Carroll County, Kentucky",43524,21,041,2019
"Clinton County, Kentucky",32184,21,053,2019
"Gallatin County, Kentucky",52167,21,077,2019
"Richland Parish, Louisiana",34029,22,083,2019
"Mahnomen County, Minnesota",44688,27,087,2019
"Chisago County, Minnesota",83464,27,025,2019
"Redwood County, Minnesota",55404,27,127,2019
"Yellow Medicine County, Minnesota",59210,27,173,2019
"Todd County, Minnesota",53585,27,153,2019
"Beltrami County, Minnesota",49160,27,007,2019
"Blue Earth County, Minnesota",57429,27,013,2019
"Houston County, Minnesota",60382,27,055,2019
"Lac qui Parle County, Minnesota",53071,27,073,2019
"Lake of the Woods County, Minnesota",49967,27,077,2019
"Otter Tail County, Minnesota",58682,27,111,2019
"Waseca County, Minnesota",56762,27,161,2019
"St. Louis County, Minnesota",55646,27,137,2019
"Anoka County, Minnesota",82175,27,003,2019
"Stearns County, Minnesota",62789,27,145,2019
"Dakota County, Minnesota",86036,27,037,2019
"Lyon County, Minnesota",57730,27,083,2019
"Marshall County, Minnesota",60118,27,089,2019
"Renville County, Minnesota",59028,27,129,2019
"Washington County, Minnesota",96671,27,163,2019
"Cook County, Minnesota",57432,27,031,2019
"Knox County, Missouri",40000,29,103,2019
"Montgomery County, Missouri",46757,29,139,2019
"Stoddard County, Missouri",41062,29,207,2019
"Audrain County, Missouri",44261,29,007,2019
"Greene County, Missouri",46086,29,077,2019
"St. Clair County, Missouri",38870,29,185,2019
"Schuyler County, Missouri",42694,29,197,2019
"Camden County, Missouri",53478,29,029,2019
"Jefferson County, Missouri",65454,29,099,2019
"New Madrid County, Missouri",38679,29,143,2019
"Ralls County, Missouri",55377,29,173,2019
"Custer County, Montana",52965,30,017,2019
"Powder River County, Montana",54427,30,075,2019
"Roosevelt County, Montana",43194,30,085,2019
"Liberty County, Montana",44875,30,051,2019
"Richland County, Montana",67205,30,083,2019
"Toole County, Montana",50721,30,101,2019
"Daniels County, Montana",57440,30,019,2019
"Judith Basin County, Montana",43661,30,045,2019
"Deer Lodge County, Montana",41820,30,023,2019
"McCone County, Montana",49701,30,055,2019
"Rosebud County, Montana",57992,30,087,2019
"Dawson County, Montana",58596,30,021,2019
"Broadwater County, Montana",60594,30,007,2019
"Phillips County, Montana",46212,30,071,2019
"Blaine County, Nebraska",51094,31,009,2019
"Deuel County, Nebraska",47287,31,049,2019
"Logan County, Nebraska",52708,31,113,2019
"Thayer County, Nebraska",51821,31,169,2019
"Adams County, Nebraska",53023,31,001,2019
"Boone County, Nebraska",54979,31,011,2019
"St. Martin Parish, Louisiana",48656,22,099,2019
"Vernon Parish, Louisiana",49141,22,115,2019
"Winn Parish, Louisiana",38353,22,127,2019
"East Baton Rouge Parish, Louisiana",54948,22,033,2019
"Sabine Parish, Louisiana",40336,22,085,2019
"Allen Parish, Louisiana",46446,22,003,2019
"Madison Parish, Louisiana",30350,22,065,2019
"Jefferson Davis Parish, Louisiana",42105,22,053,2019
"St. James Parish, Louisiana",51603,22,093,2019
"Grant Parish, Louisiana",42505,22,043,2019
"West Feliciana Parish, Louisiana",59637,22,125,2019
"Jefferson Parish, Louisiana",54032,22,051,2019
"Monroe County, Alabama",30441,01,099,2019
"Lawrence County, Alabama",44886,01,079,2019
"Lee County, Alabama",51463,01,081,2019
"Marion County, Alabama",35930,01,093,2019
"Pickens County, Alabama",39848,01,107,2019
"Sumter County, Alabama",24320,01,119,2019
"Jefferson County, Alabama",53901,01,073,2019
"Choctaw County, Alabama",35892,01,023,2019
"Franklin County, Alabama",43514,01,059,2019
"Marengo County, Alabama",33241,01,091,2019
"Russell County, Alabama",42443,01,113,2019
"Cherokee County, Alabama",41919,01,019,2019
"Covington County, Alabama",42189,01,039,2019
"Crenshaw County, Alabama",43163,01,041,2019
"Dallas County, Alabama",33845,01,047,2019
"Lauderdale County, Alabama",48094,01,077,2019
"Lowndes County, Alabama",30036,01,085,2019
"Macon County, Alabama",33370,01,087,2019
"Limestone County, Alabama",59686,01,083,2019
"Shelby County, Alabama",77799,01,117,2019
"Winston County, Alabama",35788,01,133,2019
"Baldwin County, Alabama",58320,01,003,2019
"Elmore County, Alabama",60891,01,051,2019
"Jackson County, Alabama",41769,01,071,2019
"Talladega County, Alabama",41325,01,121,2019
"Washington County, Alabama",41370,01,129,2019
"Clay County, Alabama",40845,01,027,2019
"Morgan County, Alabama",52156,01,103,2019
"Pike County, Alabama",37446,01,109,2019
"Colbert County, Alabama",48065,01,033,2019
"Dale County, Alabama",47214,01,045,2019
"Hale County, Alabama",34046,01,065,2019
"DeKalb County, Alabama",40440,01,049,2019
"Escambia County, Alabama",36275,01,053,2019
"Randolph County, Alabama",43395,01,111,2019
"Mobile County, Alabama",47583,01,097,2019
"Perry County, Alabama",23447,01,105,2019
"Cleburne County, Alabama",44741,01,029,2019
"Conecuh County, Alabama",37837,01,035,2019
"Barbour County, Alabama",32525,01,005,2019
"Bibb County, Alabama",47542,01,007,2019
"Calhoun County, Alabama",47255,01,015,2019
"Clarke County, Alabama",37404,01,025,2019
"Fayette County, Alabama",39856,01,057,2019
"Rock County, Nebraska",56250,31,149,2019
"Sherman County, Nebraska",50781,31,163,2019
"Beauregard Parish, Louisiana",53209,22,011,2019
"Bienville Parish, Louisiana",30272,22,013,2019
"Bossier Parish, Louisiana",54268,22,015,2019
"Cameron Parish, Louisiana",53423,22,023,2019
"East Feliciana Parish, Louisiana",51803,22,037,2019
"St. John the Baptist Parish, Louisiana",57429,22,095,2019
"Plaquemines Parish, Louisiana",57204,22,075,2019
"Ouachita Parish, Louisiana",41121,22,073,2019
"Washington Parish, Louisiana",37570,22,117,2019
"St. Landry Parish, Louisiana",36403,22,097,2019
"Acadia Parish, Louisiana",43396,22,001,2019
"St. Mary Parish, Louisiana",40485,22,101,2019
"St. Tammany Parish, Louisiana",68905,22,103,2019
"Union Parish, Louisiana",44100,22,111,2019
"Caddo Parish, Louisiana",41797,22,017,2019
"Ascension Parish, Louisiana",80527,22,005,2019
"Lafayette Parish, Louisiana",56999,22,055,2019
"Iberia Parish, Louisiana",46861,22,045,2019
"Lincoln Parish, Louisiana",35467,22,061,2019
"St. Helena Parish, Louisiana",43886,22,091,2019
"Webster Parish, Louisiana",28951,22,119,2019
"De Soto Parish, Louisiana",46006,22,031,2019
"Iberville Parish, Louisiana",50161,22,047,2019
"Livingston Parish, Louisiana",63389,22,063,2019
"Morehouse Parish, Louisiana",32929,22,067,2019
"Orleans Parish, Louisiana",41604,22,071,2019
"Terrebonne Parish, Louisiana",48747,22,109,2019
"Calcasieu Parish, Louisiana",51148,22,019,2019
"Claiborne Parish, Louisiana",26776,22,027,2019
"Avoyelles Parish, Louisiana",38565,22,009,2019
"Jackson Parish, Louisiana",39139,22,049,2019
"Pointe Coupee Parish, Louisiana",41480,22,077,2019
"St. Charles Parish, Louisiana",69019,22,089,2019
"Lafourche Parish, Louisiana",55506,22,057,2019
"Tensas Parish, Louisiana",27500,22,107,2019
"LaSalle Parish, Louisiana",42104,22,059,2019
"Lincoln County, Maine",57720,23,015,2019
"Waldo County, Maine",51931,23,027,2019
"Piscataquis County, Maine",40890,23,021,2019
"Aroostook County, Maine",41123,23,003,2019
"Washington County, Maine",41347,23,029,2019
"Knox County, Maine",57751,23,013,2019
"Sagadahoc County, Maine",63694,23,023,2019
"Kennebec County, Maine",55365,23,011,2019
"Franklin County, Maine",51422,23,007,2019
"Hancock County, Maine",57178,23,009,2019
"Baltimore city, Maryland",50379,24,510,2019
"Somerset County, Maryland",37803,24,039,2019
"Harford County, Maryland",89147,24,025,2019
"Allegany County, Maryland",45893,24,001,2019
"Howard County, Nebraska",59348,31,093,2019
"Gosper County, Nebraska",64053,31,073,2019
"Sarpy County, Nebraska",82032,31,153,2019
"Boyd County, Nebraska",47778,31,015,2019
"Fillmore County, Nebraska",60313,31,059,2019
"Hooker County, Nebraska",41125,31,091,2019
"Seward County, Nebraska",70389,31,159,2019
"Webster County, Nebraska",46188,31,181,2019
"Butler County, Nebraska",58979,31,023,2019
"Arthur County, Nebraska",42813,31,005,2019
"Gage County, Nebraska",53110,31,067,2019
"Kearney County, Nebraska",60266,31,099,2019
"Madison County, Nebraska",53188,31,119,2019
"Phelps County, Nebraska",59040,31,137,2019
"Wayne County, Nebraska",56456,31,179,2019
"Knox County, Nebraska",52332,31,107,2019
"Merrick County, Nebraska",55649,31,121,2019
"Pawnee County, Nebraska",46452,31,133,2019
"Wheeler County, Nebraska",51591,31,183,2019
"Lander County, Nevada",88030,32,015,2019
"Esmeralda County, Nevada",37375,32,009,2019
"Mineral County, Nevada",35806,32,021,2019
"Lincoln County, Nevada",58462,32,017,2019
"Washoe County, Nevada",64791,32,031,2019
"Carson City, Nevada",55718,32,510,2019
"Merrimack County, New Hampshire",75737,33,013,2019
"Belknap County, New Hampshire",69447,33,001,2019
"Strafford County, New Hampshire",72960,33,017,2019
"Monmouth County, New Jersey",99733,34,025,2019
"Sussex County, New Jersey",94520,34,037,2019
"Essex County, New Jersey",61510,34,013,2019
"Gloucester County, New Jersey",87283,34,015,2019
"Passaic County, New Jersey",69688,34,031,2019
"Bergen County, New Jersey",101144,34,003,2019
"Warren County, New Jersey",81307,34,041,2019
"Burlington County, New Jersey",87416,34,005,2019
"Luna County, New Mexico",29360,35,029,2019
"Taos County, New Mexico",38329,35,055,2019
"Colfax County, New Mexico",36302,35,007,2019
"Harding County, New Mexico",29375,35,021,2019
"Quay County, New Mexico",29035,35,037,2019
"Noxubee County, Mississippi",33784,28,103,2019
"Tate County, Mississippi",51030,28,137,2019
"Panola County, Mississippi",38304,28,107,2019
"Yalobusha County, Mississippi",41464,28,161,2019
"Winnebago County, Iowa",49870,19,189,2019
"Shelby County, Iowa",58000,19,165,2019
"Appanoose County, Iowa",40167,19,007,2019
"Iowa County, Iowa",61443,19,095,2019
"Page County, Iowa",51867,19,145,2019
"Winneshiek County, Iowa",65263,19,191,2019
"Pottawattamie County, Iowa",60065,19,155,2019
"Marshall County, Iowa",56437,19,127,2019
"Boone County, Iowa",64000,19,015,2019
"Buena Vista County, Iowa",57125,19,021,2019
"Howard County, Iowa",55060,19,089,2019
"Guthrie County, Iowa",61161,19,077,2019
"Humboldt County, Iowa",54575,19,091,2019
"Madison County, Iowa",66316,19,121,2019
"Guaynabo Municipio, Puerto Rico",35928,72,061,2019
"Fajardo Municipio, Puerto Rico",19430,72,053,2019
"Aguas Buenas Municipio, Puerto Rico",19279,72,007,2019
"Hatillo Municipio, Puerto Rico",17715,72,065,2019
"Santa Isabel Municipio, Puerto Rico",19827,72,133,2019
"Mayagüez Municipio, Puerto Rico",14236,72,097,2019
"Río Grande Municipio, Puerto Rico",22669,72,119,2019
"Añasco Municipio, Puerto Rico",19919,72,011,2019
"Cataño Municipio, Puerto Rico",17448,72,033,2019
"Guánica Municipio, Puerto Rico",12995,72,055,2019
"Loíza Municipio, Puerto Rico",17852,72,087,2019
"Las Piedras Municipio, Puerto Rico",21667,72,085,2019
"Vega Baja Municipio, Puerto Rico",19617,72,145,2019
"Lafayette County, Arkansas",32397,05,073,2019
"Phillips County, Arkansas",29320,05,107,2019
"Yell County, Arkansas",43923,05,149,2019
"Bradley County, Arkansas",43184,05,011,2019
"Polk County, Arkansas",37974,05,113,2019
"Ouachita County, Arkansas",35425,05,103,2019
"Little River County, Arkansas",45113,05,081,2019
"Miller County, Arkansas",43371,05,091,2019
"White County, Arkansas",44029,05,145,2019
"Lake County, California",47040,06,033,2019
"Yuba County, California",58054,06,115,2019
"Lassen County, California",56352,06,035,2019
"Sonoma County, California",81018,06,097,2019
"Imperial County, California",47622,06,025,2019
"Alameda County, California",99406,06,001,2019
"Napa County, California",88596,06,055,2019
"Sierra County, California",52148,06,091,2019
"Yolo County, California",70228,06,113,2019
"Nevada County, California",66096,06,057,2019
"Mendocino County, California",51416,06,045,2019
"Los Angeles County, California",68044,06,037,2019
"Santa Clara County, California",124055,06,085,2019
"Siskiyou County, California",45241,06,093,2019
"Del Norte County, California",45283,06,015,2019
"Chaffee County, Colorado",55771,08,015,2019
"Garfield County, Colorado",75937,08,045,2019
"Jefferson County, Colorado",82986,08,059,2019
"Rio Blanco County, Colorado",54357,08,103,2019
"Conejos County, Colorado",36084,08,021,2019
"Adams County, Colorado",71202,08,001,2019
"Eagle County, Colorado",84790,08,037,2019
"Moffat County, Colorado",57229,08,081,2019
"Cheyenne County, Colorado",53977,08,017,2019
"Montgomery County, Alabama",50124,01,101,2019
"Marshall County, Alabama",45983,01,095,2019
"Blount County, Alabama",49358,01,009,2019
"Henry County, Alabama",50017,01,067,2019
"Madison County, Alabama",65449,01,089,2019
"Autauga County, Alabama",58731,01,001,2019
"Tallapoosa County, Alabama",45828,01,123,2019
"Geneva County, Alabama",41732,01,061,2019
"Wilcox County, Alabama",31014,01,131,2019
"Aleutians West Census Area, Alaska",87466,02,016,2019
"Bristol Bay Borough, Alaska",79808,02,060,2019
"Kodiak Island Borough, Alaska",85839,02,150,2019
"Northwest Arctic Borough, Alaska",60906,02,188,2019
"McMinn County, Tennessee",43285,47,107,2019
"Marshall County, Tennessee",53197,47,117,2019
"Rhea County, Tennessee",42206,47,143,2019
"Scott County, Tennessee",38864,47,151,2019
"Anderson County, Tennessee",50392,47,001,2019
"Fentress County, Tennessee",36520,47,049,2019
"Gibson County, Tennessee",43171,47,053,2019
"Hardeman County, Tennessee",40304,47,069,2019
"Loudon County, Tennessee",58065,47,105,2019
"Rutherford County, Tennessee",67429,47,149,2019
"Smith County, Tennessee",48068,47,159,2019
"Wilson County, Tennessee",75991,47,189,2019
"Unicoi County, Tennessee",41890,47,171,2019
"Lincoln County, New Mexico",46216,35,027,2019
"Chaves County, New Mexico",43359,35,005,2019
"Lea County, New Mexico",60546,35,025,2019
"Santa Fe County, New Mexico",61200,35,049,2019
"Union County, New Mexico",35884,35,059,2019
"Sierra County, New Mexico",29755,35,051,2019
"Socorro County, New Mexico",42083,35,053,2019
"Roosevelt County, New Mexico",42702,35,041,2019
"Doña Ana County, New Mexico",40973,35,013,2019
"Los Alamos County, New Mexico",121324,35,028,2019
"Rio Arriba County, New Mexico",39952,35,039,2019
"San Miguel County, New Mexico",30946,35,047,2019
"Valencia County, New Mexico",48945,35,061,2019
"Torrance County, New Mexico",36120,35,057,2019
"Bernalillo County, New Mexico",53329,35,001,2019
"Otero County, New Mexico",41988,35,035,2019
"Cibola County, New Mexico",39413,35,006,2019
"De Baca County, New Mexico",31625,35,011,2019
"Guadalupe County, New Mexico",24798,35,019,2019
"Catron County, New Mexico",41910,35,003,2019
"Bronx County, New York",40088,36,005,2019
"Onondaga County, New York",61359,36,067,2019
"Clinton County, New York",56365,36,019,2019
"Seneca County, New York",54545,36,099,2019
"Putnam County, New York",104486,36,079,2019
"Herkimer County, New York",54646,36,043,2019
"Ontario County, New York",64944,36,069,2019
"Steuben County, New York",53663,36,101,2019
"Hamilton County, New York",58675,36,041,2019
"Chautauqua County, New York",46820,36,013,2019
"Kings County, New York",60231,36,047,2019
"Tioga County, New York",62999,36,107,2019
"Orleans County, New York",52620,36,073,2019
"Saratoga County, New York",84291,36,091,2019
"Columbia County, New York",66787,36,021,2019
"Lewis County, New York",54524,36,049,2019
"Westchester County, New York",96610,36,119,2019
"Delaware County, New York",49544,36,025,2019
"Montgomery County, New York",49462,36,057,2019
"Richmond County, New York",82783,36,085,2019
"St. Lawrence County, New York",50940,36,089,2019
"Tompkins County, New York",60240,36,109,2019
"Warren County, New York",61024,36,113,2019
"Cortland County, New York",56023,36,023,2019
"Dutchess County, New York",81219,36,027,2019
"Platte County, Wyoming",50903,56,031,2019
"Sheridan County, Wyoming",60807,56,033,2019
"Big Horn County, Wyoming",52804,56,003,2019
"Crook County, Wyoming",65132,56,011,2019
"Park County, Wyoming",63582,56,029,2019
"Albany County, Wyoming",49322,56,001,2019
"Carbon County, Wyoming",60161,56,007,2019
"Goshen County, Wyoming",54289,56,015,2019
"Uinta County, Wyoming",63403,56,041,2019
"Washakie County, Wyoming",54158,56,043,2019
"Hot Springs County, Wyoming",51413,56,017,2019
"Fremont County, Wyoming",55896,56,013,2019
"Sublette County, Wyoming",77403,56,035,2019
"Weston County, Wyoming",57031,56,045,2019
"Aibonito Municipio, Puerto Rico",20521,72,009,2019
"Juncos Municipio, Puerto Rico",19605,72,077,2019
"Lajas Municipio, Puerto Rico",13992,72,079,2019
"Adjuntas Municipio, Puerto Rico",14012,72,001,2019
"Camuy Municipio, Puerto Rico",17000,72,027,2019
"Naguabo Municipio, Puerto Rico",19432,72,103,2019
"Naranjito Municipio, Puerto Rico",18883,72,105,2019
"Arecibo Municipio, Puerto Rico",18647,72,013,2019
"Arroyo Municipio, Puerto Rico",17570,72,015,2019
"Quebradillas Municipio, Puerto Rico",17473,72,115,2019
"Guayama Municipio, Puerto Rico",17261,72,057,2019
"Culebra Municipio, Puerto Rico",23333,72,049,2019
"Gurabo Municipio, Puerto Rico",35018,72,063,2019
"Barceloneta Municipio, Puerto Rico",17154,72,017,2019
"Yauco Municipio, Puerto Rico",14743,72,153,2019
"Aguadilla Municipio, Puerto Rico",16269,72,005,2019
"Cabo Rojo Municipio, Puerto Rico",16708,72,023,2019
"Patillas Municipio, Puerto Rico",16007,72,109,2019
"Villalba Municipio, Puerto Rico",19877,72,149,2019
"Carolina Municipio, Puerto Rico",29059,72,031,2019
"Cayey Municipio, Puerto Rico",22518,72,035,2019
"Humacao Municipio, Puerto Rico",20434,72,069,2019
"Morovis Municipio, Puerto Rico",20941,72,101,2019
"Trujillo Alto Municipio, Puerto Rico",32545,72,139,2019
"Manatí Municipio, Puerto Rico",18502,72,091,2019
"Peñuelas Municipio, Puerto Rico",16718,72,111,2019
"Rincón Municipio, Puerto Rico",19907,72,117,2019
"San Germán Municipio, Puerto Rico",16486,72,125,2019
"San Sebastián Municipio, Puerto Rico",15331,72,131,2019
"Monroe County, New York",60075,36,055,2019
"Oneida County, New York",56027,36,065,2019
"Ulster County, New York",64304,36,111,2019
"Chemung County, New York",54940,36,015,2019
"Livingston County, New York",59510,36,051,2019
"Otsego County, New York",54028,36,077,2019
"Greene County, New York",53601,36,039,2019
"Albany County, New York",66252,36,001,2019
"Allegany County, New York",48412,36,003,2019
"Cattaraugus County, New York",48703,36,009,2019
"Madison County, New York",61633,36,053,2019
"Schenectady County, New York",65499,36,093,2019
"Genesee County, New York",60524,36,037,2019
"Yates County, New York",56563,36,123,2019
"Greene County, North Carolina",39837,37,079,2019
"Mitchell County, North Carolina",46103,37,121,2019
"Chowan County, North Carolina",46519,37,041,2019
"Alleghany County, North Carolina",37830,37,005,2019
"Caldwell County, North Carolina",44511,37,027,2019
"Catawba County, North Carolina",52056,37,035,2019
"Cleveland County, North Carolina",42247,37,045,2019
"Craven County, North Carolina",52687,37,049,2019
"Edgecombe County, North Carolina",36866,37,065,2019
"Granville County, North Carolina",55856,37,077,2019
"Harnett County, North Carolina",53554,37,085,2019
"Hoke County, North Carolina",48072,37,093,2019
"Henderson County, North Carolina",55945,37,089,2019
"Hyde County, North Carolina",39663,37,095,2019
"Iredell County, North Carolina",60955,37,097,2019
"Mecklenburg County, North Carolina",66641,37,119,2019
"Northampton County, North Carolina",37146,37,131,2019
"Pitt County, North Carolina",47437,37,147,2019
"Rowan County, North Carolina",49842,37,159,2019
"Vance County, North Carolina",40529,37,181,2019
"Cherokee County, North Carolina",41438,37,039,2019
"Currituck County, North Carolina",69964,37,053,2019
"Union County, North Carolina",80033,37,179,2019
"Wilkes County, North Carolina",44107,37,193,2019
"Nash County, North Carolina",49537,37,127,2019
"Alexander County, North Carolina",48756,37,003,2019
"Dare County, North Carolina",59381,37,055,2019
"Warren County, North Carolina",36466,37,185,2019
"Wilson County, North Carolina",43877,37,195,2019
"Gates County, North Carolina",50750,37,073,2019
"Graham County, North Carolina",39571,37,075,2019
"Madison County, North Carolina",45873,37,115,2019
"Pamlico County, North Carolina",46728,37,137,2019
"Polk County, North Carolina",48787,37,149,2019
"Randolph County, North Carolina",47288,37,151,2019
"Stokes County, North Carolina",48054,37,169,2019
"Washington County, North Carolina",35979,37,187,2019
"Clay County, North Carolina",42222,37,043,2019
"Cumberland County, North Carolina",46875,37,051,2019
"Guilford County, North Carolina",53261,37,081,2019
"Jackson County, North Carolina",47252,37,099,2019
"Pasquotank County, North Carolina",50558,37,139,2019
"Robeson County, North Carolina",34976,37,155,2019
"Swain County, North Carolina",39317,37,173,2019
"Wake County, North Carolina",80591,37,183,2019
"Anson County, North Carolina",40213,37,007,2019
"McDowell County, North Carolina",43646,37,111,2019
"Franklin County, North Carolina",55193,37,069,2019
"Jones County, North Carolina",38158,37,103,2019
"Macon County, North Carolina",45507,37,113,2019
"Brunswick County, North Carolina",58236,37,019,2019
"Transylvania County, North Carolina",50212,37,175,2019
"Beaufort County, North Carolina",45212,37,013,2019
"Columbus County, North Carolina",37628,37,047,2019
"Lincoln County, North Carolina",57536,37,109,2019
"Montgomery County, North Carolina",44146,37,123,2019
"Orange County, North Carolina",71723,37,135,2019
"Richmond County, North Carolina",36148,37,153,2019
"Sampson County, North Carolina",42151,37,163,2019
"Surry County, North Carolina",43597,37,171,2019
"Avery County, North Carolina",40340,37,011,2019
"Buncombe County, North Carolina",52207,37,021,2019
"Cabarrus County, North Carolina",67328,37,025,2019
"Caswell County, North Carolina",45733,37,033,2019
"Davie County, North Carolina",60434,37,059,2019
"Davidson County, North Carolina",49546,37,057,2019
"Duplin County, North Carolina",41764,37,061,2019
"Durham County, North Carolina",60958,37,063,2019
"Hertford County, North Carolina",41028,37,091,2019
"Lee County, North Carolina",49994,37,105,2019
"New Hanover County, North Carolina",54891,37,129,2019
"Pender County, North Carolina",57240,37,141,2019
"Wayne County, North Carolina",44416,37,191,2019
"Scotland County, North Carolina",37238,37,165,2019
"Watauga County, North Carolina",47526,37,189,2019
"Halifax County, North Carolina",35502,37,083,2019
"Alamance County, North Carolina",49688,37,001,2019
"Tyrrell County, North Carolina",35300,37,177,2019
"Stark County, North Dakota",72045,38,089,2019
"Wells County, North Dakota",57582,38,103,2019
"Burke County, North Dakota",77232,38,013,2019
"Mountrail County, North Dakota",72147,38,061,2019
"Williams County, North Dakota",87161,38,105,2019
"Billings County, North Dakota",75208,38,007,2019
"Kidder County, North Dakota",54643,38,043,2019
"Cavalier County, North Dakota",64798,38,019,2019
"Grant County, North Dakota",50938,38,037,2019
"McHenry County, North Dakota",64179,38,049,2019
"Steele County, North Dakota",70724,38,091,2019
"Benson County, North Dakota",47667,38,005,2019
"LaMoure County, North Dakota",60806,38,045,2019
"Morton County, North Dakota",70556,38,059,2019
"Dunn County, North Dakota",76719,38,025,2019
"McIntosh County, North Dakota",52587,38,051,2019
"Nelson County, North Dakota",52039,38,063,2019
"Rolette County, North Dakota",43158,38,079,2019
"Walsh County, North Dakota",55700,38,099,2019
"Bottineau County, North Dakota",60381,38,009,2019
"Barnes County, North Dakota",58365,38,003,2019
"Grand Forks County, North Dakota",54051,38,035,2019
"McKenzie County, North Dakota",77845,38,053,2019
"McLean County, North Dakota",68529,38,055,2019
"Pierce County, North Dakota",55660,38,069,2019
"Renville County, North Dakota",73182,38,075,2019
"Bowman County, North Dakota",62442,38,011,2019
"Burleigh County, North Dakota",71524,38,015,2019
"Logan County, North Dakota",59375,38,047,2019
"Oliver County, North Dakota",78929,38,065,2019
"Stutsman County, North Dakota",57674,38,093,2019
"Ramsey County, North Dakota",58910,38,071,2019
"Foster County, North Dakota",61425,38,031,2019
"Griggs County, North Dakota",53565,38,039,2019
"Sheridan County, North Dakota",51055,38,083,2019
"Slope County, North Dakota",63611,38,087,2019
"Union County, Ohio",86715,39,159,2019
"Pike County, Ohio",42832,39,131,2019
"Paulding County, Ohio",55330,39,125,2019
"Hamilton County, Ohio",57212,39,061,2019
"Franklin County, Ohio",61305,39,049,2019
"Marion County, Ohio",47498,39,101,2019
"Tuscarawas County, Ohio",53243,39,157,2019
"Wayne County, Ohio",58300,39,169,2019
"Brown County, Ohio",54575,39,015,2019
"Butler County, Ohio",66117,39,017,2019
"Harrison County, Ohio",49689,39,067,2019
"Knox County, Ohio",57749,39,083,2019
"Licking County, Ohio",64589,39,089,2019
"Richland County, Ohio",49547,39,139,2019
"Vinton County, Ohio",45673,39,163,2019
"Carroll County, Ohio",55267,39,019,2019
"Hancock County, Ohio",58450,39,063,2019
"Clermont County, Ohio",66968,39,025,2019
"Fairfield County, Ohio",67609,39,045,2019
"Defiance County, Ohio",59931,39,039,2019
"Highland County, Ohio",44169,39,071,2019
"Henry County, Ohio",59695,39,069,2019
"Jefferson County, Ohio",46581,39,081,2019
"Portage County, Ohio",57618,39,133,2019
"Putnam County, Ohio",64822,39,137,2019
"Belmont County, Ohio",50904,39,013,2019
"Clinton County, Ohio",52815,39,027,2019
"Fayette County, Ohio",47308,39,047,2019
"Perry County, Ohio",50150,39,127,2019
"Pickaway County, Ohio",63633,39,129,2019
"Madison County, Ohio",68022,39,097,2019
"Muskingum County, Ohio",47254,39,119,2019
"Sandusky County, Ohio",54089,39,143,2019
"Van Wert County, Ohio",54254,39,161,2019
"Washington County, Ohio",50021,39,167,2019
"Auglaize County, Ohio",64074,39,011,2019
"Darke County, Ohio",55620,39,037,2019
"Ottawa County, Ohio",59099,39,123,2019
"Hardin County, Ohio",50506,39,065,2019
"Jackson County, Ohio",47550,39,079,2019
"Huron County, Ohio",52560,39,077,2019
"Athens County, Ohio",40905,39,009,2019
"Adams County, Ohio",39079,39,001,2019
"Medina County, Ohio",76600,39,103,2019
"Lucas County, Ohio",48736,39,095,2019
"Noble County, Ohio",46897,39,121,2019
"Bayamón Municipio, Puerto Rico",26420,72,021,2019
"Canóvanas Municipio, Puerto Rico",21267,72,029,2019
"Comerío Municipio, Puerto Rico",13733,72,045,2019
"Juana Díaz Municipio, Puerto Rico",20657,72,075,2019
"Las Marías Municipio, Puerto Rico",14135,72,083,2019
"Corozal Municipio, Puerto Rico",15140,72,047,2019
"Maunabo Municipio, Puerto Rico",20844,72,095,2019
"Ponce Municipio, Puerto Rico",17069,72,113,2019
"Toa Alta Municipio, Puerto Rico",28834,72,135,2019
"Toa Baja Municipio, Puerto Rico",25105,72,137,2019
"Vieques Municipio, Puerto Rico",14936,72,147,2019
"Yabucoa Municipio, Puerto Rico",16295,72,151,2019
"Aguada Municipio, Puerto Rico",16738,72,003,2019
"Caguas Municipio, Puerto Rico",25136,72,025,2019
"Cidra Municipio, Puerto Rico",19726,72,041,2019
"Coamo Municipio, Puerto Rico",19692,72,043,2019
"Dorado Municipio, Puerto Rico",30732,72,051,2019
"Luquillo Municipio, Puerto Rico",21850,72,089,2019
"Barranquitas Municipio, Puerto Rico",17036,72,019,2019
"Orocovis Municipio, Puerto Rico",15099,72,107,2019
"San Lorenzo Municipio, Puerto Rico",19380,72,129,2019
"Ceiba Municipio, Puerto Rico",18309,72,037,2019
"Ciales Municipio, Puerto Rico",16867,72,039,2019
"Isabela Municipio, Puerto Rico",16540,72,071,2019
"Jayuya Municipio, Puerto Rico",14808,72,073,2019
"Lares Municipio, Puerto Rico",16532,72,081,2019
"San Juan Municipio, Puerto Rico",22710,72,127,2019
"Vega Alta Municipio, Puerto Rico",20048,72,143,2019
"Maricao Municipio, Puerto Rico",12441,72,093,2019
"Seneca County, Ohio",52500,39,147,2019
"Stark County, Ohio",53860,39,151,2019
"Coshocton County, Ohio",46606,39,031,2019
"Delaware County, Ohio",106908,39,041,2019
"Geauga County, Ohio",82303,39,055,2019
"Hocking County, Ohio",52363,39,073,2019
"Lake County, Ohio",64466,39,085,2019
"Ross County, Ohio",51092,39,141,2019
"Cuyahoga County, Ohio",50366,39,035,2019
"Holmes County, Ohio",63753,39,075,2019
"Miami County, Ohio",61041,39,109,2019
"Monroe County, Ohio",45289,39,111,2019
"Trumbull County, Ohio",47280,39,155,2019
"Wood County, Ohio",62390,39,173,2019
"Ashland County, Ohio",52823,39,005,2019
"Dewey County, Oklahoma",52428,40,043,2019
"Harper County, Oklahoma",46154,40,059,2019
"Logan County, Oklahoma",65357,40,083,2019
"Tulsa County, Oklahoma",55517,40,143,2019
"Washington County, Oklahoma",54997,40,147,2019
"Harmon County, Oklahoma",48344,40,057,2019
"Haskell County, Oklahoma",42348,40,061,2019
"Okmulgee County, Oklahoma",42998,40,111,2019
"Osage County, Oklahoma",49103,40,113,2019
"Jefferson County, Oklahoma",39895,40,067,2019
"Garfield County, Oklahoma",54006,40,047,2019
"Garvin County, Oklahoma",47125,40,049,2019
"Pittsburg County, Oklahoma",46784,40,121,2019
"Pontotoc County, Oklahoma",50392,40,123,2019
"Roger Mills County, Oklahoma",51302,40,129,2019
"Woodward County, Oklahoma",60147,40,153,2019
"Cherokee County, Oklahoma",42774,40,021,2019
"Delaware County, Oklahoma",41696,40,041,2019
"Ellis County, Oklahoma",53245,40,045,2019
"Grady County, Oklahoma",60875,40,051,2019
"Payne County, Oklahoma",41603,40,119,2019
"Pottawatomie County, Oklahoma",49250,40,125,2019
"Creek County, Oklahoma",51318,40,037,2019
"Tillman County, Oklahoma",42280,40,141,2019
"Washita County, Oklahoma",53274,40,149,2019
"Cotton County, Oklahoma",50885,40,033,2019
"Kiowa County, Oklahoma",38019,40,075,2019
"Le Flore County, Oklahoma",40677,40,079,2019
"McCurtain County, Oklahoma",37061,40,089,2019
"Major County, Oklahoma",54332,40,093,2019
"Mayes County, Oklahoma",50345,40,097,2019
"Oklahoma County, Oklahoma",54520,40,109,2019
"Custer County, Oklahoma",49900,40,039,2019
"Love County, Oklahoma",49399,40,085,2019
"Beckham County, Oklahoma",50721,40,009,2019
"Choctaw County, Oklahoma",34489,40,023,2019
"Jackson County, Oklahoma",49703,40,065,2019
"Lincoln County, Oklahoma",50671,40,081,2019
"Pawnee County, Oklahoma",48009,40,117,2019
"Seminole County, Oklahoma",39373,40,133,2019
"Cimarron County, Oklahoma",46328,40,025,2019
"Blaine County, Oklahoma",45792,40,011,2019
"Coal County, Oklahoma",40938,40,029,2019
"Grant County, Oklahoma",57727,40,053,2019
"Kingfisher County, Oklahoma",57777,40,073,2019
"McClain County, Oklahoma",67662,40,087,2019
"Marshall County, Oklahoma",45746,40,095,2019
"Noble County, Oklahoma",56117,40,103,2019
"Nowata County, Oklahoma",43145,40,105,2019
"Rogers County, Oklahoma",65434,40,131,2019
"Sequoyah County, Oklahoma",40351,40,135,2019
"Alfalfa County, Oklahoma",61852,40,003,2019
"Woods County, Oklahoma",54282,40,151,2019
"Cleveland County, Oklahoma",64016,40,027,2019
"Okfuskee County, Oklahoma",38411,40,107,2019
"Atoka County, Oklahoma",39316,40,005,2019
"Union County, Oregon",52171,41,061,2019
"Marion County, Oregon",59625,41,047,2019
"Douglas County, Oregon",47267,41,019,2019
"Jefferson County, Oregon",53277,41,031,2019
"Polk County, Oregon",62691,41,053,2019
"Deschutes County, Oregon",67043,41,017,2019
"Linn County, Oregon",55893,41,043,2019
"Yamhill County, Oregon",63902,41,071,2019
"Baker County, Oregon",45998,41,001,2019
"Klamath County, Oregon",46491,41,035,2019
"Lincoln County, Oregon",47882,41,041,2019
"Benton County, Oregon",62077,41,003,2019
"Crook County, Oregon",49006,41,013,2019
"Sherman County, Oregon",51071,41,055,2019
"Harney County, Oregon",40735,41,025,2019
"Malheur County, Oregon",43313,41,045,2019
"Wallowa County, Oregon",51224,41,063,2019
"Wheeler County, Oregon",40926,41,069,2019
"Morrow County, Oregon",54269,41,049,2019
"Coos County, Oregon",45051,41,011,2019
"Curry County, Oregon",48440,41,015,2019
"Gilliam County, Oregon",47500,41,021,2019
"Hood River County, Oregon",65679,41,027,2019
"Lake County, Oregon",37898,41,037,2019
"Multnomah County, Oregon",69176,41,051,2019
"Pike County, Pennsylvania",65928,42,103,2019
"Snyder County, Pennsylvania",58997,42,109,2019
"Susquehanna County, Pennsylvania",54966,42,115,2019
"Crawford County, Pennsylvania",50304,42,039,2019
"Erie County, Pennsylvania",51529,42,049,2019
"Fulton County, Pennsylvania",53476,42,057,2019
"Juniata County, Pennsylvania",53879,42,067,2019
"Schuylkill County, Pennsylvania",52280,42,107,2019
"Wyoming County, Pennsylvania",59415,42,131,2019
"Adams County, Pennsylvania",67253,42,001,2019
"Armstrong County, Pennsylvania",51410,42,005,2019
"Clinton County, Pennsylvania",50923,42,035,2019
"Carbon County, Pennsylvania",57006,42,025,2019
"Centre County, Pennsylvania",60403,42,027,2019
"Northumberland County, Pennsylvania",48671,42,097,2019
"Northampton County, Pennsylvania",70471,42,095,2019
"Venango County, Pennsylvania",49945,42,121,2019
"Beaver County, Pennsylvania",57807,42,007,2019
"Lackawanna County, Pennsylvania",52821,42,069,2019
"McKean County, Pennsylvania",48647,42,083,2019
"Fayette County, Pennsylvania",47364,42,051,2019
"Montgomery County, Pennsylvania",91546,42,091,2019
"Clearfield County, Pennsylvania",49015,42,033,2019
"Lebanon County, Pennsylvania",60281,42,075,2019
"Lycoming County, Pennsylvania",54241,42,081,2019
"Montour County, Pennsylvania",58333,42,093,2019
"Warren County, Pennsylvania",50250,42,123,2019
"Butler County, Pennsylvania",70668,42,019,2019
"Elk County, Pennsylvania",53440,42,047,2019
"Lancaster County, Pennsylvania",66056,42,071,2019
"Mercer County, Pennsylvania",50696,42,085,2019
"Potter County, Pennsylvania",45419,42,105,2019
"Tioga County, Pennsylvania",51324,42,117,2019
"Newport County, Rhode Island",79454,44,005,2019
"Providence County, Rhode Island",58974,44,007,2019
"Bristol County, Rhode Island",83092,44,001,2019
"Aiken County, South Carolina",51399,45,003,2019
"Allendale County, South Carolina",27185,45,005,2019
"Edgefield County, South Carolina",49127,45,037,2019
"Chester County, South Carolina",42442,45,023,2019
"Colleton County, South Carolina",36324,45,029,2019
"Marion County, South Carolina",32063,45,067,2019
"Lexington County, South Carolina",61173,45,063,2019
"Oconee County, South Carolina",49134,45,073,2019
"Berkeley County, South Carolina",63309,45,015,2019
"Charleston County, South Carolina",64022,45,019,2019
"Georgetown County, South Carolina",48456,45,043,2019
"Marlboro County, South Carolina",33586,45,069,2019
"Anderson County, South Carolina",50865,45,007,2019
"Chesterfield County, South Carolina",41505,45,025,2019
"Greenwood County, South Carolina",42336,45,047,2019
"Horry County, South Carolina",50704,45,051,2019
"Kershaw County, South Carolina",51479,45,055,2019
"Orangeburg County, South Carolina",37955,45,075,2019
"Spartanburg County, South Carolina",52332,45,083,2019
"Bamberg County, South Carolina",31422,45,009,2019
"Beaufort County, South Carolina",68377,45,013,2019
"Calhoun County, South Carolina",46339,45,017,2019
"Dillon County, South Carolina",30812,45,033,2019
"Saluda County, South Carolina",45714,45,081,2019
"Richland County, South Carolina",54767,45,079,2019
"Fairfield County, South Carolina",38213,45,039,2019
"Hampton County, South Carolina",33429,45,049,2019
"Greenville County, South Carolina",60351,45,045,2019
"Lancaster County, South Carolina",58849,45,057,2019
"Dorchester County, South Carolina",63080,45,035,2019
"Florence County, South Carolina",47058,45,041,2019
"Laurens County, South Carolina",43304,45,059,2019
"McCormick County, South Carolina",43633,45,065,2019
"Pickens County, South Carolina",49573,45,077,2019
"Union County, South Carolina",41186,45,087,2019
"Williamsburg County, South Carolina",32485,45,089,2019
"Aurora County, South Dakota",64083,46,003,2019
"Grant County, South Dakota",58158,46,051,2019
"Tripp County, South Dakota",57720,46,123,2019
"Ziebach County, South Dakota",37400,46,137,2019
"Spink County, South Dakota",54423,46,115,2019
"Bon Homme County, South Dakota",54737,46,009,2019
"Brookings County, South Dakota",58136,46,011,2019
"Fall River County, South Dakota",50588,46,047,2019
"Hamlin County, South Dakota",67105,46,057,2019
"Jackson County, South Dakota",33295,46,071,2019
"Custer County, South Dakota",58522,46,033,2019
"Hyde County, South Dakota",57788,46,069,2019
"Faulk County, South Dakota",55096,46,049,2019
"Hutchinson County, South Dakota",57089,46,067,2019
"Walworth County, South Dakota",55583,46,129,2019
"Buffalo County, South Dakota",34808,46,017,2019
"Day County, South Dakota",46679,46,037,2019
"Douglas County, South Dakota",58684,46,043,2019
"Harding County, South Dakota",59655,46,063,2019
"McPherson County, South Dakota",44574,46,089,2019
"Roberts County, South Dakota",50348,46,109,2019
"Sully County, South Dakota",62153,46,119,2019
"Lincoln County, South Dakota",82473,46,083,2019
"Lake County, South Dakota",61846,46,079,2019
"Lawrence County, South Dakota",52641,46,081,2019
"Codington County, South Dakota",56376,46,029,2019
"Butte County, South Dakota",46508,46,019,2019
"Corson County, South Dakota",35759,46,031,2019
"Edmunds County, South Dakota",71324,46,045,2019
"Campbell County, South Dakota",54449,46,021,2019
"Bennett County, South Dakota",47500,46,007,2019
"Haakon County, South Dakota",42250,46,055,2019
"Jones County, South Dakota",46149,46,075,2019
"Meade County, South Dakota",60578,46,093,2019
"Turner County, South Dakota",59242,46,125,2019
"Brown County, South Dakota",58216,46,013,2019
"Hanson County, South Dakota",64696,46,061,2019
"McCook County, South Dakota",61507,46,087,2019
"Mellette County, South Dakota",30650,46,095,2019
"Moody County, South Dakota",61538,46,101,2019
"Pennington County, South Dakota",57039,46,103,2019
"Union County, South Dakota",70378,46,127,2019
"Miner County, South Dakota",52910,46,097,2019
"Asotin County, Washington",53715,53,003,2019
"Adams County, Washington",48294,53,001,2019
"Garfield County, Washington",55900,53,023,2019
"Mason County, Washington",57634,53,045,2019
"Skagit County, Washington",67028,53,057,2019
"Stevens County, Washington",51775,53,065,2019
"Spokane County, Washington",56904,53,063,2019
"Lincoln County, Washington",54631,53,043,2019
"Chelan County, Washington",58795,53,007,2019
"Jefferson County, Washington",55127,53,031,2019
"Kitsap County, Washington",75411,53,035,2019
"King County, Washington",94974,53,033,2019
"Pacific County, Washington",46733,53,049,2019
"Pend Oreille County, Washington",50591,53,051,2019
"San Juan County, Washington",63622,53,055,2019
"Skamania County, Washington",65181,53,059,2019
"Whitman County, Washington",42745,53,075,2019
"Yakima County, Washington",51637,53,077,2019
"Clallam County, Washington",52192,53,009,2019
"Cowlitz County, Washington",54506,53,015,2019
"Ferry County, Washington",41939,53,019,2019
"Lewis County, Washington",53484,53,041,2019
"Douglas County, Washington",62951,53,017,2019
"Island County, Washington",68604,53,029,2019
"Pierce County, Washington",72113,53,053,2019
"Franklin County, Washington",63584,53,021,2019
"Walla Walla County, Washington",57858,53,071,2019
"Whatcom County, Washington",62984,53,073,2019
"Grant County, West Virginia",42216,54,023,2019
"Hampshire County, West Virginia",47857,54,027,2019
"Brooke County, West Virginia",51496,54,009,2019
"Doddridge County, West Virginia",45545,54,017,2019
"Hardy County, West Virginia",47438,54,031,2019
"Marion County, West Virginia",50305,54,049,2019
"Mingo County, West Virginia",32764,54,059,2019
"Hancock County, West Virginia",45763,54,029,2019
"Marshall County, West Virginia",48557,54,051,2019
"Nicholas County, West Virginia",40086,54,067,2019
"Tucker County, West Virginia",49118,54,093,2019
"Tyler County, West Virginia",43087,54,095,2019
"Roane County, West Virginia",37373,54,087,2019
"Taylor County, West Virginia",48578,54,091,2019
"Wood County, West Virginia",47321,54,107,2019
"Gilmer County, West Virginia",42636,54,021,2019
"Mason County, West Virginia",46078,54,053,2019
"Monroe County, West Virginia",38540,54,063,2019
"Pleasants County, West Virginia",56838,54,073,2019
"Cabell County, West Virginia",40028,54,011,2019
"Jefferson County, West Virginia",80430,54,037,2019
"Logan County, West Virginia",36168,54,045,2019
"Pendleton County, West Virginia",42312,54,071,2019
"Harrison County, West Virginia",53022,54,033,2019
"Ohio County, West Virginia",50584,54,069,2019
"Calhoun County, West Virginia",38382,54,013,2019
"Morgan County, West Virginia",51745,54,065,2019
"Raleigh County, West Virginia",43748,54,081,2019
"Putnam County, West Virginia",60097,54,079,2019
"Barbour County, West Virginia",38459,54,001,2019
"McDowell County, West Virginia",27682,54,047,2019
"Wayne County, West Virginia",37988,54,099,2019
"Jackson County, West Virginia",47837,54,035,2019
"Mercer County, West Virginia",40784,54,055,2019
"Upshur County, West Virginia",40322,54,097,2019
"Webster County, West Virginia",34927,54,101,2019
"Berkeley County, West Virginia",62515,54,003,2019
"Fayette County, West Virginia",41394,54,019,2019
"Iron County, Wisconsin",43798,55,051,2019
"Clark County, Wisconsin",54012,55,019,2019
"St. Croix County, Wisconsin",84756,55,109,2019
"Oconto County, Wisconsin",60908,55,083,2019
"Lincoln County, Wisconsin",58541,55,069,2019
"Waupaca County, Wisconsin",58693,55,135,2019
"Barron County, Wisconsin",52703,55,005,2019
"Sawyer County, Wisconsin",47714,55,113,2019
"Green Lake County, Wisconsin",55075,55,047,2019
"Price County, Wisconsin",47956,55,099,2019
"Marquette County, Wisconsin",52288,55,077,2019
"Marinette County, Wisconsin",50330,55,075,2019
"Milwaukee County, Wisconsin",50606,55,079,2019
"Shelby County, Missouri",44083,29,205,2019
"Webster County, Missouri",50560,29,225,2019
"Atchison County, Missouri",50236,29,005,2019
"Bates County, Missouri",47625,29,013,2019
"Benton County, Missouri",40249,29,015,2019
"Carter County, Missouri",39530,29,035,2019
"Dade County, Missouri",40399,29,057,2019
"Racine County, Wisconsin",61336,55,101,2019
"Winnebago County, Wisconsin",58543,55,139,2019
"Forest County, Wisconsin",45536,55,041,2019
"Green County, Wisconsin",64502,55,045,2019
"Rusk County, Wisconsin",47532,55,107,2019
"Shawano County, Wisconsin",56531,55,115,2019
"Langlade County, Wisconsin",49491,55,067,2019
"Outagamie County, Wisconsin",65572,55,087,2019
"Vernon County, Wisconsin",52459,55,123,2019
"Columbia County, Wisconsin",68005,55,021,2019
"Kewaunee County, Wisconsin",66192,55,061,2019
"Brown County, Wisconsin",62340,55,009,2019
"Eau Claire County, Wisconsin",59476,55,035,2019
"Oneida County, Wisconsin",56852,55,085,2019
"Polk County, Wisconsin",59994,55,095,2019
"Washburn County, Wisconsin",50280,55,129,2019
"Waukesha County, Wisconsin",87277,55,133,2019
"Walworth County, Wisconsin",63776,55,127,2019
"Crawford County, Wisconsin",50595,55,023,2019
"Juneau County, Wisconsin",53490,55,057,2019
"Sauk County, Wisconsin",59943,55,111,2019
"Washington County, Wisconsin",77663,55,131,2019
"Chippewa County, Wisconsin",59742,55,017,2019
"Dane County, Wisconsin",73893,55,025,2019
"Douglas County, Wisconsin",53986,55,031,2019
"Jackson County, Wisconsin",53650,55,053,2019
"Iowa County, Wisconsin",64124,55,049,2019
"Ozaukee County, Wisconsin",85215,55,089,2019
"Portage County, Wisconsin",58853,55,097,2019
"Rock County, Wisconsin",57875,55,105,2019
"Taylor County, Wisconsin",53020,55,119,2019
"Adams County, Wisconsin",46369,55,001,2019
"Bayfield County, Wisconsin",56096,55,007,2019
"Monroe County, Wisconsin",59587,55,081,2019
"Wood County, Wisconsin",54913,55,141,2019
"Ashland County, Wisconsin",42510,55,003,2019
"Florence County, Wisconsin",52181,55,037,2019
"Jefferson County, Wisconsin",66291,55,055,2019
"Campbell County, Wyoming",82659,56,005,2019
"Lincoln County, Wyoming",66964,56,023,2019
"Natrona County, Wyoming",62772,56,025,2019
"Converse County, Wyoming",69647,56,009,2019
"Niobrara County, Wyoming",39150,56,027,2019
"Sweetwater County, Wyoming",74843,56,037,2019
"Warren County, Tennessee",41125,47,177,2019
"Washington County, Tennessee",48334,47,179,2019
"Weakley County, Tennessee",39937,47,183,2019
"Benton County, Tennessee",37512,47,005,2019
"Bledsoe County, Tennessee",44122,47,007,2019
"Campbell County, Tennessee",39803,47,013,2019
"Cannon County, Tennessee",55330,47,015,2019
"Houston County, Tennessee",42711,47,083,2019
"Maury County, Tennessee",57170,47,119,2019
"Polk County, Texas",49279,48,373,2019
"Refugio County, Texas",50076,48,391,2019
"Van Zandt County, Texas",54654,48,467,2019
"Caldwell County, Texas",54152,48,055,2019
"Wilbarger County, Texas",45302,48,487,2019
"Martin County, Texas",66610,48,317,2019
"Linn County, Missouri",45930,29,115,2019
"Howell County, Missouri",38357,29,091,2019
"Johnson County, Missouri",55273,29,101,2019
"Laclede County, Missouri",47257,29,105,2019
"Maries County, Missouri",47569,29,125,2019
"Phelps County, Missouri",44154,29,161,2019
"Platte County, Missouri",80393,29,165,2019
"St. Francois County, Missouri",46466,29,187,2019
"St. Louis city, Missouri",43896,29,510,2019
"Andrew County, Missouri",58772,29,003,2019
"Butler County, Missouri",39915,29,023,2019
"Carroll County, Missouri",50830,29,033,2019
"Daviess County, Missouri",51679,29,061,2019
"Holt County, Missouri",49524,29,087,2019
"Marion County, Missouri",48784,29,127,2019
"Osage County, Missouri",61687,29,151,2019
"Ripley County, Missouri",34971,29,181,2019
"Warren County, Missouri",60125,29,219,2019
"Washington County, Missouri",41483,29,221,2019
"Christian County, Missouri",60645,29,043,2019
"DeKalb County, Missouri",55918,29,063,2019
"Harrison County, Missouri",42917,29,081,2019
"Lafayette County, Missouri",58766,29,107,2019
"Adair County, Missouri",41929,29,001,2019
"Scotland County, Missouri",50085,29,199,2019
"Sullivan County, Missouri",46481,29,211,2019
"Clark County, Missouri",48909,29,045,2019
"Jasper County, Missouri",48357,29,097,2019
"Lewis County, Missouri",45988,29,111,2019
"McDonald County, Missouri",41643,29,119,2019
"Perry County, Missouri",55863,29,157,2019
"Polk County, Missouri",45660,29,167,2019
"Ray County, Missouri",61957,29,177,2019
"Hill County, Montana",49321,30,041,2019
"Chouteau County, Montana",42298,30,015,2019
"Lincoln County, Montana",40140,30,053,2019
"Park County, Montana",53068,30,067,2019
"Treasure County, Montana",43047,30,103,2019
"Blaine County, Montana",41279,30,005,2019
"Sweet Grass County, Montana",49886,30,097,2019
"Teton County, Montana",55000,30,099,2019
"Prairie County, Montana",43625,30,079,2019
"Glacier County, Montana",36045,30,035,2019
"Fallon County, Montana",64545,30,025,2019
"Golden Valley County, Montana",43875,30,037,2019
"Silver Bow County, Montana",45718,30,093,2019
"Stillwater County, Montana",64645,30,095,2019
"Jefferson County, Montana",69646,30,043,2019
"Granite County, Montana",49881,30,039,2019
"Wheatland County, Montana",39655,30,107,2019
"Madison County, Montana",54107,30,057,2019
"Sheridan County, Montana",55521,30,091,2019
"Carter County, Montana",48000,30,011,2019
"Big Horn County, Montana",49859,30,003,2019
"Lake County, Montana",48829,30,047,2019
"Lewis and Clark County, Montana",65791,30,049,2019
"Pondera County, Montana",51151,30,073,2019
"Yellowstone County, Montana",61264,30,111,2019
"Missoula County, Montana",54062,30,063,2019
"Yoakum County, Texas",70005,48,501,2019
"Hale County, Texas",48384,48,189,2019
"Shelby County, Texas",42522,48,419,2019
"Red River County, Texas",39142,48,387,2019
"Runnels County, Texas",44940,48,399,2019
"Sutton County, Texas",54306,48,435,2019
"Tom Green County, Texas",53903,48,451,2019
"Victoria County, Texas",56834,48,469,2019
"Wharton County, Texas",48310,48,481,2019
"Wichita County, Texas",48650,48,485,2019
"Borden County, Texas",72188,48,033,2019
"Marion County, Texas",37662,48,315,2019
"Maverick County, Texas",39625,48,323,2019
"Grayson County, Texas",54815,48,181,2019
"Live Oak County, Texas",53848,48,297,2019
"Palo Pinto County, Texas",50154,48,363,2019
"Karnes County, Texas",56127,48,255,2019
"DeWitt County, Texas",55357,48,123,2019
"Callahan County, Texas",48651,48,059,2019
"Cass County, Texas",44848,48,067,2019
"Gregg County, Texas",50180,48,183,2019
"Madison County, Texas",52664,48,313,2019
"Lubbock County, Texas",52429,48,303,2019
"Kaufman County, Texas",70107,48,257,2019
"Kendall County, Texas",84747,48,259,2019
"Floyd County, Texas",50580,48,153,2019
"Bailey County, Texas",52273,48,017,2019
"Chambers County, Texas",91141,48,071,2019
"Bell County, Texas",54884,48,027,2019
"Cameron County, Texas",38758,48,061,2019
"Deaf Smith County, Texas",49701,48,117,2019
"El Paso County, Texas",46871,48,141,2019
"La Salle County, Texas",50151,48,283,2019
"Terrell County, Texas",43208,48,443,2019
"Tyler County, Texas",44497,48,457,2019
"Wheeler County, Texas",49315,48,483,2019
"Archer County, Texas",63835,48,009,2019
"Brewster County, Texas",47080,48,043,2019
"Hidalgo County, Texas",40014,48,215,2019
"Smith County, Texas",56810,48,423,2019
"Crockett County, Texas",47386,48,105,2019
"Haskell County, Texas",40313,48,207,2019
"Howard County, Texas",54208,48,227,2019
"Mills County, Texas",49306,48,333,2019
"Montague County, Texas",51765,48,337,2019
"Panola County, Texas",52982,48,365,2019
"Sabine County, Texas",34992,48,403,2019
"Sherman County, Texas",51926,48,421,2019
"Swisher County, Texas",39771,48,437,2019
"Hunt County, Texas",54959,48,231,2019
"Camp County, Texas",48207,48,063,2019
"Hansford County, Texas",38000,48,195,2019
"Guadalupe County, Texas",74496,48,187,2019
"Clay County, Texas",55989,48,077,2019
"Hartley County, Texas",58298,48,205,2019
"Reagan County, Texas",74868,48,383,2019
"Hill County, Texas",53307,48,217,2019
"Limestone County, Texas",44418,48,293,2019
"Nacogdoches County, Texas",44847,48,347,2019
"Parmer County, Texas",55359,48,369,2019
"Parker County, Texas",77503,48,367,2019
"Ravalli County, Montana",53054,30,081,2019
"Valley County, Montana",53162,30,105,2019
"Cascade County, Montana",49913,30,013,2019
"Fergus County, Montana",50540,30,027,2019
"Garfield County, Montana",42000,30,033,2019
"Mineral County, Montana",41705,30,061,2019
"Petroleum County, Montana",51250,30,069,2019
"Powell County, Montana",54667,30,077,2019
"Sanders County, Montana",40823,30,089,2019
"Wibaux County, Montana",53958,30,109,2019
"Gallatin County, Montana",66397,30,031,2019
"Meagher County, Montana",46607,30,059,2019
"Carbon County, Montana",58707,30,009,2019
"Beaverhead County, Montana",43201,30,001,2019
"Flathead County, Montana",56182,30,029,2019
"Musselshell County, Montana",43274,30,065,2019
"Harlan County, Nebraska",49835,31,083,2019
"York County, Nebraska",60298,31,185,2019
"Buffalo County, Nebraska",59431,31,019,2019
"Colfax County, Nebraska",58872,31,037,2019
"Hitchcock County, Nebraska",49962,31,087,2019
"Platte County, Nebraska",62305,31,141,2019
"Polk County, Nebraska",67719,31,143,2019
"Box Butte County, Nebraska",54004,31,013,2019
"Brown County, Nebraska",43098,31,017,2019
"Sheridan County, Nebraska",45371,31,161,2019
"Lancaster County, Nebraska",60527,31,109,2019
"Nuckolls County, Nebraska",43388,31,129,2019
"Banner County, Nebraska",51750,31,007,2019
"Frontier County, Nebraska",54659,31,063,2019
"Douglas County, Nebraska",64629,31,055,2019
"Richardson County, Nebraska",47917,31,147,2019
"Holt County, Nebraska",60387,31,089,2019
"Furnas County, Nebraska",48838,31,065,2019
"Saline County, Nebraska",51502,31,151,2019
"Thurston County, Nebraska",51034,31,173,2019
"Washington County, Nebraska",71430,31,177,2019
"Cherry County, Nebraska",56651,31,031,2019
"Dodge County, Nebraska",54085,31,053,2019
"Garden County, Nebraska",43750,31,069,2019
"Morrill County, Nebraska",46194,31,123,2019
"Nemaha County, Nebraska",51828,31,127,2019
"Thomas County, Nebraska",59432,31,171,2019
"Dakota County, Nebraska",59231,31,043,2019
"Antelope County, Nebraska",49912,31,003,2019
"Chase County, Nebraska",57009,31,029,2019
"Clay County, Nebraska",57173,31,035,2019
"Custer County, Nebraska",52184,31,041,2019
"Franklin County, Nebraska",49282,31,061,2019
"Hamilton County, Nebraska",64210,31,081,2019
"Jefferson County, Nebraska",44510,31,095,2019
"Keith County, Nebraska",50735,31,101,2019
"Loup County, Nebraska",51000,31,115,2019
"Perkins County, Nebraska",65543,31,135,2019
"Saunders County, Nebraska",68682,31,155,2019
"Scotts Bluff County, Nebraska",49745,31,157,2019
"Keya Paha County, Nebraska",56500,31,103,2019
"Kimball County, Nebraska",53403,31,105,2019
"Lincoln County, Nebraska",59795,31,111,2019
"Presidio County, Texas",25098,48,377,2019
"Val Verde County, Texas",46147,48,465,2019
"Culberson County, Texas",37900,48,109,2019
"Ector County, Texas",62973,48,135,2019
"Garza County, Texas",49627,48,169,2019
"Glasscock County, Texas",78456,48,173,2019
"Grimes County, Texas",52913,48,185,2019
"Collin County, Texas",96913,48,085,2019
"Angelina County, Texas",50453,48,005,2019
"Cottle County, Texas",32305,48,101,2019
"Hays County, Texas",68717,48,209,2019
"Brazoria County, Texas",81447,48,039,2019
"Donley County, Texas",42961,48,129,2019
"Atascosa County, Texas",55366,48,013,2019
"Nolan County, Texas",45537,48,353,2019
"Hudspeth County, Texas",31677,48,229,2019
"Ward County, Texas",62986,48,475,2019
"Harrison County, Texas",52220,48,203,2019
"Menard County, Texas",36395,48,327,2019
"Fayette County, Texas",60189,48,149,2019
"Williamson County, Texas",87337,48,491,2019
"Hutchinson County, Texas",52524,48,233,2019
"Morris County, Texas",41359,48,343,2019
"Orange County, Texas",59399,48,361,2019
"Winkler County, Texas",60366,48,495,2019
"Harris County, Texas",61705,48,201,2019
"Burnet County, Texas",59492,48,053,2019
"Gillespie County, Texas",59155,48,171,2019
"Dallas County, Texas",59607,48,113,2019
"McMullen County, Texas",62000,48,311,2019
"Young County, Texas",50635,48,503,2019
"Johnson County, Texas",64359,48,251,2019
"Hopkins County, Texas",52078,48,223,2019
"Ochiltree County, Texas",50464,48,357,2019
"Knox County, Texas",48798,48,275,2019
"McLennan County, Texas",49778,48,309,2019
"Concho County, Texas",47500,48,095,2019
"Edwards County, Texas",40766,48,137,2019
"Eastland County, Texas",37276,48,133,2019
"Jeff Davis County, Texas",53088,48,243,2019
"Jim Hogg County, Texas",33382,48,247,2019
"Montgomery County, Texas",80902,48,339,2019
"Dimmit County, Texas",27161,48,127,2019
"Webb County, Texas",46475,48,479,2019
"Armstrong County, Texas",72500,48,011,2019
"Castro County, Texas",50142,48,069,2019
"Kleberg County, Texas",43730,48,273,2019
"Cooke County, Texas",60202,48,097,2019
"Crosby County, Texas",40759,48,107,2019
"Fisher County, Texas",46146,48,151,2019
"Duval County, Texas",41186,48,131,2019
"Blanco County, Texas",66390,48,031,2019
"Jasper County, Texas",44370,48,241,2019
"Jefferson County, Texas",51248,48,245,2019
"Kinney County, Texas",26738,48,271,2019
"Oldham County, Texas",64545,48,359,2019
"Lamb County, Texas",45111,48,279,2019
"Lipscomb County, Texas",59091,48,295,2019
"McCulloch County, Texas",47707,48,307,2019
"Mason County, Texas",42276,48,319,2019
"Dickens County, Texas",42540,48,125,2019
"Pierce County, Nebraska",64511,31,139,2019
"Sioux County, Nebraska",48269,31,165,2019
"Burt County, Nebraska",54203,31,021,2019
"Cass County, Nebraska",71846,31,025,2019
"Cuming County, Nebraska",56768,31,039,2019
"Dixon County, Nebraska",56905,31,051,2019
"Dundy County, Nebraska",41716,31,057,2019
"Grant County, Nebraska",46500,31,075,2019
"Greeley County, Nebraska",47869,31,077,2019
"Hall County, Nebraska",57104,31,079,2019
"Hayes County, Nebraska",51726,31,085,2019
"Otoe County, Nebraska",59167,31,131,2019
"Red Willow County, Nebraska",48808,31,145,2019
"Cedar County, Nebraska",61869,31,027,2019
"Dawes County, Nebraska",50750,31,045,2019
"Johnson County, Nebraska",54712,31,097,2019
"Cheyenne County, Nebraska",53871,31,033,2019
"Dawson County, Nebraska",53721,31,047,2019
"Garfield County, Nebraska",53000,31,071,2019
"McPherson County, Nebraska",48125,31,117,2019
"Nance County, Nebraska",49032,31,125,2019
"Stanton County, Nebraska",63986,31,167,2019
"Valley County, Nebraska",55324,31,175,2019
"Churchill County, Nevada",57824,32,001,2019
"Douglas County, Nevada",66810,32,005,2019
"Pershing County, Nevada",50491,32,027,2019
"Eureka County, Nevada",67105,32,011,2019
"Humboldt County, Nevada",67756,32,013,2019
"White Pine County, Nevada",60827,32,033,2019
"Elko County, Nevada",81232,32,007,2019
"Nye County, Nevada",47300,32,023,2019
"Storey County, Nevada",66292,32,029,2019
"Clark County, Nevada",59340,32,003,2019
"Lyon County, Nevada",56875,32,019,2019
"Cheshire County, New Hampshire",64751,33,005,2019
"Grafton County, New Hampshire",63389,33,009,2019
"Rockingham County, New Hampshire",93756,33,015,2019
"Sullivan County, New Hampshire",61312,33,019,2019
"Hillsborough County, New Hampshire",81460,33,011,2019
"Coos County, New Hampshire",47117,33,007,2019
"Carroll County, New Hampshire",63153,33,003,2019
"Mercer County, New Jersey",81057,34,021,2019
"Cumberland County, New Jersey",54149,34,011,2019
"Somerset County, New Jersey",113611,34,035,2019
"Ocean County, New Jersey",70909,34,029,2019
"Atlantic County, New Jersey",62110,34,001,2019
"Middlesex County, New Jersey",89533,34,023,2019
"Salem County, New Jersey",66842,34,033,2019
"Cape May County, New Jersey",67074,34,009,2019
"Camden County, New Jersey",70451,34,007,2019
"Union County, New Jersey",80198,34,039,2019
"Hudson County, New Jersey",71189,34,017,2019
"Hunterdon County, New Jersey",115379,34,019,2019
"Morris County, New Jersey",115527,34,027,2019
"Hidalgo County, New Mexico",42526,35,023,2019
"McKinley County, New Mexico",33834,35,031,2019
"Sandoval County, New Mexico",63802,35,043,2019
"Grant County, New Mexico",37843,35,017,2019
"Curry County, New Mexico",45092,35,009,2019
"Lee County, Texas",54744,48,287,2019
"Tarrant County, Texas",67700,48,439,2019
"Anderson County, Texas",43455,48,001,2019
"Ellis County, Texas",76871,48,139,2019
"Jackson County, Texas",62806,48,239,2019
"Kerr County, Texas",55990,48,265,2019
"Milam County, Texas",47902,48,331,2019
"Comanche County, Texas",53516,48,093,2019
"Falls County, Texas",39497,48,145,2019
"Brooks County, Texas",28333,48,047,2019
"Austin County, Texas",66206,48,015,2019
"Kenedy County, Texas",38021,48,261,2019
"Colorado County, Texas",52559,48,089,2019
"San Patricio County, Texas",56556,48,409,2019
"Randall County, Texas",68261,48,381,2019
"San Saba County, Texas",45083,48,411,2019
"Schleicher County, Texas",53229,48,413,2019
"Zavala County, Texas",34459,48,507,2019
"Calhoun County, Texas",58776,48,057,2019
"Foard County, Texas",43625,48,155,2019
"Goliad County, Texas",60690,48,175,2019
"Hamilton County, Texas",50825,48,193,2019
"Mitchell County, Texas",51492,48,335,2019
"Titus County, Texas",50196,48,449,2019
"Lavaca County, Texas",54403,48,285,2019
"Terry County, Texas",44627,48,445,2019
"Wise County, Texas",64536,48,497,2019
"Matagorda County, Texas",48913,48,321,2019
"Pecos County, Texas",52397,48,371,2019
"Rockwall County, Texas",100920,48,397,2019
"Taylor County, Texas",53143,48,441,2019
"Throckmorton County, Texas",40000,48,447,2019
"Walker County, Texas",43742,48,471,2019
"Wood County, Texas",53394,48,499,2019
"Aransas County, Texas",45137,48,007,2019
"Cochran County, Texas",40962,48,079,2019
"Coke County, Texas",45000,48,081,2019
"Coryell County, Texas",52893,48,099,2019
"Hemphill County, Texas",70625,48,211,2019
"Moore County, Texas",54871,48,341,2019
"Potter County, Texas",42528,48,375,2019
"San Augustine County, Texas",40353,48,405,2019
"Shackelford County, Texas",46935,48,417,2019
"Starr County, Texas",30387,48,427,2019
"Upton County, Texas",52171,48,461,2019
"Brown County, Texas",48365,48,049,2019
"Hall County, Texas",34673,48,191,2019
"Franklin County, Texas",53783,48,159,2019
"Frio County, Texas",46729,48,163,2019
"Lampasas County, Texas",60772,48,281,2019
"Orleans County, Vermont",49168,50,019,2019
"Grand Isle County, Vermont",71587,50,013,2019
"Chittenden County, Vermont",73647,50,007,2019
"Lamoille County, Vermont",64003,50,015,2019
"Franklin County, Vermont",65485,50,011,2019
"Caledonia County, Vermont",50563,50,005,2019
"Windham County, Vermont",51985,50,025,2019
"Bennington County, Vermont",56183,50,003,2019
"Addison County, Vermont",68825,50,001,2019
"Essex County, Vermont",44349,50,009,2019
"Eddy County, New Mexico",65328,35,015,2019
"Mora County, New Mexico",28446,35,033,2019
"San Juan County, New Mexico",50518,35,045,2019
"Benton County, Mississippi",36258,28,009,2019
"Franklin County, Mississippi",40219,28,037,2019
"Coahoma County, Mississippi",29121,28,027,2019
"Jasper County, Mississippi",35872,28,061,2019
"Jones County, Mississippi",41775,28,067,2019
"Walthall County, Mississippi",30961,28,147,2019
"Monroe County, Mississippi",42354,28,095,2019
"Pontotoc County, Mississippi",44759,28,115,2019
"Holmes County, Mississippi",21504,28,051,2019
"Amite County, Mississippi",33981,28,005,2019
"Madison County, Mississippi",71824,28,089,2019
"Calhoun County, Mississippi",37263,28,013,2019
"Marion County, Mississippi",32090,28,091,2019
"Tishomingo County, Mississippi",37681,28,141,2019
"Wayne County, Mississippi",37706,28,153,2019
"Greene County, Mississippi",49677,28,041,2019
"Marshall County, Mississippi",42233,28,093,2019
"Quitman County, Mississippi",25283,28,119,2019
"Pearl River County, Mississippi",46901,28,109,2019
"Leake County, Mississippi",37096,28,079,2019
"Neshoba County, Mississippi",37987,28,099,2019
"Rankin County, Mississippi",65996,28,121,2019
"Washington County, Mississippi",29705,28,151,2019
"Lawrence County, Mississippi",41914,28,077,2019
"Perry County, Mississippi",42469,28,111,2019
"Chickasaw County, Mississippi",36548,28,017,2019
"Carroll County, Mississippi",46052,28,015,2019
"George County, Mississippi",47292,28,039,2019
"Grenada County, Mississippi",40122,28,043,2019
"Jefferson County, Mississippi",25019,28,063,2019
"Newton County, Mississippi",35958,28,101,2019
"Prentiss County, Mississippi",39256,28,117,2019
"Sharkey County, Mississippi",29394,28,125,2019
"Choctaw County, Mississippi",36777,28,019,2019
"Hancock County, Mississippi",48119,28,045,2019
"Itawamba County, Mississippi",44567,28,057,2019
"Issaquena County, Mississippi",24208,28,055,2019
"Jackson County, Mississippi",51657,28,059,2019
"Leflore County, Mississippi",26735,28,083,2019
"Tunica County, Mississippi",39370,28,143,2019
"Claiborne County, Mississippi",29338,28,021,2019
"Harrison County, Mississippi",47894,28,047,2019
"Lauderdale County, Mississippi",42534,28,075,2019
"Lincoln County, Mississippi",42606,28,085,2019
"Simpson County, Mississippi",43850,28,127,2019
"Winston County, Mississippi",34724,28,159,2019
"Attala County, Mississippi",33767,28,007,2019
"Lamar County, Mississippi",60328,28,073,2019
"Lee County, Mississippi",50559,28,081,2019
"Tallahatchie County, Mississippi",29864,28,135,2019
"Smith County, Mississippi",43105,28,129,2019
"Warren County, Mississippi",45113,28,149,2019
"Clarke County, Mississippi",43207,28,023,2019
"Montgomery County, Mississippi",39840,28,097,2019
"Oktibbeha County, Mississippi",40453,28,105,2019
"Washington County, Vermont",62791,50,023,2019
"Millard County, Utah",62242,49,027,2019
"Tooele County, Utah",74562,49,045,2019
"Washington County, Utah",59839,49,053,2019
"Kane County, Utah",47044,49,025,2019
"Summit County, Utah",102958,49,043,2019
"Grand County, Utah",51557,49,019,2019
"Piute County, Utah",42813,49,031,2019
"Rich County, Utah",57902,49,033,2019
"Wasatch County, Utah",85166,49,051,2019
"Beaver County, Utah",55221,49,001,2019
"Box Elder County, Utah",62233,49,003,2019
"Iron County, Utah",51807,49,021,2019
"Sanpete County, Utah",53838,49,039,2019
"Sevier County, Utah",54799,49,041,2019
"Weber County, Utah",67244,49,057,2019
"San Juan County, Utah",45394,49,037,2019
"Salt Lake County, Utah",74865,49,035,2019
"Daggett County, Utah",75417,49,009,2019
"Wayne County, Utah",44245,49,055,2019
"Carbon County, Utah",51158,49,007,2019
"Morgan County, Utah",91341,49,029,2019
"Cache County, Utah",59038,49,005,2019
"Juab County, Utah",61463,49,023,2019
"James City County, Virginia",87678,51,095,2019
"Russell County, Virginia",39758,51,167,2019
"Smyth County, Virginia",40932,51,173,2019
"Charlottesville city, Virginia",59471,51,540,2019
"Campbell County, Virginia",49664,51,031,2019
"Henrico County, Virginia",70307,51,087,2019
"King George County, Virginia",94274,51,099,2019
"Lancaster County, Virginia",53711,51,103,2019
"Lee County, Virginia",32888,51,105,2019
"Mathews County, Virginia",64237,51,115,2019
"Middlesex County, Virginia",57438,51,119,2019
"Prince George County, Virginia",71912,51,149,2019
"Richmond County, Virginia",49517,51,159,2019
"Scott County, Virginia",39820,51,169,2019
"Spotsylvania County, Virginia",88628,51,177,2019
"Appomattox County, Virginia",58696,51,011,2019
"Franklin County, Virginia",56254,51,067,2019
"King and Queen County, Virginia",63982,51,097,2019
"Montgomery County, Virginia",57977,51,121,2019
"New Kent County, Virginia",87904,51,127,2019
"Cumberland County, Virginia",47469,51,049,2019
"Dickenson County, Virginia",29932,51,051,2019
"Halifax County, Virginia",42669,51,083,2019
"Loudoun County, Virginia",142299,51,107,2019
"Prince William County, Virginia",107132,51,153,2019
"Southampton County, Virginia",61348,51,175,2019
"Highland County, Virginia",48587,51,091,2019
"Caroline County, Virginia",65103,51,033,2019
"Gloucester County, Virginia",70537,51,073,2019
"Patrick County, Virginia",43073,51,141,2019
"Powhatan County, Virginia",89090,51,145,2019
"Shenandoah County, Virginia",57252,51,171,2019
"Fauquier County, Virginia",100783,51,061,2019
"Staunton city, Virginia",52611,51,790,2019
"Fluvanna County, Virginia",76873,51,065,2019
"Webster County, Mississippi",45730,28,155,2019
"Alcorn County, Mississippi",42086,28,003,2019
"Clay County, Mississippi",31833,28,025,2019
"Covington County, Mississippi",38178,28,031,2019
"Humphreys County, Mississippi",28962,28,053,2019
"Dauphin County, Pennsylvania",60715,42,043,2019
"Franklin County, Pennsylvania",63379,42,055,2019
"Union County, Pennsylvania",59399,42,119,2019
"Wayne County, Pennsylvania",56096,42,127,2019
"Bedford County, Pennsylvania",50509,42,009,2019
"Monroe County, Pennsylvania",63934,42,089,2019
"Huntingdon County, Pennsylvania",51678,42,061,2019
"Washington County, Pennsylvania",63543,42,125,2019
"Philadelphia County, Pennsylvania",45927,42,101,2019
"York County, Pennsylvania",66457,42,133,2019
"Indiana County, Pennsylvania",49320,42,063,2019
"Cumberland County, Pennsylvania",71269,42,041,2019
"Allegheny County, Pennsylvania",61043,42,003,2019
"Westmoreland County, Pennsylvania",60471,42,129,2019
"Forest County, Pennsylvania",39717,42,053,2019
"Blair County, Pennsylvania",49181,42,013,2019
"Lawrence County, Pennsylvania",50204,42,073,2019
"Bradford County, Pennsylvania",52358,42,015,2019
"Cambria County, Pennsylvania",46659,42,021,2019
"Chester County, Pennsylvania",100214,42,029,2019
"Berks County, Pennsylvania",63728,42,011,2019
"Mifflin County, Pennsylvania",50219,42,087,2019
"Mercer County, Missouri",47298,29,129,2019
"Wright County, Missouri",34776,29,229,2019
"Clay County, Missouri",70510,29,047,2019
"Dent County, Missouri",42100,29,065,2019
"Saline County, Missouri",44720,29,195,2019
"Worth County, Missouri",53580,29,227,2019
"Grundy County, Missouri",45594,29,079,2019
"Morgan County, Missouri",39003,29,141,2019
"Reynolds County, Missouri",40324,29,179,2019
"St. Louis County, Missouri",67420,29,189,2019
"Stone County, Missouri",49656,29,209,2019
"Barry County, Missouri",44403,29,009,2019
"Boone County, Missouri",55328,29,019,2019
"Cole County, Missouri",60066,29,051,2019
"Crawford County, Missouri",44438,29,055,2019
"Iron County, Missouri",37435,29,093,2019
"Livingston County, Missouri",46992,29,117,2019
"Moniteau County, Missouri",58010,29,135,2019
"Pemiscot County, Missouri",33859,29,155,2019
"Pettis County, Missouri",46157,29,159,2019
"Shannon County, Missouri",34265,29,203,2019
"Randolph County, Missouri",47740,29,175,2019
"Dunklin County, Missouri",36380,29,069,2019
"Franklin County, Missouri",57214,29,071,2019
"Howard County, Missouri",52700,29,089,2019
"Jackson County, Missouri",55134,29,095,2019
"Miller County, Missouri",47171,29,131,2019
"Putnam County, Missouri",42849,29,171,2019
"Taney County, Missouri",46031,29,213,2019
"Buchanan County, Missouri",51916,29,021,2019
"Caldwell County, Missouri",49839,29,025,2019
"Radford city, Virginia",36297,51,750,2019
"Winchester city, Virginia",58818,51,840,2019
"Accomack County, Virginia",46073,51,001,2019
"Craig County, Virginia",55708,51,045,2019
"Floyd County, Virginia",51521,51,063,2019
"Giles County, Virginia",54520,51,071,2019
"Grayson County, Virginia",36544,51,077,2019
"Nottoway County, Virginia",45535,51,135,2019
"Rappahannock County, Virginia",74284,51,157,2019
"Charles City County, Virginia",57198,51,036,2019
"Culpeper County, Virginia",77935,51,047,2019
"Dinwiddie County, Virginia",60346,51,053,2019
"Greene County, Virginia",67398,51,079,2019
"Hanover County, Virginia",89390,51,085,2019
"Lunenburg County, Virginia",44303,51,111,2019
"Orange County, Virginia",71548,51,137,2019
"Emporia city, Virginia",27063,51,595,2019
"Wythe County, Virginia",49364,51,197,2019
"Chesapeake city, Virginia",78640,51,550,2019
"Harrisonburg city, Virginia",46679,51,660,2019
"Albemarle County, Virginia",79880,51,003,2019
"Bedford County, Virginia",64199,51,019,2019
"Buckingham County, Virginia",49025,51,029,2019
"Wise County, Virginia",38888,51,195,2019
"Covington city, Virginia",40655,51,580,2019
"Portsmouth city, Virginia",52175,51,740,2019
"Virginia Beach city, Virginia",76610,51,810,2019
"Alleghany County, Virginia",47673,51,005,2019
"Galax city, Virginia",33575,51,640,2019
"Westmoreland County, Virginia",53853,51,193,2019
"Northumberland County, Virginia",62632,51,133,2019
"Pulaski County, Virginia",53866,51,155,2019
"Warren County, Virginia",69116,51,187,2019
"Danville city, Virginia",37203,51,590,2019
"Fredericksburg city, Virginia",65641,51,630,2019
"Amherst County, Virginia",52888,51,009,2019
"Bath County, Virginia",49738,51,017,2019
"Hopewell city, Virginia",39030,51,670,2019
"Newport News city, Virginia",53215,51,700,2019
"Frederick County, Virginia",78002,51,069,2019
"Lynchburg city, Virginia",46409,51,680,2019
"York County, Virginia",92069,51,199,2019
"Martinsville city, Virginia",34371,51,690,2019
"Nelson County, Virginia",64313,51,125,2019
"Pittsylvania County, Virginia",47690,51,143,2019
"Buena Vista city, Virginia",32455,51,530,2019
"Falls Church city, Virginia",127610,51,610,2019
"Petersburg city, Virginia",38679,51,730,2019
"Poquoson city, Virginia",97118,51,735,2019
"Fairfax city, Virginia",116979,51,600,2019
"Waynesboro city, Virginia",45011,51,820,2019
"Roanoke city, Virginia",44230,51,770,2019
"Suffolk city, Virginia",74884,51,800,2019
"Norfolk city, Virginia",51590,51,710,2019
"Amelia County, Virginia",57946,51,007,2019
"Chesterfield County, Virginia",82599,51,041,2019
"Fairfax County, Virginia",124831,51,059,2019
"Okanogan County, Washington",47240,53,047,2019
"Kittitas County, Washington",56004,53,037,2019
"Cass County, Missouri",69433,29,037,2019
"Clinton County, Missouri",62701,29,049,2019
"Dallas County, Missouri",43542,29,059,2019
"Hickory County, Missouri",34182,29,085,2019
"Lincoln County, Missouri",64196,29,113,2019
"Monroe County, Missouri",43966,29,137,2019
"Newton County, Missouri",50813,29,145,2019
"Pike County, Missouri",46385,29,163,2019
"St. Charles County, Missouri",84978,29,183,2019
"Cape Girardeau County, Missouri",53732,29,031,2019
"Coffee County, Tennessee",50351,47,031,2019
"Fayette County, Tennessee",60711,47,047,2019
"Hancock County, Tennessee",30136,47,067,2019
"Hawkins County, Tennessee",41924,47,073,2019
"Johnson County, Tennessee",36004,47,091,2019
"Lincoln County, Tennessee",49485,47,103,2019
"Macon County, Tennessee",37430,47,111,2019
"Moore County, Tennessee",57708,47,127,2019
"Robertson County, Tennessee",63307,47,147,2019
"Franklin County, Tennessee",51585,47,051,2019
"Blount County, Tennessee",56667,47,009,2019
"Cheatham County, Tennessee",61913,47,021,2019
"Carter County, Tennessee",38092,47,019,2019
"Grainger County, Tennessee",44064,47,057,2019
"Giles County, Tennessee",49614,47,055,2019
"Lauderdale County, Tennessee",39896,47,097,2019
"Lawrence County, Tennessee",43614,47,099,2019
"Madison County, Tennessee",48161,47,113,2019
"Marion County, Tennessee",49432,47,115,2019
"Overton County, Tennessee",37197,47,133,2019
"Pickett County, Tennessee",39554,47,137,2019
"Wayne County, Tennessee",41427,47,181,2019
"Williamson County, Tennessee",112962,47,187,2019
"Bedford County, Tennessee",50415,47,003,2019
"Greene County, Tennessee",42595,47,059,2019
"Cumberland County, Tennessee",45958,47,035,2019
"Van Buren County, Tennessee",42724,47,175,2019
"Claiborne County, Tennessee",36835,47,025,2019
"Hickman County, Tennessee",43596,47,081,2019
"Humphreys County, Tennessee",45667,47,085,2019
"Putnam County, Tennessee",44259,47,141,2019
"Sevier County, Tennessee",49610,47,155,2019
"Stewart County, Tennessee",45809,47,161,2019
"Chester County, Tennessee",51946,47,023,2019
"Decatur County, Tennessee",42031,47,039,2019
"Jackson County, Tennessee",35207,47,087,2019
"McNairy County, Tennessee",39161,47,109,2019
"Roane County, Tennessee",53367,47,145,2019
"Bradley County, Tennessee",51331,47,011,2019
"Hamblen County, Tennessee",43619,47,063,2019
"Union County, Tennessee",44671,47,173,2019
"Hardin County, Tennessee",40682,47,071,2019
"Dickson County, Tennessee",53076,47,043,2019
"Morgan County, Tennessee",41333,47,129,2019
"Monroe County, Tennessee",42429,47,123,2019
"Henry County, Tennessee",40502,47,079,2019
"Crockett County, Tennessee",44717,47,033,2019
"Lake County, Tennessee",35191,47,095,2019
"Knox County, Tennessee",57470,47,093,2019
"Benton County, Washington",69023,53,005,2019
"Clark County, Washington",75253,53,011,2019
"Autauga County, Alabama",57982,01,001,2020
"Baldwin County, Alabama",61756,01,003,2020
"Barbour County, Alabama",34990,01,005,2020
"Bibb County, Alabama",51721,01,007,2020
"Blount County, Alabama",48922,01,009,2020
"Bullock County, Alabama",33866,01,011,2020
"Butler County, Alabama",44850,01,013,2020
"Calhoun County, Alabama",50128,01,015,2020
"Lewis County, Kentucky",29844,21,135,2020
"Lincoln County, Kentucky",42231,21,137,2020
"Livingston County, Kentucky",52795,21,139,2020
"Logan County, Kentucky",48912,21,141,2020
"Lyon County, Kentucky",49286,21,143,2020
"McCracken County, Kentucky",47011,21,145,2020
"McCreary County, Kentucky",29499,21,147,2020
"Madison County, Kentucky",51649,21,151,2020
"Marion County, Kentucky",43587,21,155,2020
"Marshall County, Kentucky",57348,21,157,2020
"Mason County, Kentucky",46241,21,161,2020
"Meade County, Kentucky",61500,21,163,2020
"Mercer County, Kentucky",52312,21,167,2020
"Metcalfe County, Kentucky",40391,21,169,2020
"Montgomery County, Kentucky",46998,21,173,2020
"Morgan County, Kentucky",37399,21,175,2020
"Nelson County, Kentucky",63032,21,179,2020
"Nicholas County, Kentucky",47665,21,181,2020
"Oldham County, Kentucky",103761,21,185,2020
"Owen County, Kentucky",50553,21,187,2020
"Pendleton County, Kentucky",56000,21,191,2020
"Pike County, Kentucky",34700,21,195,2020
"Powell County, Kentucky",41071,21,197,2020
"Robertson County, Kentucky",53074,21,201,2020
"Rockcastle County, Kentucky",38744,21,203,2020
"Russell County, Kentucky",41731,21,207,2020
"Scott County, Kentucky",71750,21,209,2020
"Simpson County, Kentucky",50159,21,213,2020
"Spencer County, Kentucky",85488,21,215,2020
"Todd County, Kentucky",47229,21,219,2020
"Trimble County, Kentucky",57589,21,223,2020
"Union County, Kentucky",49812,21,225,2020
"Washington County, Kentucky",55321,21,229,2020
"Wayne County, Kentucky",37678,21,231,2020
"Whitley County, Kentucky",39258,21,235,2020
"Wolfe County, Kentucky",22292,21,237,2020
"Androscoggin County, Maine",55002,23,001,2020
"Aroostook County, Maine",43791,23,003,2020
"Franklin County, Maine",51630,23,007,2020
"Hancock County, Maine",58345,23,009,2020
"Knox County, Maine",57794,23,013,2020
"Lincoln County, Maine",58125,23,015,2020
"Penobscot County, Maine",52128,23,019,2020
"Piscataquis County, Maine",42083,23,021,2020
"Somerset County, Maine",45382,23,025,2020
"Washington County, Maine",44847,23,029,2020
"York County, Maine",68932,23,031,2020
"Anoka County, Minnesota",84379,27,003,2020
"Becker County, Minnesota",60508,27,005,2020
"Beltrami County, Minnesota",50525,27,007,2020
"Benton County, Minnesota",60564,27,009,2020
"Big Stone County, Minnesota",55909,27,011,2020
"Blue Earth County, Minnesota",61058,27,013,2020
"Brown County, Minnesota",59804,27,015,2020
"Carlton County, Minnesota",66201,27,017,2020
"Carver County, Minnesota",104011,27,019,2020
"Cass County, Minnesota",53845,27,021,2020
"Chippewa County, Minnesota",57301,27,023,2020
"Chisago County, Minnesota",86900,27,025,2020
"Meigs County, Tennessee",50733,47,121,2020
"Montgomery County, Tennessee",60878,47,125,2020
"Moore County, Tennessee",63762,47,127,2020
"Obion County, Tennessee",39985,47,131,2020
"Overton County, Tennessee",36478,47,133,2020
"Pickett County, Tennessee",43125,47,137,2020
"Polk County, Tennessee",45326,47,139,2020
"Rhea County, Tennessee",46096,47,143,2020
"Roane County, Tennessee",55578,47,145,2020
"Rutherford County, Tennessee",68718,47,149,2020
"Scott County, Tennessee",37135,47,151,2020
"Sequatchie County, Tennessee",44217,47,153,2020
"Shelby County, Tennessee",52092,47,157,2020
"Smith County, Tennessee",48611,47,159,2020
"Sullivan County, Tennessee",47438,47,163,2020
"Sumner County, Tennessee",69878,47,165,2020
"Trousdale County, Tennessee",56981,47,169,2020
"Unicoi County, Tennessee",44526,47,171,2020
"Van Buren County, Tennessee",47576,47,175,2020
"Warren County, Tennessee",42668,47,177,2020
"Wayne County, Tennessee",42206,47,181,2020
"Weakley County, Tennessee",41488,47,183,2020
"Williamson County, Tennessee",111196,47,187,2020
"Wilson County, Tennessee",78962,47,189,2020
"Box Elder County, Utah",63573,49,003,2020
"Cache County, Utah",60530,49,005,2020
"Daggett County, Utah",74911,49,009,2020
"Davis County, Utah",87570,49,011,2020
"Emery County, Utah",57772,49,015,2020
"Garfield County, Utah",44279,49,017,2020
"Grand County, Utah",56639,49,019,2020
"Iron County, Utah",52045,49,021,2020
"Juab County, Utah",68333,49,023,2020
"Kane County, Utah",49486,49,025,2020
"Millard County, Utah",63221,49,027,2020
"Morgan County, Utah",100408,49,029,2020
"Piute County, Utah",29125,49,031,2020
"Rich County, Utah",63917,49,033,2020
"Salt Lake County, Utah",77128,49,035,2020
"San Juan County, Utah",49690,49,037,2020
"Sanpete County, Utah",55820,49,039,2020
"Sevier County, Utah",55361,49,041,2020
"Summit County, Utah",106973,49,043,2020
"Tooele County, Utah",76737,49,045,2020
"Uintah County, Utah",59428,49,047,2020
"Utah County, Utah",77057,49,049,2020
"Wasatch County, Utah",85807,49,051,2020
"Washington County, Utah",61747,49,053,2020
"Wayne County, Utah",49299,49,055,2020
"Weber County, Utah",71275,49,057,2020
"Bennington County, Vermont",58200,50,003,2020
"Caledonia County, Vermont",52481,50,005,2020
"Essex County, Vermont",47035,50,009,2020
"Franklin County, Vermont",65314,50,011,2020
"Lamoille County, Vermont",64179,50,015,2020
"Orange County, Vermont",62737,50,017,2020
"Rutland County, Vermont",57176,50,021,2020
"Washington County, Vermont",64862,50,023,2020
"Windsor County, Vermont",61503,50,027,2020
"Accomack County, Virginia",46178,51,001,2020
"Watonwan County, Minnesota",53304,27,165,2020
"Cass County, Missouri",72522,29,037,2020
"Christian County, Missouri",64442,29,043,2020
"Clinton County, Missouri",62213,29,049,2020
"Crawford County, Missouri",44380,29,055,2020
"Daviess County, Missouri",52143,29,061,2020
"Douglas County, Missouri",43714,29,067,2020
"Gasconade County, Missouri",56380,29,073,2020
"Grundy County, Missouri",46885,29,079,2020
"Hickory County, Missouri",33342,29,085,2020
"Howell County, Missouri",39482,29,091,2020
"Jasper County, Missouri",49155,29,097,2020
"Johnson County, Missouri",56440,29,101,2020
"Lafayette County, Missouri",62076,29,107,2020
"Lincoln County, Missouri",70424,29,113,2020
"McDonald County, Missouri",42876,29,119,2020
"Maries County, Missouri",48276,29,125,2020
"Miller County, Missouri",47964,29,131,2020
"Monroe County, Missouri",43422,29,137,2020
"New Madrid County, Missouri",40129,29,143,2020
"Oregon County, Missouri",32766,29,149,2020
"Pemiscot County, Missouri",34709,29,155,2020
"Shannon County, Missouri",36229,29,203,2020
"Stone County, Missouri",51476,29,209,2020
"Texas County, Missouri",35758,29,215,2020
"Washington County, Missouri",42849,29,221,2020
"Worth County, Missouri",47500,29,227,2020
"St. Louis city, Missouri",45782,29,510,2020
"Bay County, Florida",56483,12,005,2020
"Broward County, Florida",60922,12,011,2020
"Citrus County, Florida",45689,12,017,2020
"Columbia County, Florida",44818,12,023,2020
"Duval County, Florida",56769,12,031,2020
"Franklin County, Florida",48814,12,037,2020
"Glades County, Florida",39709,12,043,2020
"Hardee County, Florida",40165,12,049,2020
"Highlands County, Florida",43708,12,055,2020
"Indian River County, Florida",57945,12,061,2020
"Lafayette County, Florida",51734,12,067,2020
"Leon County, Florida",54675,12,073,2020
"Liberty County, Florida",39121,12,077,2020
"Marion County, Florida",46587,12,083,2020
"Monroe County, Florida",72012,12,087,2020
"Okeechobee County, Florida",46097,12,093,2020
"Arthur County, Nebraska",48500,31,005,2020
"Boone County, Nebraska",60094,31,011,2020
"Brown County, Nebraska",41979,31,017,2020
"Butler County, Nebraska",59232,31,023,2020
"Wadena County, Minnesota",46178,27,159,2020
"Chase County, Nebraska",56135,31,029,2020
"Clay County, Nebraska",63686,31,035,2020
"Cuming County, Nebraska",59202,31,039,2020
"Dawes County, Nebraska",49379,31,045,2020
"Dixon County, Nebraska",57243,31,051,2020
"Dundy County, Nebraska",49211,31,057,2020
"Frontier County, Nebraska",59250,31,063,2020
"Garden County, Nebraska",42076,31,069,2020
"Grant County, Nebraska",43625,31,075,2020
"Hamilton County, Nebraska",68649,31,081,2020
"Cherokee County, Alabama",42509,01,019,2020
"Chilton County, Alabama",52141,01,021,2020
"Choctaw County, Alabama",36634,01,023,2020
"Clarke County, Alabama",37345,01,025,2020
"Clay County, Alabama",42678,01,027,2020
"Cleburne County, Alabama",46320,01,029,2020
"Coffee County, Alabama",56799,01,031,2020
"Colbert County, Alabama",47962,01,033,2020
"Conecuh County, Alabama",35444,01,035,2020
"Coosa County, Alabama",43571,01,037,2020
"Crenshaw County, Alabama",42611,01,041,2020
"Cullman County, Alabama",48388,01,043,2020
"Dallas County, Alabama",33317,01,047,2020
"DeKalb County, Alabama",42267,01,049,2020
"Escambia County, Alabama",35558,01,053,2020
"Etowah County, Alabama",44934,01,055,2020
"Franklin County, Alabama",41174,01,059,2020
"Greene County, Alabama",26688,01,063,2020
"Hale County, Alabama",30793,01,065,2020
"Houston County, Alabama",49069,01,069,2020
"Jackson County, Alabama",42578,01,071,2020
"Lamar County, Alabama",42688,01,075,2020
"Lauderdale County, Alabama",48428,01,077,2020
"Lee County, Alabama",52930,01,081,2020
"Lowndes County, Alabama",33634,01,085,2020
"Macon County, Alabama",35450,01,087,2020
"Marengo County, Alabama",33029,01,091,2020
"Marion County, Alabama",40978,01,093,2020
"Mobile County, Alabama",49625,01,097,2020
"Monroe County, Alabama",31969,01,099,2020
"Morgan County, Alabama",52923,01,103,2020
"Pickens County, Alabama",40362,01,107,2020
"Pike County, Alabama",39218,01,109,2020
"Russell County, Alabama",42208,01,113,2020
"St. Clair County, Alabama",62531,01,115,2020
"Sumter County, Alabama",26150,01,119,2020
"Tallapoosa County, Alabama",48160,01,123,2020
"Tuscaloosa County, Alabama",54283,01,125,2020
"Washington County, Alabama",42331,01,129,2020
"Wilcox County, Alabama",35063,01,131,2020
"Alameda County, California",104888,06,001,2020
"Alpine County, California",85750,06,003,2020
"Butte County, California",54972,06,007,2020
"Colusa County, California",59427,06,011,2020
"Contra Costa County, California",103997,06,013,2020
"El Dorado County, California",83710,06,017,2020
"Fresno County, California",57109,06,019,2020
"Chambers County, Alabama",43875,01,017,2020
"Humboldt County, California",49235,06,023,2020
"Imperial County, California",46222,06,025,2020
"Kern County, California",54851,06,029,2020
"Kings County, California",61556,06,031,2020
"Lassen County, California",56971,06,035,2020
"Madera County, California",61924,06,039,2020
"Marin County, California",121671,06,041,2020
"Mariposa County, California",50960,06,043,2020
"Mendocino County, California",52915,06,045,2020
"Merced County, California",56330,06,047,2020
"Modoc County, California",51250,06,049,2020
"Clay County, Minnesota",66069,27,027,2020
"Clearwater County, Minnesota",51742,27,029,2020
"Cook County, Minnesota",59537,27,031,2020
"Cottonwood County, Minnesota",51067,27,033,2020
"Crow Wing County, Minnesota",57779,27,035,2020
"Dakota County, Minnesota",88468,27,037,2020
"Dodge County, Minnesota",79020,27,039,2020
"Douglas County, Minnesota",65430,27,041,2020
"Faribault County, Minnesota",53963,27,043,2020
"Fillmore County, Minnesota",64375,27,045,2020
"Goodhue County, Minnesota",69334,27,049,2020
"Grant County, Minnesota",59246,27,051,2020
"Houston County, Minnesota",59514,27,055,2020
"Hubbard County, Minnesota",58475,27,057,2020
"Itasca County, Minnesota",55744,27,061,2020
"Kanabec County, Minnesota",57877,27,065,2020
"Kandiyohi County, Minnesota",64252,27,067,2020
"Koochiching County, Minnesota",52297,27,071,2020
"Lac qui Parle County, Minnesota",57802,27,073,2020
"Lake of the Woods County, Minnesota",50669,27,077,2020
"Le Sueur County, Minnesota",75925,27,079,2020
"Lyon County, Minnesota",57274,27,083,2020
"McLeod County, Minnesota",62885,27,085,2020
"Marshall County, Minnesota",60951,27,089,2020
"Martin County, Minnesota",53851,27,091,2020
"Mille Lacs County, Minnesota",57173,27,095,2020
"Morrison County, Minnesota",58826,27,097,2020
"Murray County, Minnesota",62839,27,101,2020
"Nicollet County, Minnesota",69174,27,103,2020
"Norman County, Minnesota",56081,27,107,2020
"Olmsted County, Minnesota",80403,27,109,2020
"Pennington County, Minnesota",60940,27,113,2020
"Pine County, Minnesota",55606,27,115,2020
"Polk County, Minnesota",58682,27,119,2020
"Pope County, Minnesota",62878,27,121,2020
"Red Lake County, Minnesota",59698,27,125,2020
"Redwood County, Minnesota",57243,27,127,2020
"Rice County, Minnesota",70600,27,131,2020
"Rock County, Minnesota",65744,27,133,2020
"St. Louis County, Minnesota",57480,27,137,2020
"Scott County, Minnesota",103261,27,139,2020
"Sibley County, Minnesota",64170,27,143,2020
"Stearns County, Minnesota",65244,27,145,2020
"Stevens County, Minnesota",65503,27,149,2020
"Swift County, Minnesota",53457,27,151,2020
"Traverse County, Minnesota",51216,27,155,2020
"Wabasha County, Minnesota",67906,27,157,2020
"Waseca County, Minnesota",60450,27,161,2020
"Washington County, Minnesota",97584,27,163,2020
"Wilkin County, Minnesota",56829,27,167,2020
"Winona County, Minnesota",60020,27,169,2020
"Wright County, Minnesota",87772,27,171,2020
"Yellow Medicine County, Minnesota",59289,27,173,2020
"Adair County, Missouri",42301,29,001,2020
"Andrew County, Missouri",58911,29,003,2020
"Atchison County, Missouri",51625,29,005,2020
"Audrain County, Missouri",44699,29,007,2020
"Barry County, Missouri",45811,29,009,2020
"Barton County, Missouri",44510,29,011,2020
"Alleghany County, Virginia",48513,51,005,2020
"Amelia County, Virginia",63918,51,007,2020
"Appomattox County, Virginia",55457,51,011,2020
"Arlington County, Virginia",122604,51,013,2020
"Bath County, Virginia",55481,51,017,2020
"Bedford County, Virginia",67136,51,019,2020
"Botetourt County, Virginia",72719,51,023,2020
"Brunswick County, Virginia",46111,51,025,2020
"Buckingham County, Virginia",48603,51,029,2020
"Campbell County, Virginia",52319,51,031,2020
"Carroll County, Virginia",44518,51,035,2020
"Charles City County, Virginia",60096,51,036,2020
"Charlotte County, Virginia",40924,51,037,2020
"Clarke County, Virginia",86154,51,043,2020
"Craig County, Virginia",57792,51,045,2020
"Cumberland County, Virginia",50565,51,049,2020
"Dickenson County, Virginia",30116,51,051,2020
"Essex County, Virginia",51125,51,057,2020
"Fairfax County, Virginia",127866,51,059,2020
"Floyd County, Virginia",51250,51,063,2020
"Fluvanna County, Virginia",78885,51,065,2020
"Frederick County, Virginia",80011,51,069,2020
"Giles County, Virginia",57279,51,071,2020
"Goochland County, Virginia",97146,51,075,2020
"Grayson County, Virginia",41558,51,077,2020
"Greensville County, Virginia",49756,51,081,2020
"Halifax County, Virginia",43714,51,083,2020
"Henrico County, Virginia",72295,51,087,2020
"Henry County, Virginia",38511,51,089,2020
"Isle of Wight County, Virginia",77870,51,093,2020
"James City County, Virginia",91675,51,095,2020
"King and Queen County, Virginia",65385,51,097,2020
"King George County, Virginia",96711,51,099,2020
"King William County, Virginia",73284,51,101,2020
"Lancaster County, Virginia",59736,51,103,2020
"Lee County, Virginia",35006,51,105,2020
"Loudoun County, Virginia",147111,51,107,2020
"Louisa County, Virginia",67027,51,109,2020
"Lunenburg County, Virginia",45884,51,111,2020
"Madison County, Virginia",63482,51,113,2020
"Mathews County, Virginia",74489,51,115,2020
"Mecklenburg County, Virginia",50224,51,117,2020
"Middlesex County, Virginia",57060,51,119,2020
"Montgomery County, Virginia",59126,51,121,2020
"Nelson County, Virginia",62203,51,125,2020
"New Kent County, Virginia",97688,51,127,2020
"Northampton County, Virginia",50819,51,131,2020
"Northumberland County, Virginia",59437,51,133,2020
"Nottoway County, Virginia",49983,51,135,2020
"Orange County, Virginia",74446,51,137,2020
"Page County, Virginia",51878,51,139,2020
"Patrick County, Virginia",46941,51,141,2020
"Powhatan County, Virginia",93833,51,145,2020
"Prince Edward County, Virginia",44253,51,147,2020
"Prince George County, Virginia",75123,51,149,2020
"Pulaski County, Virginia",53689,51,155,2020
"Rappahannock County, Virginia",82077,51,157,2020
"Roanoke County, Virginia",70076,51,161,2020
"Hitchcock County, Nebraska",46000,31,087,2020
"Howard County, Nebraska",59432,31,093,2020
"Kearney County, Nebraska",62899,31,099,2020
"Kimball County, Nebraska",48056,31,105,2020
"Lincoln County, Nebraska",59995,31,111,2020
"McPherson County, Nebraska",51932,31,117,2020
"Morrill County, Nebraska",46903,31,123,2020
"Nemaha County, Nebraska",50236,31,127,2020
"Valley County, Nebraska",56205,31,175,2020
"Wayne County, Nebraska",58894,31,179,2020
"York County, Nebraska",63105,31,185,2020
"Douglas County, Nevada",71415,32,005,2020
"Eureka County, Nevada",67478,32,011,2020
"Lincoln County, Nevada",56537,32,017,2020
"Nye County, Nevada",47308,32,023,2020
"Washoe County, Nevada",68272,32,031,2020
"Belknap County, New Hampshire",67328,33,001,2020
"Coos County, New Hampshire",48945,33,007,2020
"Merrimack County, New Hampshire",77937,33,013,2020
"Sullivan County, New Hampshire",63760,33,019,2020
"Ascension Parish, Louisiana",82594,22,005,2020
"Beauregard Parish, Louisiana",49256,22,011,2020
"Caddo Parish, Louisiana",42003,22,017,2020
"Cameron Parish, Louisiana",56902,22,023,2020
"Concordia Parish, Louisiana",36294,22,029,2020
"East Carroll Parish, Louisiana",24551,22,035,2020
"Franklin Parish, Louisiana",35759,22,041,2020
"Iberville Parish, Louisiana",49539,22,047,2020
"Jefferson Davis Parish, Louisiana",42716,22,053,2020
"St. Mary Parish, Louisiana",40218,22,101,2020
"Tensas Parish, Louisiana",29767,22,107,2020
"Union Parish, Louisiana",45094,22,111,2020
"Washington Parish, Louisiana",39185,22,117,2020
"West Carroll Parish, Louisiana",42545,22,123,2020
"Allegany County, New York",51227,36,003,2020
"Cattaraugus County, New York",50700,36,009,2020
"Chemung County, New York",54883,36,015,2020
"Columbia County, New York",68750,36,021,2020
"Dutchess County, New York",81842,36,027,2020
"Essex County, New York",58109,36,031,2020
"Genesee County, New York",60635,36,037,2020
"Herkimer County, New York",58438,36,043,2020
"Lewis County, New York",56192,36,049,2020
"Monroe County, New York",62087,36,055,2020
"New York County, New York",89812,36,061,2020
"Onondaga County, New York",62668,36,067,2020
"Orleans County, New York",52958,36,073,2020
"Putnam County, New York",107246,36,079,2020
"Richmond County, New York",85381,36,085,2020
"Anson County, North Carolina",39799,37,007,2020
"Beaufort County, North Carolina",48051,37,013,2020
"Brunswick County, North Carolina",59763,37,019,2020
"Cabarrus County, North Carolina",71177,37,025,2020
"Carteret County, North Carolina",57871,37,031,2020
"Chatham County, North Carolina",69799,37,037,2020
"Cleveland County, North Carolina",43512,37,045,2020
"Cumberland County, North Carolina",48177,37,051,2020
"Davidson County, North Carolina",50454,37,057,2020
"Monterey County, California",76943,06,053,2020
"Napa County, California",92219,06,055,2020
"Nevada County, California",68333,06,057,2020
"Orange County, California",94441,06,059,2020
"Placer County, California",93677,06,061,2020
"Plumas County, California",57233,06,063,2020
"Riverside County, California",70732,06,065,2020
"Sacramento County, California",70684,06,067,2020
"San Benito County, California",85808,06,069,2020
"San Bernardino County, California",65761,06,071,2020
"San Diego County, California",82426,06,073,2020
"San Francisco County, California",119136,06,075,2020
"San Joaquin County, California",68628,06,077,2020
"San Luis Obispo County, California",77948,06,079,2020
"San Mateo County, California",128091,06,081,2020
"Santa Clara County, California",130890,06,085,2020
"Santa Cruz County, California",89986,06,087,2020
"Sierra County, California",52103,06,091,2020
"Solano County, California",84638,06,095,2020
"Sonoma County, California",86173,06,097,2020
"Sutter County, California",63502,06,101,2020
"Tehama County, California",48895,06,103,2020
"Tulare County, California",52534,06,107,2020
"Tuolumne County, California",60509,06,109,2020
"Yolo County, California",73746,06,113,2020
"Yuba County, California",59424,06,115,2020
"Ashley County, Arkansas",43601,05,003,2020
"Baxter County, Arkansas",43504,05,005,2020
"Boone County, Arkansas",46392,05,009,2020
"Calhoun County, Arkansas",50441,05,013,2020
"Carroll County, Arkansas",48249,05,015,2020
"Clark County, Arkansas",39500,05,019,2020
"Clay County, Arkansas",37933,05,021,2020
"Cleveland County, Arkansas",46349,05,025,2020
"Columbia County, Arkansas",37609,05,027,2020
"Craighead County, Arkansas",49730,05,031,2020
"Crittenden County, Arkansas",42384,05,035,2020
"Cross County, Arkansas",44379,05,037,2020
"Desha County, Arkansas",31855,05,041,2020
"Drew County, Arkansas",42924,05,043,2020
"Franklin County, Arkansas",37561,05,047,2020
"Fulton County, Arkansas",35274,05,049,2020
"Grant County, Arkansas",59051,05,053,2020
"Hempstead County, Arkansas",45484,05,057,2020
"Hot Spring County, Arkansas",46390,05,059,2020
"Independence County, Arkansas",48972,05,063,2020
"Izard County, Arkansas",42818,05,065,2020
"Mono County, California",64924,06,051,2020
"Jefferson County, Arkansas",40402,05,069,2020
"Johnson County, Arkansas",39346,05,071,2020
"Lawrence County, Arkansas",40587,05,075,2020
"Lincoln County, Arkansas",46554,05,079,2020
"Little River County, Arkansas",48966,05,081,2020
"Lonoke County, Arkansas",59278,05,085,2020
"Madison County, Arkansas",41446,05,087,2020
"Miller County, Arkansas",45391,05,091,2020
"Monroe County, Arkansas",38438,05,095,2020
"Montgomery County, Arkansas",41165,05,097,2020
"Bates County, Missouri",46733,29,013,2020
"Benton County, Missouri",41751,29,015,2020
"Bollinger County, Missouri",45140,29,017,2020
"Boone County, Missouri",58740,29,019,2020
"Buchanan County, Missouri",51933,29,021,2020
"Butler County, Missouri",42227,29,023,2020
"Caldwell County, Missouri",51451,29,025,2020
"Callaway County, Missouri",59835,29,027,2020
"Camden County, Missouri",53520,29,029,2020
"Cape Girardeau County, Missouri",53776,29,031,2020
"Carroll County, Missouri",51414,29,033,2020
"Carter County, Missouri",42403,29,035,2020
"Cedar County, Missouri",39408,29,039,2020
"Chariton County, Missouri",51545,29,041,2020
"Clark County, Missouri",45842,29,045,2020
"Clay County, Missouri",72047,29,047,2020
"Cole County, Missouri",61184,29,051,2020
"Cooper County, Missouri",53003,29,053,2020
"Dade County, Missouri",42117,29,057,2020
"Dallas County, Missouri",40404,29,059,2020
"DeKalb County, Missouri",58433,29,063,2020
"Dent County, Missouri",42714,29,065,2020
"Dunklin County, Missouri",38020,29,069,2020
"Franklin County, Missouri",60129,29,071,2020
"Gentry County, Missouri",46774,29,075,2020
"Greene County, Missouri",47053,29,077,2020
"Harrison County, Missouri",40615,29,081,2020
"Henry County, Missouri",47500,29,083,2020
"Holt County, Missouri",46442,29,087,2020
"Howard County, Missouri",55000,29,089,2020
"Iron County, Missouri",40082,29,093,2020
"Jackson County, Missouri",56960,29,095,2020
"Jefferson County, Missouri",67606,29,099,2020
"Knox County, Missouri",37588,29,103,2020
"Laclede County, Missouri",46582,29,105,2020
"Lawrence County, Missouri",44060,29,109,2020
"Lewis County, Missouri",45118,29,111,2020
"Linn County, Missouri",51150,29,115,2020
"Livingston County, Missouri",50818,29,117,2020
"Macon County, Missouri",44696,29,121,2020
"Madison County, Missouri",47984,29,123,2020
"Marion County, Missouri",54277,29,127,2020
"Mercer County, Missouri",50030,29,129,2020
"Mississippi County, Missouri",34354,29,133,2020
"Moniteau County, Missouri",57012,29,135,2020
"Montgomery County, Missouri",52123,29,139,2020
"Morgan County, Missouri",41477,29,141,2020
"Newton County, Missouri",52067,29,145,2020
"Nodaway County, Missouri",46303,29,147,2020
"Osage County, Missouri",62087,29,151,2020
"Ozark County, Missouri",33046,29,153,2020
"Perry County, Missouri",56861,29,157,2020
"Pettis County, Missouri",49315,29,159,2020
"Phelps County, Missouri",44987,29,161,2020
"Pike County, Missouri",44920,29,163,2020
"Platte County, Missouri",82448,29,165,2020
"Polk County, Missouri",47614,29,167,2020
"Pulaski County, Missouri",58426,29,169,2020
"Putnam County, Missouri",48833,29,171,2020
"Rockbridge County, Virginia",54133,51,163,2020
"Russell County, Virginia",38564,51,167,2020
"Scott County, Virginia",41540,51,169,2020
"Smyth County, Virginia",41088,51,173,2020
"Southampton County, Virginia",63034,51,175,2020
"Stafford County, Virginia",112247,51,179,2020
"Surry County, Virginia",56525,51,181,2020
"Tazewell County, Virginia",42207,51,185,2020
"Warren County, Virginia",70109,51,187,2020
"Westmoreland County, Virginia",53790,51,193,2020
"Wise County, Virginia",41285,51,195,2020
"York County, Virginia",93356,51,199,2020
"Alexandria city, Virginia",102227,51,510,2020
"Buena Vista city, Virginia",36634,51,530,2020
"Charlottesville city, Virginia",59598,51,540,2020
"Colonial Heights city, Virginia",60522,51,570,2020
"Covington city, Virginia",41024,51,580,2020
"Danville city, Virginia",37147,51,590,2020
"Fairfax city, Virginia",109708,51,600,2020
"Falls Church city, Virginia",146922,51,610,2020
"Fredericksburg city, Virginia",69528,51,630,2020
"Galax city, Virginia",35184,51,640,2020
"Harrisonburg city, Virginia",49117,51,660,2020
"Hopewell city, Virginia",43262,51,670,2020
"Lynchburg city, Virginia",49201,51,680,2020
"Manassas city, Virginia",86227,51,683,2020
"Martinsville city, Virginia",36166,51,690,2020
"Newport News city, Virginia",54511,51,700,2020
"Norton city, Virginia",30518,51,720,2020
"Petersburg city, Virginia",43029,51,730,2020
"Portsmouth city, Virginia",53213,51,740,2020
"Radford city, Virginia",34576,51,750,2020
"Roanoke city, Virginia",45664,51,770,2020
"Salem city, Virginia",63411,51,775,2020
"Staunton city, Virginia",52292,51,790,2020
"Suffolk city, Virginia",79899,51,800,2020
"Virginia Beach city, Virginia",78136,51,810,2020
"Waynesboro city, Virginia",43480,51,820,2020
"Williamsburg city, Virginia",59288,51,830,2020
"Winchester city, Virginia",61102,51,840,2020
"Adams County, Washington",51601,53,001,2020
"Asotin County, Washington",53941,53,003,2020
"Benton County, Washington",72046,53,005,2020
"Chelan County, Washington",61304,53,007,2020
"Clallam County, Washington",55090,53,009,2020
"Clark County, Washington",77184,53,011,2020
"Columbia County, Washington",61779,53,013,2020
"Cowlitz County, Washington",58791,53,015,2020
"Douglas County, Washington",65730,53,017,2020
"Ferry County, Washington",41685,53,019,2020
"Franklin County, Washington",66904,53,021,2020
"Garfield County, Washington",56923,53,023,2020
"Grant County, Washington",59165,53,025,2020
"Grays Harbor County, Washington",50665,53,027,2020
"Island County, Washington",70765,53,029,2020
"King County, Washington",99158,53,033,2020
"Kitsap County, Washington",78969,53,035,2020
"Kittitas County, Washington",59703,53,037,2020
"Lewis County, Washington",54970,53,041,2020
"Durham County, North Carolina",62812,37,063,2020
"Franklin County, North Carolina",58172,37,069,2020
"Graham County, North Carolina",42207,37,075,2020
"Guilford County, North Carolina",54794,37,081,2020
"Haywood County, North Carolina",51548,37,087,2020
"Hyde County, North Carolina",46667,37,095,2020
"Johnston County, North Carolina",61806,37,101,2020
"Lenoir County, North Carolina",39923,37,107,2020
"Macon County, North Carolina",45703,37,113,2020
"Mecklenburg County, North Carolina",69240,37,119,2020
"Stanly County, North Carolina",54104,37,167,2020
"Swain County, North Carolina",45554,37,173,2020
"Union County, North Carolina",82557,37,179,2020
"Warren County, North Carolina",37476,37,185,2020
"Wayne County, North Carolina",47221,37,191,2020
"Yadkin County, North Carolina",46954,37,197,2020
"Bergen County, New Jersey",104623,34,003,2020
"Cape May County, New Jersey",72385,34,009,2020
"Gloucester County, New Jersey",89056,34,015,2020
"Mercer County, New Jersey",83306,34,021,2020
"Morris County, New Jersey",117298,34,027,2020
"Salem County, New Jersey",64234,34,033,2020
"Union County, New Jersey",82644,34,039,2020
"Allen County, Indiana",57104,18,003,2020
"Blackford County, Indiana",44341,18,009,2020
"Carroll County, Indiana",56159,18,015,2020
"Clay County, Indiana",59398,18,021,2020
"Daviess County, Indiana",53800,18,027,2020
"DeKalb County, Indiana",58415,18,033,2020
"Elkhart County, Indiana",58509,18,039,2020
"Kosciusko County, Indiana",62789,18,085,2020
"LaPorte County, Indiana",57010,18,091,2020
"Marion County, Indiana",51219,18,097,2020
"Miami County, Indiana",50616,18,103,2020
"Morgan County, Indiana",67680,18,109,2020
"Ohio County, Indiana",63649,18,115,2020
"Parke County, Indiana",55853,18,121,2020
"Porter County, Indiana",72255,18,127,2020
"Putnam County, Indiana",61505,18,133,2020
"Rush County, Indiana",56814,18,139,2020
"Scott County, Indiana",45123,18,143,2020
"Starke County, Indiana",49705,18,149,2020
"Switzerland County, Indiana",51270,18,155,2020
"Union County, Indiana",55278,18,161,2020
"Vigo County, Indiana",47261,18,167,2020
"Warrick County, Indiana",79079,18,173,2020
"Wells County, Indiana",57565,18,179,2020
"Barnstable County, Massachusetts",76863,25,001,2020
"Dukes County, Massachusetts",77318,25,007,2020
"Hampden County, Massachusetts",57623,25,013,2020
"Nantucket County, Massachusetts",112306,25,019,2020
"Darke County, Ohio",54799,39,037,2020
"Erie County, Ohio",58408,39,043,2020
"Franklin County, Ohio",62352,39,049,2020
"Geauga County, Ohio",83730,39,055,2020
"Hamilton County, Ohio",59190,39,061,2020
"Harrison County, Ohio",49454,39,067,2020
"Highland County, Ohio",47973,39,071,2020
"Huron County, Ohio",55041,39,077,2020
"Nevada County, Arkansas",39946,05,099,2020
"Newton County, Arkansas",39542,05,101,2020
"Ouachita County, Arkansas",38279,05,103,2020
"Perry County, Arkansas",44926,05,105,2020
"Phillips County, Arkansas",33724,05,107,2020
"Pike County, Arkansas",42983,05,109,2020
"Poinsett County, Arkansas",40700,05,111,2020
"Polk County, Arkansas",39084,05,113,2020
"Pope County, Arkansas",46004,05,115,2020
"Prairie County, Arkansas",42754,05,117,2020
"Pulaski County, Arkansas",52930,05,119,2020
"Randolph County, Arkansas",42844,05,121,2020
"St. Francis County, Arkansas",36053,05,123,2020
"Saline County, Arkansas",66876,05,125,2020
"Scott County, Arkansas",42635,05,127,2020
"Searcy County, Arkansas",35077,05,129,2020
"Sebastian County, Arkansas",47878,05,131,2020
"Sevier County, Arkansas",47872,05,133,2020
"Sharp County, Arkansas",35573,05,135,2020
"Stone County, Arkansas",36067,05,137,2020
"Union County, Arkansas",45293,05,139,2020
"Washington County, Arkansas",52380,05,143,2020
"White County, Arkansas",44000,05,145,2020
"Yell County, Arkansas",47981,05,149,2020
"Hartford County, Connecticut",76259,09,003,2020
"Litchfield County, Connecticut",81590,09,005,2020
"New Haven County, Connecticut",71370,09,009,2020
"New London County, Connecticut",75831,09,011,2020
"Windham County, Connecticut",67365,09,015,2020
"District of Columbia, District of Columbia",90842,11,001,2020
"Aleutians West Census Area, Alaska",87443,02,016,2020
"Anchorage Municipality, Alaska",84813,02,020,2020
"Bristol Bay Borough, Alaska",79808,02,060,2020
"Chugach Census Area, Alaska",90776,02,063,2020
"Denali Borough, Alaska",76364,02,068,2020
"Dillingham Census Area, Alaska",57436,02,070,2020
"Haines Borough, Alaska",65014,02,100,2020
"Hoonah-Angoon Census Area, Alaska",59926,02,105,2020
"Kenai Peninsula Borough, Alaska",69245,02,122,2020
"Ketchikan Gateway Borough, Alaska",74678,02,130,2020
"Kusilvak Census Area, Alaska",37358,02,158,2020
"Matanuska-Susitna Borough, Alaska",76118,02,170,2020
"Nome Census Area, Alaska",62843,02,180,2020
"Northwest Arctic Borough, Alaska",63750,02,188,2020
"Petersburg Borough, Alaska",68667,02,195,2020
"Sitka City and Borough, Alaska",81708,02,220,2020
"Skagway Municipality, Alaska",71875,02,230,2020
"Wrangell City and Borough, Alaska",58438,02,275,2020
"Yakutat City and Borough, Alaska",59517,02,282,2020
"Yukon-Koyukuk Census Area, Alaska",41728,02,290,2020
"Alamosa County, Colorado",41121,08,003,2020
"Archuleta County, Colorado",55658,08,007,2020
"Baca County, Colorado",34655,08,009,2020
"Boulder County, Colorado",87476,08,013,2020
"Broomfield County, Colorado",101206,08,014,2020
"Cheyenne County, Colorado",67763,08,017,2020
"Conejos County, Colorado",33611,08,021,2020
"Costilla County, Colorado",34732,08,023,2020
"Ralls County, Missouri",54194,29,173,2020
"Randolph County, Missouri",50440,29,175,2020
"Ray County, Missouri",65303,29,177,2020
"Reynolds County, Missouri",39552,29,179,2020
"Ripley County, Missouri",36066,29,181,2020
"St. Charles County, Missouri",87644,29,183,2020
"St. Clair County, Missouri",39000,29,185,2020
"Ste. Genevieve County, Missouri",61746,29,186,2020
"St. Francois County, Missouri",46307,29,187,2020
"St. Louis County, Missouri",68661,29,189,2020
"Saline County, Missouri",47585,29,195,2020
"Schuyler County, Missouri",44420,29,197,2020
"Scotland County, Missouri",47708,29,199,2020
"Scott County, Missouri",46310,29,201,2020
"Shelby County, Missouri",43809,29,205,2020
"Stoddard County, Missouri",42761,29,207,2020
"Sullivan County, Missouri",44056,29,211,2020
"Taney County, Missouri",47860,29,213,2020
"Vernon County, Missouri",43910,29,217,2020
"Warren County, Missouri",64735,29,219,2020
"Wayne County, Missouri",38018,29,223,2020
"Webster County, Missouri",55827,29,225,2020
"Wright County, Missouri",36711,29,229,2020
"Alachua County, Florida",50089,12,001,2020
"Baker County, Florida",62299,12,003,2020
"Bradford County, Florida",43580,12,007,2020
"Brevard County, Florida",59359,12,009,2020
"Calhoun County, Florida",38037,12,013,2020
"Charlotte County, Florida",52724,12,015,2020
"Clay County, Florida",68657,12,019,2020
"Collier County, Florida",70217,12,021,2020
"DeSoto County, Florida",36360,12,027,2020
"Dixie County, Florida",41674,12,029,2020
"Escambia County, Florida",53023,12,033,2020
"Flagler County, Florida",57536,12,035,2020
"Gadsden County, Florida",41135,12,039,2020
"Gilchrist County, Florida",47381,12,041,2020
"Gulf County, Florida",50640,12,045,2020
"Hamilton County, Florida",38300,12,047,2020
"Hendry County, Florida",36978,12,051,2020
"Hernando County, Florida",50280,12,053,2020
"Hillsborough County, Florida",60566,12,057,2020
"Holmes County, Florida",39215,12,059,2020
"Jackson County, Florida",40754,12,063,2020
"Jefferson County, Florida",49081,12,065,2020
"Lake County, Florida",55792,12,069,2020
"Lee County, Florida",59608,12,071,2020
"Levy County, Florida",38951,12,075,2020
"Madison County, Florida",35240,12,079,2020
"Manatee County, Florida",59963,12,081,2020
"Martin County, Florida",65821,12,085,2020
"Miami-Dade County, Florida",53975,12,086,2020
"Nassau County, Florida",72998,12,089,2020
"Okaloosa County, Florida",64373,12,091,2020
"Orange County, Florida",61416,12,095,2020
"Osceola County, Florida",55538,12,097,2020
"Palm Beach County, Florida",65015,12,099,2020
"Pasco County, Florida",53431,12,101,2020
"Pinellas County, Florida",56419,12,103,2020
"Lincoln County, Washington",58584,53,043,2020
"Okanogan County, Washington",48528,53,047,2020
"Pacific County, Washington",50873,53,049,2020
"Pierce County, Washington",76438,53,053,2020
"San Juan County, Washington",64753,53,055,2020
"Skamania County, Washington",69296,53,059,2020
"Snohomish County, Washington",89273,53,061,2020
"Stevens County, Washington",54426,53,065,2020
"Thurston County, Washington",75867,53,067,2020
"Walla Walla County, Washington",60615,53,071,2020
"Whatcom County, Washington",65420,53,073,2020
"Yakima County, Washington",54917,53,077,2020
"Barbour County, West Virginia",38906,54,001,2020
"Boone County, West Virginia",45297,54,005,2020
"Braxton County, West Virginia",43819,54,007,2020
"Cabell County, West Virginia",41472,54,011,2020
"Calhoun County, West Virginia",38668,54,013,2020
"Clay County, West Virginia",35154,54,015,2020
"Fayette County, West Virginia",43722,54,019,2020
"Gilmer County, West Virginia",42883,54,021,2020
"Greenbrier County, West Virginia",39807,54,025,2020
"Hampshire County, West Virginia",48528,54,027,2020
"Hardy County, West Virginia",46513,54,031,2020
"Harrison County, West Virginia",52134,54,033,2020
"Jefferson County, West Virginia",82551,54,037,2020
"Kanawha County, West Virginia",47122,54,039,2020
"Lincoln County, West Virginia",42064,54,043,2020
"Logan County, West Virginia",36250,54,045,2020
"Marion County, West Virginia",52856,54,049,2020
"Marshall County, West Virginia",48179,54,051,2020
"Mercer County, West Virginia",40716,54,055,2020
"Mineral County, West Virginia",51723,54,057,2020
"Monongalia County, West Virginia",54198,54,061,2020
"Monroe County, West Virginia",44828,54,063,2020
"Nicholas County, West Virginia",40318,54,067,2020
"Ohio County, West Virginia",48056,54,069,2020
"Pendleton County, West Virginia",46358,54,071,2020
"Pleasants County, West Virginia",55508,54,073,2020
"Pocahontas County, West Virginia",37642,54,075,2020
"Preston County, West Virginia",51992,54,077,2020
"Putnam County, West Virginia",63954,54,079,2020
"Raleigh County, West Virginia",43283,54,081,2020
"Randolph County, West Virginia",45206,54,083,2020
"Ritchie County, West Virginia",44328,54,085,2020
"Roane County, West Virginia",38895,54,087,2020
"Summers County, West Virginia",37769,54,089,2020
"Taylor County, West Virginia",52958,54,091,2020
"Tucker County, West Virginia",47527,54,093,2020
"Tyler County, West Virginia",47598,54,095,2020
"Upshur County, West Virginia",40802,54,097,2020
"Wayne County, West Virginia",43710,54,099,2020
"Webster County, West Virginia",33358,54,101,2020
"Wetzel County, West Virginia",44539,54,103,2020
"Wirt County, West Virginia",45315,54,105,2020
"Wood County, West Virginia",48711,54,107,2020
"Wyoming County, West Virginia",44095,54,109,2020
"Ashland County, Wisconsin",47869,55,003,2020
"Custer County, Colorado",60361,08,027,2020
"Delta County, Colorado",47968,08,029,2020
"Dolores County, Colorado",56786,08,033,2020
"Douglas County, Colorado",121393,08,035,2020
"Eagle County, Colorado",85877,08,037,2020
"Elbert County, Colorado",104231,08,039,2020
"El Paso County, Colorado",71517,08,041,2020
"Fremont County, Colorado",52364,08,043,2020
"Garfield County, Colorado",75435,08,045,2020
"Gilpin County, Colorado",90547,08,047,2020
"Grand County, Colorado",71769,08,049,2020
"Gunnison County, Colorado",60557,08,051,2020
"Hinsdale County, Colorado",39038,08,053,2020
"Huerfano County, Colorado",40255,08,055,2020
"Jackson County, Colorado",46157,08,057,2020
"Jefferson County, Colorado",87793,08,059,2020
"Kiowa County, Colorado",39503,08,061,2020
"Kit Carson County, Colorado",50411,08,063,2020
"Lake County, Colorado",65858,08,065,2020
"La Plata County, Colorado",69291,08,067,2020
"Larimer County, Colorado",76366,08,069,2020
"Las Animas County, Colorado",44159,08,071,2020
"Lincoln County, Colorado",47042,08,073,2020
"Logan County, Colorado",49560,08,075,2020
"Mesa County, Colorado",57157,08,077,2020
"Moffat County, Colorado",54583,08,081,2020
"Montezuma County, Colorado",50717,08,083,2020
"Morgan County, Colorado",58468,08,087,2020
"Ouray County, Colorado",68893,08,091,2020
"Park County, Colorado",76611,08,093,2020
"Pitkin County, Colorado",82455,08,097,2020
"Prowers County, Colorado",42648,08,099,2020
"Rio Blanco County, Colorado",54247,08,103,2020
"Rio Grande County, Colorado",43570,08,105,2020
"Saguache County, Colorado",45231,08,109,2020
"San Miguel County, Colorado",66898,08,113,2020
"Sedgwick County, Colorado",43875,08,115,2020
"Teller County, Colorado",61463,08,119,2020
"Washington County, Colorado",51181,08,121,2020
"Yuma County, Colorado",54393,08,125,2020
"New Castle County, Delaware",75275,10,003,2020
"Sussex County, Delaware",64905,10,005,2020
"Big Horn County, Montana",48273,30,003,2020
"Blaine County, Montana",45361,30,005,2020
"Carbon County, Montana",61209,30,009,2020
"Carter County, Montana",42300,30,011,2020
"Chouteau County, Montana",45707,30,015,2020
"Daniels County, Montana",56026,30,019,2020
"Dawson County, Montana",51681,30,021,2020
"Fallon County, Montana",69792,30,025,2020
"Fergus County, Montana",47618,30,027,2020
"Gallatin County, Montana",70124,30,031,2020
"Garfield County, Montana",43750,30,033,2020
"Golden Valley County, Montana",49028,30,037,2020
"Hill County, Montana",50912,30,041,2020
"Jefferson County, Montana",71779,30,043,2020
"Lake County, Montana",52169,30,047,2020
"Lewis and Clark County, Montana",66062,30,049,2020
"Lincoln County, Montana",39820,30,053,2020
"Putnam County, Florida",40068,12,107,2020
"St. Johns County, Florida",83803,12,109,2020
"St. Lucie County, Florida",55237,12,111,2020
"Santa Rosa County, Florida",70663,12,113,2020
"Sarasota County, Florida",64644,12,115,2020
"Seminole County, Florida",70297,12,117,2020
"Sumter County, Florida",59618,12,119,2020
"Suwannee County, Florida",46280,12,121,2020
"Taylor County, Florida",38295,12,123,2020
"Union County, Florida",55139,12,125,2020
"Volusia County, Florida",52407,12,127,2020
"Wakulla County, Florida",67480,12,129,2020
"Walton County, Florida",67390,12,131,2020
"Washington County, Florida",37260,12,133,2020
"Adams County, Nebraska",56007,31,001,2020
"Antelope County, Nebraska",52569,31,003,2020
"Banner County, Nebraska",53864,31,007,2020
"Blaine County, Nebraska",55268,31,009,2020
"Box Butte County, Nebraska",61904,31,013,2020
"Boyd County, Nebraska",53846,31,015,2020
"Buffalo County, Nebraska",63513,31,019,2020
"Burt County, Nebraska",51961,31,021,2020
"Cass County, Nebraska",73683,31,025,2020
"Cedar County, Nebraska",64703,31,027,2020
"Cherry County, Nebraska",55431,31,031,2020
"Cheyenne County, Nebraska",52270,31,033,2020
"Colfax County, Nebraska",64269,31,037,2020
"Custer County, Nebraska",53891,31,041,2020
"Dakota County, Nebraska",61227,31,043,2020
"Dawson County, Nebraska",56731,31,047,2020
"Deuel County, Nebraska",48958,31,049,2020
"Dodge County, Nebraska",58439,31,053,2020
"Douglas County, Nebraska",66600,31,055,2020
"Fillmore County, Nebraska",62151,31,059,2020
"Franklin County, Nebraska",50231,31,061,2020
"Furnas County, Nebraska",53533,31,065,2020
"Gage County, Nebraska",51812,31,067,2020
"Garfield County, Nebraska",54659,31,071,2020
"Gosper County, Nebraska",65086,31,073,2020
"Greeley County, Nebraska",46830,31,077,2020
"Hall County, Nebraska",58595,31,079,2020
"Harlan County, Nebraska",51534,31,083,2020
"Hayes County, Nebraska",52396,31,085,2020
"Holt County, Nebraska",60214,31,089,2020
"Hooker County, Nebraska",48654,31,091,2020
"Jefferson County, Nebraska",48981,31,095,2020
"Johnson County, Nebraska",49382,31,097,2020
"Keith County, Nebraska",52169,31,101,2020
"Keya Paha County, Nebraska",55250,31,103,2020
"Polk County, Florida",51535,12,105,2020
"Knox County, Nebraska",53653,31,107,2020
"Lancaster County, Nebraska",62464,31,109,2020
"Logan County, Nebraska",45990,31,113,2020
"Loup County, Nebraska",46111,31,115,2020
"Madison County, Nebraska",52334,31,119,2020
"Merrick County, Nebraska",52254,31,121,2020
"Nance County, Nebraska",53147,31,125,2020
"Nuckolls County, Nebraska",52975,31,129,2020
"Otoe County, Nebraska",64755,31,131,2020
"Barron County, Wisconsin",52346,55,005,2020
"Brown County, Wisconsin",64728,55,009,2020
"Buffalo County, Wisconsin",58364,55,011,2020
"Calumet County, Wisconsin",76065,55,015,2020
"Chippewa County, Wisconsin",61215,55,017,2020
"Columbia County, Wisconsin",69262,55,021,2020
"Crawford County, Wisconsin",51218,55,023,2020
"Dodge County, Wisconsin",62591,55,027,2020
"Door County, Wisconsin",61765,55,029,2020
"Dunn County, Wisconsin",59588,55,033,2020
"Eau Claire County, Wisconsin",62508,55,035,2020
"Fond du Lac County, Wisconsin",64147,55,039,2020
"Forest County, Wisconsin",48394,55,041,2020
"Green County, Wisconsin",66212,55,045,2020
"Green Lake County, Wisconsin",57339,55,047,2020
"Iron County, Wisconsin",45588,55,051,2020
"Jackson County, Wisconsin",55228,55,053,2020
"Juneau County, Wisconsin",53928,55,057,2020
"Kenosha County, Wisconsin",66595,55,059,2020
"La Crosse County, Wisconsin",60307,55,063,2020
"Lafayette County, Wisconsin",61070,55,065,2020
"Lincoln County, Wisconsin",59183,55,069,2020
"Manitowoc County, Wisconsin",58464,55,071,2020
"Marinette County, Wisconsin",52385,55,075,2020
"Marquette County, Wisconsin",53293,55,077,2020
"Milwaukee County, Wisconsin",52260,55,079,2020
"Monroe County, Wisconsin",60595,55,081,2020
"Oconto County, Wisconsin",64528,55,083,2020
"Outagamie County, Wisconsin",68441,55,087,2020
"Ozaukee County, Wisconsin",84394,55,089,2020
"Pierce County, Wisconsin",73873,55,093,2020
"Polk County, Wisconsin",61814,55,095,2020
"Price County, Wisconsin",49749,55,099,2020
"Racine County, Wisconsin",62556,55,101,2020
"Rock County, Wisconsin",59519,55,105,2020
"Rusk County, Wisconsin",48961,55,107,2020
"Sauk County, Wisconsin",62808,55,111,2020
"Sawyer County, Wisconsin",52022,55,113,2020
"Shawano County, Wisconsin",57322,55,115,2020
"Sheboygan County, Wisconsin",62101,55,117,2020
"Taylor County, Wisconsin",52860,55,119,2020
"Trempealeau County, Wisconsin",59606,55,121,2020
"Vernon County, Wisconsin",54549,55,123,2020
"Vilas County, Wisconsin",50039,55,125,2020
"Walworth County, Wisconsin",66034,55,127,2020
"Washburn County, Wisconsin",51711,55,129,2020
"Washington County, Wisconsin",80839,55,131,2020
"Waukesha County, Wisconsin",88985,55,133,2020
"Waupaca County, Wisconsin",60106,55,135,2020
"Waushara County, Wisconsin",54320,55,137,2020
"Winnebago County, Wisconsin",59947,55,139,2020
"Wood County, Wisconsin",55684,55,141,2020
"Albany County, Wyoming",51362,56,001,2020
"Big Horn County, Wyoming",51237,56,003,2020
"Campbell County, Wyoming",80887,56,005,2020
"Carbon County, Wyoming",62423,56,007,2020
"Converse County, Wyoming",73806,56,009,2020
"Crook County, Wyoming",66898,56,011,2020
"Fremont County, Wyoming",54291,56,013,2020
"McCone County, Montana",57045,30,055,2020
"Meagher County, Montana",46815,30,059,2020
"Mineral County, Montana",48672,30,061,2020
"Musselshell County, Montana",46328,30,065,2020
"Petroleum County, Montana",40000,30,069,2020
"Phillips County, Montana",46686,30,071,2020
"Powder River County, Montana",57755,30,075,2020
"Powell County, Montana",50332,30,077,2020
"Prairie County, Montana",42350,30,079,2020
"Ravalli County, Montana",55090,30,081,2020
"Richland County, Montana",64158,30,083,2020
"Roosevelt County, Montana",45458,30,085,2020
"Rosebud County, Montana",57769,30,087,2020
"Sanders County, Montana",42284,30,089,2020
"Sheridan County, Montana",54135,30,091,2020
"Silver Bow County, Montana",49359,30,093,2020
"Stillwater County, Montana",67448,30,095,2020
"Sweet Grass County, Montana",53790,30,097,2020
"Teton County, Montana",56649,30,099,2020
"Toole County, Montana",49725,30,101,2020
"Treasure County, Montana",44671,30,103,2020
"Valley County, Montana",51087,30,105,2020
"Wheatland County, Montana",35265,30,107,2020
"Wibaux County, Montana",50972,30,109,2020
"Yellowstone County, Montana",62630,30,111,2020
"Appling County, Georgia",37924,13,001,2020
"Atkinson County, Georgia",35703,13,003,2020
"Bacon County, Georgia",36692,13,005,2020
"Baker County, Georgia",34034,13,007,2020
"Banks County, Georgia",50912,13,011,2020
"Barrow County, Georgia",62990,13,013,2020
"Ben Hill County, Georgia",32077,13,017,2020
"Bibb County, Georgia",41317,13,021,2020
"Bleckley County, Georgia",46992,13,023,2020
"Brooks County, Georgia",37516,13,027,2020
"Bryan County, Georgia",76121,13,029,2020
"Burke County, Georgia",45699,13,033,2020
"Butts County, Georgia",48282,13,035,2020
"Camden County, Georgia",60594,13,039,2020
"Carroll County, Georgia",59197,13,045,2020
"Catoosa County, Georgia",58932,13,047,2020
"Chatham County, Georgia",57739,13,051,2020
"Chattahoochee County, Georgia",45700,13,053,2020
"Cherokee County, Georgia",84817,13,057,2020
"Clarke County, Georgia",40363,13,059,2020
"Clayton County, Georgia",49460,13,063,2020
"Cobb County, Georgia",80830,13,067,2020
"Coffee County, Georgia",42526,13,069,2020
"Columbia County, Georgia",82251,13,073,2020
"Cook County, Georgia",40943,13,075,2020
"Crawford County, Georgia",47917,13,079,2020
"Crisp County, Georgia",38272,13,081,2020
"Dawson County, Georgia",72260,13,085,2020
"DeKalb County, Georgia",65116,13,089,2020
"Dodge County, Georgia",42211,13,091,2020
"Dougherty County, Georgia",40947,13,095,2020
"Douglas County, Georgia",67651,13,097,2020
"Echols County, Georgia",44454,13,101,2020
"Elbert County, Georgia",39323,13,105,2020
"Pawnee County, Nebraska",46063,31,133,2020
"Perkins County, Nebraska",61389,31,135,2020
"Phelps County, Nebraska",58105,31,137,2020
"Pierce County, Nebraska",57629,31,139,2020
"Platte County, Nebraska",60878,31,141,2020
"Polk County, Nebraska",59837,31,143,2020
"Red Willow County, Nebraska",48140,31,145,2020
"Richardson County, Nebraska",44524,31,147,2020
"Rock County, Nebraska",51458,31,149,2020
"Saline County, Nebraska",52956,31,151,2020
"Sarpy County, Nebraska",83051,31,153,2020
"Saunders County, Nebraska",70414,31,155,2020
"Scotts Bluff County, Nebraska",53433,31,157,2020
"Seward County, Nebraska",71111,31,159,2020
"Sheridan County, Nebraska",45543,31,161,2020
"Sherman County, Nebraska",53158,31,163,2020
"Sioux County, Nebraska",47422,31,165,2020
"Stanton County, Nebraska",64808,31,167,2020
"Thayer County, Nebraska",53234,31,169,2020
"Thomas County, Nebraska",59000,31,171,2020
"Thurston County, Nebraska",55574,31,173,2020
"Washington County, Nebraska",71505,31,177,2020
"Webster County, Nebraska",51684,31,181,2020
"Wheeler County, Nebraska",48438,31,183,2020
"Churchill County, Nevada",56335,32,001,2020
"Clark County, Nevada",61048,32,003,2020
"Elko County, Nevada",79375,32,007,2020
"Esmeralda County, Nevada",31845,32,009,2020
"Humboldt County, Nevada",66123,32,013,2020
"Lander County, Nevada",73797,32,015,2020
"Lyon County, Nevada",58814,32,019,2020
"Mineral County, Nevada",31500,32,021,2020
"Pershing County, Nevada",57074,32,027,2020
"Storey County, Nevada",64000,32,029,2020
"White Pine County, Nevada",57353,32,033,2020
"Carson City, Nevada",58305,32,510,2020
"Carroll County, New Hampshire",66932,33,003,2020
"Cheshire County, New Hampshire",64686,33,005,2020
"Grafton County, New Hampshire",67476,33,009,2020
"Hillsborough County, New Hampshire",82099,33,011,2020
"Rockingham County, New Hampshire",93962,33,015,2020
"Strafford County, New Hampshire",72682,33,017,2020
"Acadia Parish, Louisiana",44412,22,001,2020
"Allen Parish, Louisiana",48328,22,003,2020
"Assumption Parish, Louisiana",44742,22,007,2020
"Avoyelles Parish, Louisiana",35530,22,009,2020
"Bienville Parish, Louisiana",27815,22,013,2020
"Bossier Parish, Louisiana",55448,22,015,2020
"Calcasieu Parish, Louisiana",52866,22,019,2020
"Caldwell Parish, Louisiana",40690,22,021,2020
"Catahoula Parish, Louisiana",40973,22,025,2020
"Claiborne Parish, Louisiana",26849,22,027,2020
"De Soto Parish, Louisiana",44436,22,031,2020
"East Baton Rouge Parish, Louisiana",56076,22,033,2020
"East Feliciana Parish, Louisiana",54187,22,037,2020
"Evangeline Parish, Louisiana",31427,22,039,2020
"Grant Parish, Louisiana",51449,22,043,2020
"Iberia Parish, Louisiana",50602,22,045,2020
"Jackson Parish, Louisiana",41760,22,049,2020
"Goshen County, Wyoming",55955,56,015,2020
"Johnson County, Wyoming",56565,56,019,2020
"Laramie County, Wyoming",69369,56,021,2020
"Lincoln County, Wyoming",71898,56,023,2020
"Niobrara County, Wyoming",46111,56,027,2020
"Park County, Wyoming",63684,56,029,2020
"Sheridan County, Wyoming",59380,56,033,2020
"Sublette County, Wyoming",78655,56,035,2020
"Teton County, Wyoming",87053,56,039,2020
"Uinta County, Wyoming",72458,56,041,2020
"Weston County, Wyoming",53333,56,045,2020
"Adjuntas Municipio, Puerto Rico",14253,72,001,2020
"Aguadilla Municipio, Puerto Rico",16065,72,005,2020
"Aguas Buenas Municipio, Puerto Rico",20190,72,007,2020
"Añasco Municipio, Puerto Rico",20167,72,011,2020
"Arecibo Municipio, Puerto Rico",19266,72,013,2020
"Barceloneta Municipio, Puerto Rico",17815,72,017,2020
"Barranquitas Municipio, Puerto Rico",18924,72,019,2020
"Cabo Rojo Municipio, Puerto Rico",17261,72,023,2020
"Caguas Municipio, Puerto Rico",25823,72,025,2020
"Camuy Municipio, Puerto Rico",18571,72,027,2020
"Carolina Municipio, Puerto Rico",29398,72,031,2020
"Cataño Municipio, Puerto Rico",18647,72,033,2020
"Ceiba Municipio, Puerto Rico",19092,72,037,2020
"Ciales Municipio, Puerto Rico",17783,72,039,2020
"Coamo Municipio, Puerto Rico",18319,72,043,2020
"Comerío Municipio, Puerto Rico",14297,72,045,2020
"Culebra Municipio, Puerto Rico",25658,72,049,2020
"Dorado Municipio, Puerto Rico",29852,72,051,2020
"Florida Municipio, Puerto Rico",20221,72,054,2020
"Guánica Municipio, Puerto Rico",12283,72,055,2020
"Guayama Municipio, Puerto Rico",17319,72,057,2020
"Guaynabo Municipio, Puerto Rico",36073,72,061,2020
"Gurabo Municipio, Puerto Rico",35367,72,063,2020
"Hormigueros Municipio, Puerto Rico",19848,72,067,2020
"Humacao Municipio, Puerto Rico",21802,72,069,2020
"Jayuya Municipio, Puerto Rico",16003,72,073,2020
"Juana Díaz Municipio, Puerto Rico",20889,72,075,2020
"Lajas Municipio, Puerto Rico",14439,72,079,2020
"Lares Municipio, Puerto Rico",16841,72,081,2020
"Las Marías Municipio, Puerto Rico",14765,72,083,2020
"Las Piedras Municipio, Puerto Rico",22848,72,085,2020
"Loíza Municipio, Puerto Rico",17363,72,087,2020
"Luquillo Municipio, Puerto Rico",21805,72,089,2020
"Manatí Municipio, Puerto Rico",18885,72,091,2020
"Maricao Municipio, Puerto Rico",15387,72,093,2020
"Maunabo Municipio, Puerto Rico",20561,72,095,2020
"Mayagüez Municipio, Puerto Rico",14761,72,097,2020
"Moca Municipio, Puerto Rico",16033,72,099,2020
"Morovis Municipio, Puerto Rico",21191,72,101,2020
"Naguabo Municipio, Puerto Rico",19224,72,103,2020
"Naranjito Municipio, Puerto Rico",18778,72,105,2020
"Orocovis Municipio, Puerto Rico",15805,72,107,2020
"Patillas Municipio, Puerto Rico",17138,72,109,2020
"Peñuelas Municipio, Puerto Rico",17313,72,111,2020
"Ponce Municipio, Puerto Rico",17263,72,113,2020
"Quebradillas Municipio, Puerto Rico",17425,72,115,2020
"Emanuel County, Georgia",38423,13,107,2020
"Fannin County, Georgia",46028,13,111,2020
"Fayette County, Georgia",93777,13,113,2020
"Forsyth County, Georgia",112834,13,117,2020
"Fulton County, Georgia",72741,13,121,2020
"Gilmer County, Georgia",57376,13,123,2020
"Glynn County, Georgia",56952,13,127,2020
"Gordon County, Georgia",48662,13,129,2020
"Greene County, Georgia",57880,13,133,2020
"Gwinnett County, Georgia",72787,13,135,2020
"Hall County, Georgia",63651,13,139,2020
"Haralson County, Georgia",52021,13,143,2020
"Harris County, Georgia",79860,13,145,2020
"Hart County, Georgia",45874,13,147,2020
"Heard County, Georgia",50583,13,149,2020
"Henry County, Georgia",71110,13,151,2020
"Houston County, Georgia",65870,13,153,2020
"Irwin County, Georgia",41484,13,155,2020
"Jackson County, Georgia",68307,13,157,2020
"Jasper County, Georgia",52409,13,159,2020
"Jeff Davis County, Georgia",36987,13,161,2020
"Jefferson County, Georgia",37009,13,163,2020
"Jenkins County, Georgia",25712,13,165,2020
"Johnson County, Georgia",42421,13,167,2020
"Jones County, Georgia",63046,13,169,2020
"Lamar County, Georgia",50088,13,171,2020
"Lanier County, Georgia",32158,13,173,2020
"Laurens County, Georgia",39476,13,175,2020
"Lee County, Georgia",68338,13,177,2020
"Liberty County, Georgia",50411,13,179,2020
"Lincoln County, Georgia",42036,13,181,2020
"Long County, Georgia",52099,13,183,2020
"Lumpkin County, Georgia",52872,13,187,2020
"McIntosh County, Georgia",56262,13,191,2020
"Macon County, Georgia",31910,13,193,2020
"Marion County, Georgia",52450,13,197,2020
"Meriwether County, Georgia",40769,13,199,2020
"Mitchell County, Georgia",39404,13,205,2020
"Montgomery County, Georgia",45230,13,209,2020
"Morgan County, Georgia",68669,13,211,2020
"Muscogee County, Georgia",47418,13,215,2020
"Newton County, Georgia",59178,13,217,2020
"Oglethorpe County, Georgia",52816,13,221,2020
"Paulding County, Georgia",74154,13,223,2020
"Pickens County, Georgia",68365,13,227,2020
"Pike County, Georgia",68138,13,231,2020
"Polk County, Georgia",46846,13,233,2020
"Putnam County, Georgia",52910,13,237,2020
"Quitman County, Georgia",34394,13,239,2020
"Randolph County, Georgia",29400,13,243,2020
"Rockdale County, Georgia",62505,13,247,2020
"Schley County, Georgia",49105,13,249,2020
"Seminole County, Georgia",35286,13,253,2020
"Spalding County, Georgia",48970,13,255,2020
"Stewart County, Georgia",34028,13,259,2020
"Sumter County, Georgia",37174,13,261,2020
"Taliaferro County, Georgia",37717,13,265,2020
"Taylor County, Georgia",28550,13,269,2020
"Telfair County, Georgia",32764,13,271,2020
"Thomas County, Georgia",47133,13,275,2020
"Jefferson Parish, Louisiana",54825,22,051,2020
"Lafayette Parish, Louisiana",58761,22,055,2020
"Lafourche Parish, Louisiana",54530,22,057,2020
"LaSalle Parish, Louisiana",51141,22,059,2020
"Lincoln Parish, Louisiana",36496,22,061,2020
"Livingston Parish, Louisiana",67365,22,063,2020
"Madison Parish, Louisiana",32585,22,065,2020
"Morehouse Parish, Louisiana",33780,22,067,2020
"Natchitoches Parish, Louisiana",30625,22,069,2020
"Orleans Parish, Louisiana",43258,22,071,2020
"Ouachita Parish, Louisiana",44934,22,073,2020
"Plaquemines Parish, Louisiana",65234,22,075,2020
"Pointe Coupee Parish, Louisiana",44201,22,077,2020
"Rapides Parish, Louisiana",48013,22,079,2020
"Red River Parish, Louisiana",33817,22,081,2020
"Richland Parish, Louisiana",40491,22,083,2020
"Sabine Parish, Louisiana",39755,22,085,2020
"St. Bernard Parish, Louisiana",47873,22,087,2020
"St. Charles Parish, Louisiana",68113,22,089,2020
"St. Helena Parish, Louisiana",45063,22,091,2020
"St. James Parish, Louisiana",53209,22,093,2020
"St. John the Baptist Parish, Louisiana",55429,22,095,2020
"St. Landry Parish, Louisiana",40859,22,097,2020
"St. Martin Parish, Louisiana",48884,22,099,2020
"St. Tammany Parish, Louisiana",70730,22,103,2020
"Tangipahoa Parish, Louisiana",48745,22,105,2020
"Terrebonne Parish, Louisiana",52224,22,109,2020
"Vermilion Parish, Louisiana",52219,22,113,2020
"Vernon Parish, Louisiana",50267,22,115,2020
"Webster Parish, Louisiana",30324,22,119,2020
"West Baton Rouge Parish, Louisiana",67813,22,121,2020
"West Feliciana Parish, Louisiana",59688,22,125,2020
"Winn Parish, Louisiana",37764,22,127,2020
"Albany County, New York",68327,36,001,2020
"Bronx County, New York",41895,36,005,2020
"Broome County, New York",52237,36,007,2020
"Cayuga County, New York",57985,36,011,2020
"Chautauqua County, New York",48315,36,013,2020
"Chenango County, New York",51756,36,017,2020
"Clinton County, New York",59510,36,019,2020
"Cortland County, New York",59194,36,023,2020
"Delaware County, New York",49945,36,025,2020
"Erie County, New York",59464,36,029,2020
"Franklin County, New York",52905,36,033,2020
"Fulton County, New York",51663,36,035,2020
"Greene County, New York",56681,36,039,2020
"Hamilton County, New York",60625,36,041,2020
"Jefferson County, New York",54726,36,045,2020
"Kings County, New York",63973,36,047,2020
"Livingston County, New York",60248,36,051,2020
"Madison County, New York",61176,36,053,2020
"Montgomery County, New York",50146,36,057,2020
"Nassau County, New York",120036,36,059,2020
"Niagara County, New York",57252,36,063,2020
"Oneida County, New York",59113,36,065,2020
"Ontario County, New York",64795,36,069,2020
"Orange County, New York",80816,36,071,2020
"Oswego County, New York",59070,36,075,2020
"Río Grande Municipio, Puerto Rico",23738,72,119,2020
"Sabana Grande Municipio, Puerto Rico",18290,72,121,2020
"San Germán Municipio, Puerto Rico",16561,72,125,2020
"San Juan Municipio, Puerto Rico",23642,72,127,2020
"San Lorenzo Municipio, Puerto Rico",19385,72,129,2020
"Santa Isabel Municipio, Puerto Rico",20000,72,133,2020
"Toa Alta Municipio, Puerto Rico",27626,72,135,2020
"Trujillo Alto Municipio, Puerto Rico",32611,72,139,2020
"Utuado Municipio, Puerto Rico",15021,72,141,2020
"Vega Baja Municipio, Puerto Rico",20126,72,145,2020
"Vieques Municipio, Puerto Rico",14040,72,147,2020
"Villalba Municipio, Puerto Rico",19355,72,149,2020
"Yauco Municipio, Puerto Rico",14813,72,153,2020
"Anderson County, Texas",45847,48,001,2020
"Angelina County, Texas",49684,48,005,2020
"Aransas County, Texas",47924,48,007,2020
"Armstrong County, Texas",69386,48,011,2020
"Atascosa County, Texas",59251,48,013,2020
"Bailey County, Texas",55038,48,017,2020
"Bandera County, Texas",60361,48,019,2020
"Baylor County, Texas",40946,48,023,2020
"Bee County, Texas",45287,48,025,2020
"Bexar County, Texas",58288,48,029,2020
"Blanco County, Texas",70397,48,031,2020
"Bosque County, Texas",57337,48,035,2020
"Brazoria County, Texas",83325,48,039,2020
"Brazos County, Texas",50289,48,041,2020
"Briscoe County, Texas",37875,48,045,2020
"Brooks County, Texas",25058,48,047,2020
"Burleson County, Texas",60058,48,051,2020
"Burnet County, Texas",59919,48,053,2020
"Calhoun County, Texas",57170,48,057,2020
"Callahan County, Texas",51955,48,059,2020
"Camp County, Texas",49539,48,063,2020
"Carson County, Texas",74246,48,065,2020
"Castro County, Texas",49900,48,069,2020
"Chambers County, Texas",95989,48,071,2020
"Childress County, Texas",43564,48,075,2020
"Clay County, Texas",63125,48,077,2020
"Coke County, Texas",45072,48,081,2020
"Coleman County, Texas",46948,48,083,2020
"Collingsworth County, Texas",41202,48,087,2020
"Colorado County, Texas",52663,48,089,2020
"Comal County, Texas",80781,48,091,2020
"Comanche County, Texas",54889,48,093,2020
"Concho County, Texas",53333,48,095,2020
"Cooke County, Texas",62733,48,097,2020
"Coryell County, Texas",54712,48,099,2020
"Rincón Municipio, Puerto Rico",20145,72,117,2020
"Cottle County, Texas",40250,48,101,2020
"Crane County, Texas",54596,48,103,2020
"Crockett County, Texas",46695,48,105,2020
"Crosby County, Texas",42470,48,107,2020
"Culberson County, Texas",34853,48,109,2020
"Dallam County, Texas",58956,48,111,2020
"Dallas County, Texas",61870,48,113,2020
"Dawson County, Texas",40469,48,115,2020
"Deaf Smith County, Texas",49790,48,117,2020
"Delta County, Texas",49868,48,119,2020
"Knox County, Ohio",61590,39,083,2020
"Licking County, Ohio",67736,39,089,2020
"Lucas County, Ohio",49946,39,095,2020
"Mahoning County, Ohio",47092,39,099,2020
"Meigs County, Ohio",43445,39,105,2020
"Monroe County, Ohio",46241,39,111,2020
"Morrow County, Ohio",61769,39,117,2020
"Ottawa County, Ohio",59306,39,123,2020
"Pickaway County, Ohio",61629,39,129,2020
"Towns County, Georgia",51257,13,281,2020
"Treutlen County, Georgia",32072,13,283,2020
"Turner County, Georgia",34514,13,287,2020
"Union County, Georgia",49703,13,291,2020
"Upson County, Georgia",39221,13,293,2020
"Walton County, Georgia",65491,13,297,2020
"Ware County, Georgia",37041,13,299,2020
"Washington County, Georgia",36402,13,303,2020
"Webster County, Georgia",31629,13,307,2020
"Wheeler County, Georgia",28864,13,309,2020
"Whitfield County, Georgia",50055,13,313,2020
"Wilcox County, Georgia",39216,13,315,2020
"Wilkinson County, Georgia",36896,13,319,2020
"Hawaii County, Hawaii",65401,15,001,2020
"Honolulu County, Hawaii",87722,15,003,2020
"Kalawao County, Hawaii",76465,15,005,2020
"Kauai County, Hawaii",82818,15,007,2020
"Maui County, Hawaii",84363,15,009,2020
"Ada County, Idaho",69952,16,001,2020
"Adams County, Idaho",50309,16,003,2020
"Bannock County, Idaho",51977,16,005,2020
"Bear Lake County, Idaho",52829,16,007,2020
"Benewah County, Idaho",47983,16,009,2020
"Bingham County, Idaho",58260,16,011,2020
"Blaine County, Idaho",64627,16,013,2020
"Boise County, Idaho",51760,16,015,2020
"Bonner County, Idaho",51594,16,017,2020
"Bonneville County, Idaho",61435,16,019,2020
"Boundary County, Idaho",45319,16,021,2020
"Butte County, Idaho",37404,16,023,2020
"Camas County, Idaho",36908,16,025,2020
"Canyon County, Idaho",56916,16,027,2020
"Caribou County, Idaho",58099,16,029,2020
"Cassia County, Idaho",52256,16,031,2020
"Clark County, Idaho",36429,16,033,2020
"Custer County, Idaho",44757,16,037,2020
"Franklin County, Idaho",59934,16,041,2020
"Fremont County, Idaho",56825,16,043,2020
"Gooding County, Idaho",50057,16,047,2020
"Idaho County, Idaho",44951,16,049,2020
"Jerome County, Idaho",55521,16,053,2020
"Latah County, Idaho",51312,16,057,2020
"Lemhi County, Idaho",38819,16,059,2020
"Lincoln County, Idaho",52363,16,063,2020
"Madison County, Idaho",44419,16,065,2020
"Nez Perce County, Idaho",57099,16,069,2020
"Owyhee County, Idaho",48601,16,073,2020
"Tift County, Georgia",44827,13,277,2020
"Payette County, Idaho",52788,16,075,2020
"Shoshone County, Idaho",40483,16,079,2020
"Teton County, Idaho",73274,16,081,2020
"Valley County, Idaho",63115,16,085,2020
"Washington County, Idaho",42126,16,087,2020
"Alexander County, Illinois",34709,17,003,2020
"Boone County, Illinois",70396,17,007,2020
"Brown County, Illinois",60694,17,009,2020
"Calhoun County, Illinois",66602,17,013,2020
"Carroll County, Illinois",52813,17,015,2020
"Champaign County, Illinois",53936,17,019,2020
"Clark County, Illinois",59481,17,023,2020
"Otsego County, New York",56171,36,077,2020
"Queens County, New York",72028,36,081,2020
"Rensselaer County, New York",72510,36,083,2020
"Rockland County, New York",94840,36,087,2020
"St. Lawrence County, New York",52071,36,089,2020
"Saratoga County, New York",85224,36,091,2020
"Schenectady County, New York",66488,36,093,2020
"Schoharie County, New York",58926,36,095,2020
"Schuyler County, New York",53291,36,097,2020
"Seneca County, New York",54865,36,099,2020
"Steuben County, New York",55349,36,101,2020
"Suffolk County, New York",105362,36,103,2020
"Sullivan County, New York",60433,36,105,2020
"Tioga County, New York",61965,36,107,2020
"Tompkins County, New York",61361,36,109,2020
"Ulster County, New York",65306,36,111,2020
"Warren County, New York",64658,36,113,2020
"Washington County, New York",59613,36,115,2020
"Wayne County, New York",62003,36,117,2020
"Westchester County, New York",99489,36,119,2020
"Wyoming County, New York",58746,36,121,2020
"Yates County, New York",55307,36,123,2020
"Alamance County, North Carolina",51580,37,001,2020
"Alexander County, North Carolina",51329,37,003,2020
"Alleghany County, North Carolina",37158,37,005,2020
"Ashe County, North Carolina",43030,37,009,2020
"Avery County, North Carolina",42695,37,011,2020
"Bertie County, North Carolina",35042,37,015,2020
"Bladen County, North Carolina",37188,37,017,2020
"Buncombe County, North Carolina",55032,37,021,2020
"Burke County, North Carolina",43915,37,023,2020
"Caldwell County, North Carolina",46094,37,027,2020
"Camden County, North Carolina",63834,37,029,2020
"Caswell County, North Carolina",47938,37,033,2020
"Catawba County, North Carolina",54690,37,035,2020
"Cherokee County, North Carolina",40793,37,039,2020
"Chowan County, North Carolina",44050,37,041,2020
"Clay County, North Carolina",42160,37,043,2020
"Columbus County, North Carolina",38487,37,047,2020
"Craven County, North Carolina",53894,37,049,2020
"Currituck County, North Carolina",73741,37,053,2020
"Dare County, North Carolina",65420,37,055,2020
"Davie County, North Carolina",62028,37,059,2020
"Duplin County, North Carolina",43422,37,061,2020
"Edgecombe County, North Carolina",40489,37,065,2020
"Forsyth County, North Carolina",53583,37,067,2020
"Gaston County, North Carolina",53474,37,071,2020
"Gates County, North Carolina",45871,37,073,2020
"Granville County, North Carolina",56924,37,077,2020
"Greene County, North Carolina",43563,37,079,2020
"Halifax County, North Carolina",35904,37,083,2020
"Harnett County, North Carolina",54565,37,085,2020
"Henderson County, North Carolina",58928,37,089,2020
"Hertford County, North Carolina",42588,37,091,2020
"Hoke County, North Carolina",51140,37,093,2020
"Iredell County, North Carolina",62551,37,097,2020
"Jackson County, North Carolina",46820,37,099,2020
"Denton County, Texas",90354,48,121,2020
"DeWitt County, Texas",53815,48,123,2020
"Dickens County, Texas",41141,48,125,2020
"Dimmit County, Texas",25996,48,127,2020
"Donley County, Texas",51875,48,129,2020
"Duval County, Texas",45349,48,131,2020
"Ector County, Texas",63096,48,135,2020
"Edwards County, Texas",40643,48,137,2020
"El Paso County, Texas",48292,48,141,2020
"Erath County, Texas",55383,48,143,2020
"Fannin County, Texas",57898,48,147,2020
"Fayette County, Texas",62872,48,149,2020
"Floyd County, Texas",52714,48,153,2020
"Foard County, Texas",39306,48,155,2020
"Franklin County, Texas",59632,48,159,2020
"Freestone County, Texas",52232,48,161,2020
"Gaines County, Texas",62994,48,165,2020
"Garza County, Texas",58938,48,169,2020
"Gillespie County, Texas",61445,48,171,2020
"Goliad County, Texas",50000,48,175,2020
"Gonzales County, Texas",58210,48,177,2020
"Grayson County, Texas",58296,48,181,2020
"Gregg County, Texas",52027,48,183,2020
"Guadalupe County, Texas",75774,48,187,2020
"Hale County, Texas",47500,48,189,2020
"Hamilton County, Texas",46893,48,193,2020
"Hansford County, Texas",46507,48,195,2020
"Hardin County, Texas",61221,48,199,2020
"Harris County, Texas",63022,48,201,2020
"Hartley County, Texas",53722,48,205,2020
"Haskell County, Texas",48955,48,207,2020
"Hemphill County, Texas",59605,48,211,2020
"Henderson County, Texas",49469,48,213,2020
"Hill County, Texas",55615,48,217,2020
"Hockley County, Texas",47010,48,219,2020
"Hopkins County, Texas",54600,48,223,2020
"Houston County, Texas",40838,48,225,2020
"Hudspeth County, Texas",31505,48,229,2020
"Hunt County, Texas",57467,48,231,2020
"Irion County, Texas",53778,48,235,2020
"Jack County, Texas",54087,48,237,2020
"Jasper County, Texas",42756,48,241,2020
"Jeff Davis County, Texas",-666666666,48,243,2020
"Jim Hogg County, Texas",35736,48,247,2020
"Jim Wells County, Texas",45857,48,249,2020
"Jones County, Texas",52471,48,253,2020
"Karnes County, Texas",52896,48,255,2020
"Kaufman County, Texas",72179,48,257,2020
"Kendall County, Texas",98692,48,259,2020
"Kenedy County, Texas",40083,48,261,2020
"Kent County, Texas",61706,48,263,2020
"Kerr County, Texas",57196,48,265,2020
"Kimble County, Texas",46602,48,267,2020
"King County, Texas",39286,48,269,2020
"Kinney County, Texas",39972,48,271,2020
"Kleberg County, Texas",47301,48,273,2020
"Knox County, Texas",50719,48,275,2020
"Lamar County, Texas",48036,48,277,2020
"Lamb County, Texas",44935,48,279,2020
"Lampasas County, Texas",64808,48,281,2020
"La Salle County, Texas",47162,48,283,2020
"Portage County, Ohio",59485,39,133,2020
"Richland County, Ohio",49186,39,139,2020
"Scioto County, Ohio",41866,39,145,2020
"Stark County, Ohio",55045,39,151,2020
"Tuscarawas County, Ohio",54451,39,157,2020
"Vinton County, Ohio",45034,39,163,2020
"Cotton County, Oklahoma",49583,40,033,2020
"Custer County, Oklahoma",51351,40,039,2020
"Ellis County, Oklahoma",48264,40,045,2020
"Grady County, Oklahoma",64507,40,051,2020
"Harmon County, Oklahoma",53087,40,057,2020
"Hughes County, Oklahoma",38020,40,063,2020
"Johnston County, Oklahoma",44238,40,069,2020
"Kiowa County, Oklahoma",34747,40,075,2020
"Lincoln County, Oklahoma",51206,40,081,2020
"McClain County, Oklahoma",70005,40,087,2020
"Major County, Oklahoma",56781,40,093,2020
"Murray County, Oklahoma",53696,40,099,2020
"Nowata County, Oklahoma",42051,40,105,2020
"Oklahoma County, Oklahoma",55519,40,109,2020
"Ottawa County, Oklahoma",40662,40,115,2020
"Pittsburg County, Oklahoma",47511,40,121,2020
"Pushmataha County, Oklahoma",38325,40,127,2020
"Seminole County, Oklahoma",38588,40,133,2020
"Texas County, Oklahoma",50702,40,139,2020
"Wagoner County, Oklahoma",64958,40,145,2020
"Woods County, Oklahoma",51985,40,151,2020
"Benton County, Oregon",65142,41,003,2020
"Morrow County, Oregon",56572,41,049,2020
"Polk County, Oregon",65665,41,053,2020
"Umatilla County, Oregon",57973,41,059,2020
"Wasco County, Oregon",54725,41,065,2020
"Yamhill County, Oregon",67296,41,071,2020
"Newport County, Rhode Island",84282,44,005,2020
"Adams County, Pennsylvania",68411,42,001,2020
"Beaver County, Pennsylvania",59014,42,007,2020
"Blair County, Pennsylvania",50856,42,013,2020
"Butler County, Pennsylvania",72642,42,019,2020
"Carbon County, Pennsylvania",57601,42,025,2020
"Clarion County, Pennsylvania",49695,42,031,2020
"Columbia County, Pennsylvania",52219,42,037,2020
"Dauphin County, Pennsylvania",63123,42,043,2020
"Erie County, Pennsylvania",52863,42,049,2020
"Franklin County, Pennsylvania",63420,42,055,2020
"Huntingdon County, Pennsylvania",53597,42,061,2020
"Juniata County, Pennsylvania",53502,42,067,2020
"Lawrence County, Pennsylvania",50080,42,073,2020
"Luzerne County, Pennsylvania",53194,42,079,2020
"Mifflin County, Pennsylvania",52641,42,087,2020
"Westmoreland County, Pennsylvania",61398,42,129,2020
"Aiken County, South Carolina",53385,45,003,2020
"Bamberg County, South Carolina",42830,45,009,2020
"Berkeley County, South Carolina",65443,45,015,2020
"Cherokee County, South Carolina",37787,45,021,2020
"Clarendon County, South Carolina",43881,45,027,2020
"Dorchester County, South Carolina",63501,45,035,2020
"Florence County, South Carolina",49645,45,041,2020
"Greenwood County, South Carolina",41081,45,047,2020
"Clay County, Illinois",52167,17,025,2020
"Coles County, Illinois",46411,17,029,2020
"Cook County, Illinois",67886,17,031,2020
"Cumberland County, Illinois",59271,17,035,2020
"DeKalb County, Illinois",62353,17,037,2020
"Douglas County, Illinois",59620,17,041,2020
"Edgar County, Illinois",48543,17,045,2020
"Edwards County, Illinois",53801,17,047,2020
"Fayette County, Illinois",45634,17,051,2020
"Ford County, Illinois",50582,17,053,2020
"Fulton County, Illinois",52243,17,057,2020
"Gallatin County, Illinois",43092,17,059,2020
"Grundy County, Illinois",75767,17,063,2020
"Hancock County, Illinois",55818,17,067,2020
"Hardin County, Illinois",50847,17,069,2020
"Henry County, Illinois",60000,17,073,2020
"Iroquois County, Illinois",54445,17,075,2020
"Jasper County, Illinois",55911,17,079,2020
"Jefferson County, Illinois",51662,17,081,2020
"Jersey County, Illinois",67845,17,083,2020
"Jo Daviess County, Illinois",59223,17,085,2020
"Johnson County, Illinois",55363,17,087,2020
"Kane County, Illinois",83374,17,089,2020
"Kankakee County, Illinois",59370,17,091,2020
"Kendall County, Illinois",96854,17,093,2020
"Knox County, Illinois",44464,17,095,2020
"Lake County, Illinois",92654,17,097,2020
"LaSalle County, Illinois",60069,17,099,2020
"Lawrence County, Illinois",53087,17,101,2020
"Lee County, Illinois",59986,17,103,2020
"Livingston County, Illinois",58676,17,105,2020
"Logan County, Illinois",58122,17,107,2020
"McDonough County, Illinois",43591,17,109,2020
"McHenry County, Illinois",90014,17,111,2020
"McLean County, Illinois",68037,17,113,2020
"Macon County, Illinois",53725,17,115,2020
"Macoupin County, Illinois",56264,17,117,2020
"Madison County, Illinois",64045,17,119,2020
"Marshall County, Illinois",57303,17,123,2020
"Mason County, Illinois",50883,17,125,2020
"Menard County, Illinois",77550,17,129,2020
"Mercer County, Illinois",57182,17,131,2020
"Montgomery County, Illinois",54886,17,135,2020
"Morgan County, Illinois",53002,17,137,2020
"Ogle County, Illinois",63643,17,141,2020
"Perry County, Illinois",51616,17,145,2020
"Piatt County, Illinois",73668,17,147,2020
"Pope County, Illinois",43140,17,151,2020
"Pulaski County, Illinois",37308,17,153,2020
"Randolph County, Illinois",55319,17,157,2020
"Richland County, Illinois",55032,17,159,2020
"St. Clair County, Illinois",57473,17,163,2020
"Sangamon County, Illinois",61743,17,167,2020
"Schuyler County, Illinois",51376,17,169,2020
"Shelby County, Illinois",59134,17,173,2020
"Stark County, Illinois",53828,17,175,2020
"Tazewell County, Illinois",66220,17,179,2020
"Union County, Illinois",51655,17,181,2020
"Wabash County, Illinois",48878,17,185,2020
"Jones County, North Carolina",38324,37,103,2020
"Lee County, North Carolina",52294,37,105,2020
"Lincoln County, North Carolina",59592,37,109,2020
"McDowell County, North Carolina",47085,37,111,2020
"Madison County, North Carolina",46190,37,115,2020
"Martin County, North Carolina",39909,37,117,2020
"Mitchell County, North Carolina",48841,37,121,2020
"Montgomery County, North Carolina",45147,37,123,2020
"Moore County, North Carolina",63324,37,125,2020
"Nash County, North Carolina",49949,37,127,2020
"New Hanover County, North Carolina",56689,37,129,2020
"Northampton County, North Carolina",38969,37,131,2020
"Onslow County, North Carolina",51560,37,133,2020
"Orange County, North Carolina",74803,37,135,2020
"Pamlico County, North Carolina",48531,37,137,2020
"Pasquotank County, North Carolina",54439,37,139,2020
"Pender County, North Carolina",60044,37,141,2020
"Perquimans County, North Carolina",51036,37,143,2020
"Person County, North Carolina",57323,37,145,2020
"Pitt County, North Carolina",49337,37,147,2020
"Polk County, North Carolina",52125,37,149,2020
"Randolph County, North Carolina",48984,37,151,2020
"Richmond County, North Carolina",39051,37,153,2020
"Robeson County, North Carolina",35362,37,155,2020
"Rockingham County, North Carolina",45697,37,157,2020
"Rowan County, North Carolina",51054,37,159,2020
"Rutherford County, North Carolina",43183,37,161,2020
"Sampson County, North Carolina",42914,37,163,2020
"Scotland County, North Carolina",35936,37,165,2020
"Stokes County, North Carolina",51668,37,169,2020
"Surry County, North Carolina",44979,37,171,2020
"Transylvania County, North Carolina",51509,37,175,2020
"Tyrrell County, North Carolina",38250,37,177,2020
"Vance County, North Carolina",41827,37,181,2020
"Wake County, North Carolina",83567,37,183,2020
"Washington County, North Carolina",30941,37,187,2020
"Watauga County, North Carolina",46453,37,189,2020
"Wilkes County, North Carolina",44980,37,193,2020
"Wilson County, North Carolina",44594,37,195,2020
"Yancey County, North Carolina",44554,37,199,2020
"Atlantic County, New Jersey",63680,34,001,2020
"Burlington County, New Jersey",90329,34,005,2020
"Camden County, New Jersey",70957,34,007,2020
"Cumberland County, New Jersey",55709,34,011,2020
"Essex County, New Jersey",63959,34,013,2020
"Hudson County, New Jersey",75062,34,017,2020
"Hunterdon County, New Jersey",117858,34,019,2020
"Middlesex County, New Jersey",91731,34,023,2020
"Monmouth County, New Jersey",103523,34,025,2020
"Ocean County, New Jersey",72679,34,029,2020
"Passaic County, New Jersey",73562,34,031,2020
"Somerset County, New Jersey",116510,34,035,2020
"Sussex County, New Jersey",96222,34,037,2020
"Warren County, New Jersey",83497,34,041,2020
"Adams County, Indiana",52712,18,001,2020
"Bartholomew County, Indiana",66978,18,005,2020
"Benton County, Indiana",52656,18,007,2020
"Lee County, Texas",56696,48,287,2020
"Leon County, Texas",43392,48,289,2020
"Liberty County, Texas",50917,48,291,2020
"Limestone County, Texas",45781,48,293,2020
"Lipscomb County, Texas",63182,48,295,2020
"Live Oak County, Texas",50212,48,297,2020
"Llano County, Texas",58941,48,299,2020
"Lubbock County, Texas",53425,48,303,2020
"McCulloch County, Texas",48618,48,307,2020
"McLennan County, Texas",50210,48,309,2020
"Madison County, Texas",60499,48,313,2020
"Marion County, Texas",39093,48,315,2020
"Mason County, Texas",61434,48,319,2020
"Matagorda County, Texas",48733,48,321,2020
"Medina County, Texas",62701,48,325,2020
"Menard County, Texas",43826,48,327,2020
"Milam County, Texas",48253,48,331,2020
"Mills County, Texas",50198,48,333,2020
"Montague County, Texas",57511,48,337,2020
"Montgomery County, Texas",83274,48,339,2020
"Morris County, Texas",43995,48,343,2020
"Motley County, Texas",45417,48,345,2020
"Navarro County, Texas",47574,48,349,2020
"Newton County, Texas",40690,48,351,2020
"Nueces County, Texas",56784,48,355,2020
"Ochiltree County, Texas",53431,48,357,2020
"Orange County, Texas",63488,48,361,2020
"Palo Pinto County, Texas",55986,48,363,2020
"Parker County, Texas",84189,48,367,2020
"Parmer County, Texas",58558,48,369,2020
"Polk County, Texas",50351,48,373,2020
"Potter County, Texas",43652,48,375,2020
"Rains County, Texas",52612,48,379,2020
"Randall County, Texas",68186,48,381,2020
"Real County, Texas",38659,48,385,2020
"Red River County, Texas",37135,48,387,2020
"Refugio County, Texas",51054,48,391,2020
"Roberts County, Texas",61964,48,393,2020
"Rockwall County, Texas",105956,48,397,2020
"Runnels County, Texas",48489,48,399,2020
"Sabine County, Texas",38917,48,403,2020
"San Augustine County, Texas",41568,48,405,2020
"San Patricio County, Texas",56111,48,409,2020
"San Saba County, Texas",45169,48,411,2020
"Scurry County, Texas",50277,48,415,2020
"Shackelford County, Texas",48212,48,417,2020
"Sherman County, Texas",57130,48,421,2020
"Smith County, Texas",59450,48,423,2020
"Lavaca County, Texas",54211,48,285,2020
"Somervell County, Texas",64394,48,425,2020
"Starr County, Texas",30931,48,427,2020
"Stephens County, Texas",44940,48,429,2020
"Sterling County, Texas",53194,48,431,2020
"Stonewall County, Texas",58309,48,433,2020
"Sutton County, Texas",61190,48,435,2020
"Swisher County, Texas",36337,48,437,2020
"Tarrant County, Texas",70306,48,439,2020
"Taylor County, Texas",55568,48,441,2020
"Terrell County, Texas",42823,48,443,2020
"Terry County, Texas",44052,48,445,2020
"Throckmorton County, Texas",41875,48,447,2020
"Jasper County, South Carolina",45924,45,053,2020
"Lee County, South Carolina",32851,45,061,2020
"Marion County, South Carolina",30791,45,067,2020
"Oconee County, South Carolina",49691,45,073,2020
"Richland County, South Carolina",54441,45,079,2020
"Sumter County, South Carolina",46570,45,085,2020
"Aurora County, South Dakota",65132,46,003,2020
"Bon Homme County, South Dakota",50195,46,009,2020
"Brule County, South Dakota",57181,46,015,2020
"Hanson County, South Dakota",63750,46,061,2020
"Hutchinson County, South Dakota",61290,46,067,2020
"Jerauld County, South Dakota",49265,46,073,2020
"Lawrence County, South Dakota",52146,46,081,2020
"McCook County, South Dakota",66208,46,087,2020
"Meade County, South Dakota",62275,46,093,2020
"Minnehaha County, South Dakota",63699,46,099,2020
"Pennington County, South Dakota",58278,46,103,2020
"Sanborn County, South Dakota",55398,46,111,2020
"Sully County, South Dakota",60508,46,119,2020
"Turner County, South Dakota",63062,46,125,2020
"Yankton County, South Dakota",61878,46,135,2020
"Bedford County, Tennessee",52973,47,003,2020
"Blount County, Tennessee",60301,47,009,2020
"Cannon County, Tennessee",52518,47,015,2020
"Cheatham County, Tennessee",63988,47,021,2020
"Clay County, Tennessee",32064,47,027,2020
"Crockett County, Tennessee",47581,47,033,2020
"Decatur County, Tennessee",40389,47,039,2020
"Jackson County, Tennessee",35880,47,087,2020
"Knox County, Tennessee",59250,47,093,2020
"Lawrence County, Tennessee",43734,47,099,2020
"Loudon County, Tennessee",61664,47,105,2020
"Macon County, Tennessee",38080,47,111,2020
"Marshall County, Tennessee",55299,47,117,2020
"Monroe County, Tennessee",45576,47,123,2020
"Morgan County, Tennessee",41701,47,129,2020
"Perry County, Tennessee",48716,47,135,2020
"Putnam County, Tennessee",45160,47,141,2020
"Robertson County, Tennessee",66088,47,147,2020
"Sevier County, Tennessee",51734,47,155,2020
"Stewart County, Tennessee",49537,47,161,2020
"Tipton County, Tennessee",62474,47,167,2020
"Union County, Tennessee",45143,47,173,2020
"Washington County, Tennessee",48923,47,179,2020
"White County, Tennessee",44282,47,185,2020
"Beaver County, Utah",66705,49,001,2020
"Carbon County, Utah",50328,49,007,2020
"Duchesne County, Utah",61655,49,013,2020
"Addison County, Vermont",70262,50,001,2020
"Chittenden County, Vermont",76316,50,007,2020
"Grand Isle County, Vermont",81667,50,013,2020
"Orleans County, Vermont",54390,50,019,2020
"Windham County, Vermont",54188,50,025,2020
"Albemarle County, Virginia",84643,51,003,2020
"Amherst County, Virginia",57368,51,009,2020
"Augusta County, Virginia",65076,51,015,2020
"Bland County, Virginia",50365,51,021,2020
"Buchanan County, Virginia",34302,51,027,2020
"Warren County, Illinois",54291,17,187,2020
"Wayne County, Illinois",50205,17,191,2020
"Whiteside County, Illinois",57172,17,195,2020
"Will County, Illinois",90800,17,197,2020
"Winnebago County, Illinois",55310,17,201,2020
"Woodford County, Illinois",74777,17,203,2020
"Adams County, Iowa",52287,19,003,2020
"Allamakee County, Iowa",55523,19,005,2020
"Audubon County, Iowa",49245,19,009,2020
"Black Hawk County, Iowa",54774,19,013,2020
"Boone County, Iowa",67442,19,015,2020
"Buchanan County, Iowa",67252,19,019,2020
"Butler County, Iowa",56473,19,023,2020
"Calhoun County, Iowa",55285,19,025,2020
"Cass County, Iowa",52005,19,029,2020
"Cedar County, Iowa",69259,19,031,2020
"Cherokee County, Iowa",56302,19,035,2020
"Chickasaw County, Iowa",61239,19,037,2020
"Clay County, Iowa",51259,19,041,2020
"Clinton County, Iowa",52221,19,045,2020
"Crawford County, Iowa",54849,19,047,2020
"Davis County, Iowa",67627,19,051,2020
"Decatur County, Iowa",48154,19,053,2020
"Des Moines County, Iowa",51784,19,057,2020
"Dickinson County, Iowa",60975,19,059,2020
"Dubuque County, Iowa",64493,19,061,2020
"Emmet County, Iowa",56708,19,063,2020
"Fayette County, Iowa",49834,19,065,2020
"Floyd County, Iowa",51768,19,067,2020
"Franklin County, Iowa",55630,19,069,2020
"Fremont County, Iowa",59688,19,071,2020
"Greene County, Iowa",51098,19,073,2020
"Grundy County, Iowa",71760,19,075,2020
"Guthrie County, Iowa",62644,19,077,2020
"Hamilton County, Iowa",60248,19,079,2020
"Hancock County, Iowa",61957,19,081,2020
"Hardin County, Iowa",54930,19,083,2020
"Harrison County, Iowa",64154,19,085,2020
"Henry County, Iowa",54490,19,087,2020
"Howard County, Iowa",56709,19,089,2020
"Humboldt County, Iowa",55707,19,091,2020
"Ida County, Iowa",54219,19,093,2020
"Iowa County, Iowa",62660,19,095,2020
"Jackson County, Iowa",59042,19,097,2020
"Jefferson County, Iowa",47401,19,101,2020
"Johnson County, Iowa",63062,19,103,2020
"Keokuk County, Iowa",52012,19,107,2020
"Lee County, Iowa",52072,19,111,2020
"Linn County, Iowa",67301,19,113,2020
"Lucas County, Iowa",53967,19,117,2020
"Lyon County, Iowa",65959,19,119,2020
"Mahaska County, Iowa",56417,19,123,2020
"Marshall County, Iowa",58735,19,127,2020
"Mills County, Iowa",75137,19,129,2020
"Monona County, Iowa",51866,19,133,2020
"Monroe County, Iowa",59489,19,135,2020
"Muscatine County, Iowa",60435,19,139,2020
"Osceola County, Iowa",61167,19,143,2020
"Page County, Iowa",51196,19,145,2020
"Plymouth County, Iowa",71147,19,149,2020
"Pocahontas County, Iowa",53573,19,151,2020
"Boone County, Indiana",89444,18,011,2020
"Brown County, Indiana",66833,18,013,2020
"Cass County, Indiana",49020,18,017,2020
"Clark County, Indiana",57111,18,019,2020
"Clinton County, Indiana",53750,18,023,2020
"Crawford County, Indiana",41761,18,025,2020
"Dearborn County, Indiana",70779,18,029,2020
"Decatur County, Indiana",60794,18,031,2020
"Delaware County, Indiana",45910,18,035,2020
"Dubois County, Indiana",62846,18,037,2020
"Fayette County, Indiana",47465,18,041,2020
"Floyd County, Indiana",67603,18,043,2020
"Fountain County, Indiana",52334,18,045,2020
"Franklin County, Indiana",68180,18,047,2020
"Fulton County, Indiana",50597,18,049,2020
"Gibson County, Indiana",56638,18,051,2020
"Grant County, Indiana",46900,18,053,2020
"Greene County, Indiana",51777,18,055,2020
"Hamilton County, Indiana",98880,18,057,2020
"Hancock County, Indiana",75647,18,059,2020
"Harrison County, Indiana",59169,18,061,2020
"Hendricks County, Indiana",84754,18,063,2020
"Henry County, Indiana",51104,18,065,2020
"Howard County, Indiana",56387,18,067,2020
"Huntington County, Indiana",54286,18,069,2020
"Jackson County, Indiana",55097,18,071,2020
"Jasper County, Indiana",61889,18,073,2020
"Jay County, Indiana",45864,18,075,2020
"Jefferson County, Indiana",51981,18,077,2020
"Jennings County, Indiana",61610,18,079,2020
"Johnson County, Indiana",72928,18,081,2020
"Knox County, Indiana",47394,18,083,2020
"LaGrange County, Indiana",69331,18,087,2020
"Lake County, Indiana",57530,18,089,2020
"Lawrence County, Indiana",57740,18,093,2020
"Madison County, Indiana",51476,18,095,2020
"Marshall County, Indiana",54207,18,099,2020
"Martin County, Indiana",55378,18,101,2020
"Monroe County, Indiana",52229,18,105,2020
"Montgomery County, Indiana",56408,18,107,2020
"Newton County, Indiana",57866,18,111,2020
"Noble County, Indiana",58947,18,113,2020
"Orange County, Indiana",52164,18,117,2020
"Owen County, Indiana",52204,18,119,2020
"Perry County, Indiana",51496,18,123,2020
"Pike County, Indiana",55022,18,125,2020
"Posey County, Indiana",64983,18,129,2020
"Pulaski County, Indiana",49140,18,131,2020
"Randolph County, Indiana",53322,18,135,2020
"Ripley County, Indiana",60055,18,137,2020
"St. Joseph County, Indiana",54433,18,141,2020
"Shelby County, Indiana",59712,18,145,2020
"Spencer County, Indiana",56919,18,147,2020
"Steuben County, Indiana",58905,18,151,2020
"Sullivan County, Indiana",49449,18,153,2020
"Tippecanoe County, Indiana",51926,18,157,2020
"Tipton County, Indiana",68707,18,159,2020
"Vanderburgh County, Indiana",51179,18,163,2020
"Vermillion County, Indiana",54361,18,165,2020
"Wabash County, Indiana",56573,18,169,2020
"Titus County, Texas",53406,48,449,2020
"Tom Green County, Texas",57670,48,451,2020
"Travis County, Texas",80668,48,453,2020
"Trinity County, Texas",44052,48,455,2020
"Tyler County, Texas",47865,48,457,2020
"Upshur County, Texas",54330,48,459,2020
"Upton County, Texas",59008,48,461,2020
"Uvalde County, Texas",45936,48,463,2020
"Van Zandt County, Texas",57203,48,467,2020
"Victoria County, Texas",58959,48,469,2020
"Waller County, Texas",61752,48,473,2020
"Ward County, Texas",61915,48,475,2020
"Webb County, Texas",50296,48,479,2020
"Wharton County, Texas",51770,48,481,2020
"Wichita County, Texas",49710,48,485,2020
"Wilbarger County, Texas",45121,48,487,2020
"Williamson County, Texas",90834,48,491,2020
"Wilson County, Texas",80082,48,493,2020
"Wise County, Texas",67726,48,497,2020
"Wood County, Texas",56749,48,499,2020
"Young County, Texas",52158,48,503,2020
"Zapata County, Texas",32945,48,505,2020
"Covington County, Alabama",42566,01,039,2020
"Dale County, Alabama",45644,01,045,2020
"Elmore County, Alabama",62324,01,051,2020
"Fayette County, Alabama",41469,01,057,2020
"Geneva County, Alabama",41569,01,061,2020
"Henry County, Alabama",51715,01,067,2020
"Jefferson County, Alabama",55088,01,073,2020
"Lawrence County, Alabama",47125,01,079,2020
"Limestone County, Alabama",64270,01,083,2020
"Madison County, Alabama",66887,01,089,2020
"Marshall County, Alabama",50216,01,095,2020
"Montgomery County, Alabama",51963,01,101,2020
"Perry County, Alabama",23875,01,105,2020
"Randolph County, Alabama",45141,01,111,2020
"Shelby County, Alabama",78889,01,117,2020
"Talladega County, Alabama",43969,01,121,2020
"Walker County, Alabama",45833,01,127,2020
"Winston County, Alabama",40991,01,133,2020
"Amador County, California",65187,06,005,2020
"Calaveras County, California",67054,06,009,2020
"Del Norte County, California",49981,06,015,2020
"Glenn County, California",51682,06,021,2020
"Inyo County, California",59296,06,027,2020
"Lake County, California",49254,06,033,2020
"Los Angeles County, California",71358,06,037,2020
"Santa Barbara County, California",78925,06,083,2020
"Shasta County, California",57139,06,089,2020
"Caroline County, Virginia",67901,51,033,2020
"Chesterfield County, Virginia",84645,51,041,2020
"Culpeper County, Virginia",80663,51,047,2020
"Dinwiddie County, Virginia",65485,51,053,2020
"Fauquier County, Virginia",105665,51,061,2020
"Franklin County, Virginia",56779,51,067,2020
"Gloucester County, Virginia",71649,51,073,2020
"Greene County, Virginia",67266,51,079,2020
"Hanover County, Virginia",91444,51,085,2020
"Highland County, Virginia",51831,51,091,2020
"Pittsylvania County, Virginia",49520,51,143,2020
"Prince William County, Virginia",107707,51,153,2020
"Richmond County, Virginia",53298,51,159,2020
"Rockingham County, Virginia",64496,51,165,2020
"Shenandoah County, Virginia",56114,51,171,2020
"Spotsylvania County, Virginia",90913,51,177,2020
"Sussex County, Virginia",51701,51,183,2020
"Washington County, Virginia",50928,51,191,2020
"Wythe County, Virginia",51639,51,197,2020
"Bristol city, Virginia",39679,51,520,2020
"Chesapeake city, Virginia",81261,51,550,2020
"Emporia city, Virginia",30058,51,595,2020
"Franklin city, Virginia",49811,51,620,2020
"Hampton city, Virginia",57041,51,650,2020
"Lexington city, Virginia",50714,51,678,2020
"Manassas Park city, Virginia",81639,51,685,2020
"Norfolk city, Virginia",53026,51,710,2020
"Poquoson city, Virginia",100696,51,735,2020
"Richmond city, Virginia",51421,51,760,2020
"Jefferson County, Washington",57693,53,031,2020
"Klickitat County, Washington",56667,53,039,2020
"Mason County, Washington",60565,53,045,2020
"Pend Oreille County, Washington",55021,53,051,2020
"Skagit County, Washington",71021,53,057,2020
"Spokane County, Washington",60101,53,063,2020
"Wahkiakum County, Washington",54524,53,069,2020
"Whitman County, Washington",42288,53,075,2020
"Berkeley County, West Virginia",65286,54,003,2020
"Brooke County, West Virginia",48168,54,009,2020
"Doddridge County, West Virginia",51300,54,017,2020
"Grant County, West Virginia",43313,54,023,2020
"Hancock County, West Virginia",48140,54,029,2020
"Jackson County, West Virginia",49115,54,035,2020
"Lewis County, West Virginia",43894,54,041,2020
"McDowell County, West Virginia",26072,54,047,2020
"Mason County, West Virginia",51820,54,053,2020
"Mingo County, West Virginia",35454,54,059,2020
"Morgan County, West Virginia",57116,54,065,2020
"Adams County, Wisconsin",48906,55,001,2020
"Bayfield County, Wisconsin",57257,55,007,2020
"Burnett County, Wisconsin",53555,55,013,2020
"Clark County, Wisconsin",54463,55,019,2020
"Dane County, Wisconsin",75179,55,025,2020
"Douglas County, Wisconsin",56855,55,031,2020
"Florence County, Wisconsin",50821,55,037,2020
"Grant County, Wisconsin",54144,55,043,2020
"Iowa County, Wisconsin",68714,55,049,2020
"Jefferson County, Wisconsin",67167,55,055,2020
"Pottawattamie County, Iowa",59901,19,155,2020
"Ringgold County, Iowa",55970,19,159,2020
"Sac County, Iowa",57446,19,161,2020
"Shelby County, Iowa",60139,19,165,2020
"Sioux County, Iowa",73260,19,167,2020
"Tama County, Iowa",54749,19,171,2020
"Union County, Iowa",50375,19,175,2020
"Van Buren County, Iowa",49898,19,177,2020
"Warren County, Iowa",80309,19,181,2020
"Washington County, Iowa",63532,19,183,2020
"Webster County, Iowa",51909,19,187,2020
"Winneshiek County, Iowa",63162,19,191,2020
"Woodbury County, Iowa",60768,19,193,2020
"Wright County, Iowa",51221,19,197,2020
"Allegany County, Maryland",49449,24,001,2020
"Baltimore County, Maryland",78724,24,005,2020
"Caroline County, Maryland",59042,24,011,2020
"Carroll County, Maryland",99569,24,013,2020
"Charles County, Maryland",103678,24,017,2020
"Dorchester County, Maryland",52799,24,019,2020
"Garrett County, Maryland",54542,24,023,2020
"Harford County, Maryland",94003,24,025,2020
"Kent County, Maryland",60208,24,029,2020
"Prince George's County, Maryland",86994,24,033,2020
"Queen Anne's County, Maryland",96467,24,035,2020
"Somerset County, Maryland",44980,24,039,2020
"Talbot County, Maryland",73102,24,041,2020
"Washington County, Maryland",63510,24,043,2020
"Wicomico County, Maryland",60366,24,045,2020
"Worcester County, Maryland",65396,24,047,2020
"Baltimore city, Maryland",52164,24,510,2020
"Alcona County, Michigan",43341,26,001,2020
"Alger County, Michigan",45184,26,003,2020
"Allegan County, Michigan",65071,26,005,2020
"Alpena County, Michigan",42603,26,007,2020
"Antrim County, Michigan",57256,26,009,2020
"Arenac County, Michigan",45679,26,011,2020
"Baraga County, Michigan",46581,26,013,2020
"Barry County, Michigan",65557,26,015,2020
"Bay County, Michigan",48290,26,017,2020
"Benzie County, Michigan",64257,26,019,2020
"Berrien County, Michigan",52500,26,021,2020
"Branch County, Michigan",52782,26,023,2020
"Calhoun County, Michigan",50219,26,025,2020
"Cass County, Michigan",57514,26,027,2020
"Charlevoix County, Michigan",60433,26,029,2020
"Chippewa County, Michigan",50454,26,033,2020
"Clare County, Michigan",41163,26,035,2020
"Crawford County, Michigan",49987,26,039,2020
"Delta County, Michigan",47008,26,041,2020
"Eaton County, Michigan",67440,26,045,2020
"Genesee County, Michigan",50269,26,049,2020
"Gladwin County, Michigan",45957,26,051,2020
"Grand Traverse County, Michigan",66457,26,055,2020
"Gratiot County, Michigan",49795,26,057,2020
"Houghton County, Michigan",44839,26,061,2020
"Huron County, Michigan",49541,26,063,2020
"Ionia County, Michigan",60139,26,067,2020
"Iron County, Michigan",44183,26,071,2020
"Warren County, Indiana",65614,18,171,2020
"Washington County, Indiana",50459,18,175,2020
"Wayne County, Indiana",47756,18,177,2020
"White County, Indiana",53865,18,181,2020
"Whitley County, Indiana",64992,18,183,2020
"Berkshire County, Massachusetts",62166,25,003,2020
"Bristol County, Massachusetts",71450,25,005,2020
"Essex County, Massachusetts",82225,25,009,2020
"Franklin County, Massachusetts",61198,25,011,2020
"Hampshire County, Massachusetts",73518,25,015,2020
"Middlesex County, Massachusetts",106202,25,017,2020
"Norfolk County, Massachusetts",105320,25,021,2020
"Plymouth County, Massachusetts",92906,25,023,2020
"Suffolk County, Massachusetts",74881,25,025,2020
"Worcester County, Massachusetts",77155,25,027,2020
"Adams County, Ohio",40067,39,001,2020
"Allen County, Ohio",51892,39,003,2020
"Ashland County, Ohio",55422,39,005,2020
"Ashtabula County, Ohio",47925,39,007,2020
"Athens County, Ohio",42414,39,009,2020
"Auglaize County, Ohio",66193,39,011,2020
"Belmont County, Ohio",51574,39,013,2020
"Brown County, Ohio",57200,39,015,2020
"Butler County, Ohio",69023,39,017,2020
"Carroll County, Ohio",52574,39,019,2020
"Champaign County, Ohio",59909,39,021,2020
"Clark County, Ohio",51504,39,023,2020
"Clermont County, Ohio",69720,39,025,2020
"Clinton County, Ohio",54683,39,027,2020
"Columbiana County, Ohio",49407,39,029,2020
"Coshocton County, Ohio",48552,39,031,2020
"Crawford County, Ohio",46391,39,033,2020
"Cuyahoga County, Ohio",51741,39,035,2020
"Defiance County, Ohio",62110,39,039,2020
"Delaware County, Ohio",111411,39,041,2020
"Fairfield County, Ohio",70906,39,045,2020
"Fayette County, Ohio",48637,39,047,2020
"Fulton County, Ohio",61290,39,051,2020
"Gallia County, Ohio",48975,39,053,2020
"Greene County, Ohio",70055,39,057,2020
"Guernsey County, Ohio",46352,39,059,2020
"Hancock County, Ohio",57384,39,063,2020
"Hardin County, Ohio",50214,39,065,2020
"Henry County, Ohio",60425,39,069,2020
"Hocking County, Ohio",54774,39,073,2020
"Holmes County, Ohio",64453,39,075,2020
"Jackson County, Ohio",48915,39,079,2020
"Jefferson County, Ohio",46849,39,081,2020
"Lake County, Ohio",65814,39,085,2020
"Lawrence County, Ohio",46584,39,087,2020
"Logan County, Ohio",60417,39,091,2020
"Lorain County, Ohio",58798,39,093,2020
"Madison County, Ohio",68663,39,097,2020
"Marion County, Ohio",49225,39,101,2020
"Medina County, Ohio",77784,39,103,2020
"Mercer County, Ohio",65566,39,107,2020
"Miami County, Ohio",62347,39,109,2020
"Montgomery County, Ohio",53064,39,113,2020
"Morgan County, Ohio",43791,39,115,2020
"Muskingum County, Ohio",48350,39,119,2020
"Siskiyou County, California",47403,06,093,2020
"Stanislaus County, California",62873,06,099,2020
"Trinity County, California",41780,06,105,2020
"Ventura County, California",89295,06,111,2020
"Arkansas County, Arkansas",51000,05,001,2020
"Benton County, Arkansas",71556,05,007,2020
"Bradley County, Arkansas",41808,05,011,2020
"Chicot County, Arkansas",33523,05,017,2020
"Cleburne County, Arkansas",45563,05,023,2020
"Conway County, Arkansas",44456,05,029,2020
"Crawford County, Arkansas",48980,05,033,2020
"Dallas County, Arkansas",35134,05,039,2020
"Faulkner County, Arkansas",54191,05,045,2020
"Garland County, Arkansas",48150,05,051,2020
"Greene County, Arkansas",50083,05,055,2020
"Howard County, Arkansas",38038,05,061,2020
"Jackson County, Arkansas",37885,05,067,2020
"Lafayette County, Arkansas",33763,05,073,2020
"Lee County, Arkansas",27902,05,077,2020
"Logan County, Arkansas",44232,05,083,2020
"Marion County, Arkansas",38426,05,089,2020
"Mississippi County, Arkansas",42986,05,093,2020
"Van Buren County, Arkansas",40442,05,141,2020
"Woodruff County, Arkansas",40331,05,147,2020
"Fairfield County, Connecticut",97539,09,001,2020
"Middlesex County, Connecticut",84907,09,007,2020
"Tolland County, Connecticut",87809,09,013,2020
"Aleutians East Borough, Alaska",75833,02,013,2020
"Bethel Census Area, Alaska",54400,02,050,2020
"Copper River Census Area, Alaska",64745,02,066,2020
"Fairbanks North Star Borough, Alaska",76464,02,090,2020
"Juneau City and Borough, Alaska",88077,02,110,2020
"Kodiak Island Borough, Alaska",79173,02,150,2020
"Lake and Peninsula Borough, Alaska",48750,02,164,2020
"North Slope Borough, Alaska",79083,02,185,2020
"Prince of Wales-Hyder Census Area, Alaska",54018,02,198,2020
"Southeast Fairbanks Census Area, Alaska",66941,02,240,2020
"Adams County, Colorado",73817,08,001,2020
"Arapahoe County, Colorado",80291,08,005,2020
"Bent County, Colorado",38083,08,011,2020
"Chaffee County, Colorado",55176,08,015,2020
"Clear Creek County, Colorado",71919,08,019,2020
"Crowley County, Colorado",40785,08,025,2020
"Denver County, Colorado",72661,08,031,2020
"Mineral County, Colorado",53571,08,079,2020
"Montrose County, Colorado",54611,08,085,2020
"Otero County, Colorado",43075,08,089,2020
"Phillips County, Colorado",50426,08,095,2020
"Pueblo County, Colorado",49979,08,101,2020
"Routt County, Colorado",76198,08,107,2020
"San Juan County, Colorado",56875,08,111,2020
"Summit County, Colorado",80709,08,117,2020
"Weld County, Colorado",74332,08,123,2020
"Kent County, Delaware",60117,10,001,2020
"Beaverhead County, Montana",45819,30,001,2020
"Broadwater County, Montana",57723,30,007,2020
"Cascade County, Montana",52049,30,013,2020
"Custer County, Montana",54891,30,017,2020
"Kewaunee County, Wisconsin",68474,55,061,2020
"Langlade County, Wisconsin",52074,55,067,2020
"Marathon County, Wisconsin",63029,55,073,2020
"Menominee County, Wisconsin",47188,55,078,2020
"Oneida County, Wisconsin",58156,55,085,2020
"Pepin County, Wisconsin",58750,55,091,2020
"Portage County, Wisconsin",60316,55,097,2020
"Richland County, Wisconsin",52052,55,103,2020
"St. Croix County, Wisconsin",84985,55,109,2020
"Hot Springs County, Wyoming",53398,56,017,2020
"Natrona County, Wyoming",62168,56,025,2020
"Platte County, Wyoming",57784,56,031,2020
"Sweetwater County, Wyoming",73384,56,037,2020
"Washakie County, Wyoming",57306,56,043,2020
"Aguada Municipio, Puerto Rico",16802,72,003,2020
"Aibonito Municipio, Puerto Rico",20631,72,009,2020
"Arroyo Municipio, Puerto Rico",16206,72,015,2020
"Bayamón Municipio, Puerto Rico",26853,72,021,2020
"Canóvanas Municipio, Puerto Rico",21614,72,029,2020
"Cayey Municipio, Puerto Rico",23104,72,035,2020
"Cidra Municipio, Puerto Rico",20664,72,041,2020
"Corozal Municipio, Puerto Rico",16933,72,047,2020
"Fajardo Municipio, Puerto Rico",19957,72,053,2020
"Guayanilla Municipio, Puerto Rico",17796,72,059,2020
"Hatillo Municipio, Puerto Rico",18998,72,065,2020
"Isabela Municipio, Puerto Rico",16996,72,071,2020
"Juncos Municipio, Puerto Rico",20350,72,077,2020
"Salinas Municipio, Puerto Rico",17694,72,123,2020
"San Sebastián Municipio, Puerto Rico",15995,72,131,2020
"Toa Baja Municipio, Puerto Rico",25090,72,137,2020
"Vega Alta Municipio, Puerto Rico",20809,72,143,2020
"Yabucoa Municipio, Puerto Rico",16828,72,151,2020
"Andrews County, Texas",75147,48,003,2020
"Archer County, Texas",63958,48,009,2020
"Austin County, Texas",64468,48,015,2020
"Bastrop County, Texas",71820,48,021,2020
"Bell County, Texas",54987,48,027,2020
"Borden County, Texas",83281,48,033,2020
"Bowie County, Texas",51796,48,037,2020
"Brewster County, Texas",45296,48,043,2020
"Brown County, Texas",49180,48,049,2020
"Caldwell County, Texas",59846,48,055,2020
"Cameron County, Texas",41200,48,061,2020
"Cass County, Texas",47539,48,067,2020
"Cherokee County, Texas",50199,48,073,2020
"Cochran County, Texas",41000,48,079,2020
"Collin County, Texas",100541,48,085,2020
"Eastland County, Texas",41559,48,133,2020
"Ellis County, Texas",79834,48,139,2020
"Falls County, Texas",36854,48,145,2020
"Fisher County, Texas",52683,48,151,2020
"Fort Bend County, Texas",100189,48,157,2020
"Frio County, Texas",48708,48,163,2020
"Galveston County, Texas",74633,48,167,2020
"Glasscock County, Texas",74375,48,173,2020
"Gray County, Texas",54679,48,179,2020
"Grimes County, Texas",56086,48,185,2020
"Hall County, Texas",40197,48,191,2020
"Hardeman County, Texas",47188,48,197,2020
"Isabella County, Michigan",46783,26,073,2020
"Kalamazoo County, Michigan",58836,26,077,2020
"Kalkaska County, Michigan",49402,26,079,2020
"Keweenaw County, Michigan",51750,26,083,2020
"Lake County, Michigan",38356,26,085,2020
"Leelanau County, Michigan",67330,26,089,2020
"Livingston County, Michigan",84274,26,093,2020
"Luce County, Michigan",50000,26,095,2020
"Macomb County, Michigan",64641,26,099,2020
"Manistee County, Michigan",51658,26,101,2020
"Mason County, Michigan",51568,26,105,2020
"Mecosta County, Michigan",45797,26,107,2020
"Midland County, Michigan",64078,26,111,2020
"Monroe County, Michigan",65453,26,115,2020
"Montcalm County, Michigan",52390,26,117,2020
"Muskegon County, Michigan",53478,26,121,2020
"Newaygo County, Michigan",51470,26,123,2020
"Oceana County, Michigan",51161,26,127,2020
"Ogemaw County, Michigan",41752,26,129,2020
"Osceola County, Michigan",46969,26,133,2020
"Oscoda County, Michigan",43457,26,135,2020
"Ottawa County, Michigan",72418,26,139,2020
"Roscommon County, Michigan",41828,26,143,2020
"Saginaw County, Michigan",49565,26,145,2020
"St. Joseph County, Michigan",53253,26,149,2020
"Sanilac County, Michigan",49852,26,151,2020
"Shiawassee County, Michigan",56436,26,155,2020
"Tuscola County, Michigan",51891,26,157,2020
"Washtenaw County, Michigan",75730,26,161,2020
"Wayne County, Michigan",49359,26,163,2020
"Wexford County, Michigan",50335,26,165,2020
"Adams County, Mississippi",30633,28,001,2020
"Alcorn County, Mississippi",40938,28,003,2020
"Amite County, Mississippi",30805,28,005,2020
"Attala County, Mississippi",35631,28,007,2020
"Benton County, Mississippi",39758,28,009,2020
"Bolivar County, Mississippi",32412,28,011,2020
"Calhoun County, Mississippi",40345,28,013,2020
"Carroll County, Mississippi",46729,28,015,2020
"Chickasaw County, Mississippi",35592,28,017,2020
"Choctaw County, Mississippi",36648,28,019,2020
"Claiborne County, Mississippi",32268,28,021,2020
"Clarke County, Mississippi",38631,28,023,2020
"Clay County, Mississippi",33209,28,025,2020
"Coahoma County, Mississippi",30761,28,027,2020
"Copiah County, Mississippi",44252,28,029,2020
"Covington County, Mississippi",32917,28,031,2020
"DeSoto County, Mississippi",69990,28,033,2020
"Forrest County, Mississippi",42298,28,035,2020
"Franklin County, Mississippi",39066,28,037,2020
"Greene County, Mississippi",47033,28,041,2020
"Grenada County, Mississippi",39952,28,043,2020
"Harrison County, Mississippi",48547,28,047,2020
"Hinds County, Mississippi",45380,28,049,2020
"Humphreys County, Mississippi",28628,28,053,2020
"Issaquena County, Mississippi",28333,28,055,2020
"Jackson County, Mississippi",53726,28,059,2020
"Jasper County, Mississippi",37877,28,061,2020
"Noble County, Ohio",50070,39,121,2020
"Paulding County, Ohio",56531,39,125,2020
"Perry County, Ohio",52978,39,127,2020
"Pike County, Ohio",44115,39,131,2020
"Preble County, Ohio",61339,39,135,2020
"Putnam County, Ohio",67790,39,137,2020
"Ross County, Ohio",51508,39,141,2020
"Sandusky County, Ohio",55245,39,143,2020
"Seneca County, Ohio",52897,39,147,2020
"Shelby County, Ohio",64522,39,149,2020
"Summit County, Ohio",59253,39,153,2020
"Trumbull County, Ohio",47799,39,155,2020
"Union County, Ohio",88565,39,159,2020
"Van Wert County, Ohio",55991,39,161,2020
"Warren County, Ohio",89410,39,165,2020
"Washington County, Ohio",51808,39,167,2020
"Wayne County, Ohio",61424,39,169,2020
"Williams County, Ohio",52855,39,171,2020
"Wood County, Ohio",63189,39,173,2020
"Wyandot County, Ohio",57925,39,175,2020
"Adair County, Oklahoma",34375,40,001,2020
"Alfalfa County, Oklahoma",64122,40,003,2020
"Atoka County, Oklahoma",42392,40,005,2020
"Beaver County, Oklahoma",55083,40,007,2020
"Beckham County, Oklahoma",47095,40,009,2020
"Blaine County, Oklahoma",49638,40,011,2020
"Bryan County, Oklahoma",47175,40,013,2020
"Caddo County, Oklahoma",46499,40,015,2020
"Canadian County, Oklahoma",73591,40,017,2020
"Carter County, Oklahoma",51148,40,019,2020
"Cherokee County, Oklahoma",43378,40,021,2020
"Choctaw County, Oklahoma",37121,40,023,2020
"Cimarron County, Oklahoma",47095,40,025,2020
"Cleveland County, Oklahoma",65412,40,027,2020
"Coal County, Oklahoma",42277,40,029,2020
"Comanche County, Oklahoma",52377,40,031,2020
"Craig County, Oklahoma",43003,40,035,2020
"Creek County, Oklahoma",52315,40,037,2020
"Delaware County, Oklahoma",44268,40,041,2020
"Dewey County, Oklahoma",51169,40,043,2020
"Garfield County, Oklahoma",55435,40,047,2020
"Garvin County, Oklahoma",47321,40,049,2020
"Grant County, Oklahoma",53147,40,053,2020
"Greer County, Oklahoma",46794,40,055,2020
"Harper County, Oklahoma",44318,40,059,2020
"Haskell County, Oklahoma",43950,40,061,2020
"Jackson County, Oklahoma",52535,40,065,2020
"Jefferson County, Oklahoma",43871,40,067,2020
"Kay County, Oklahoma",47456,40,071,2020
"Kingfisher County, Oklahoma",61738,40,073,2020
"Latimer County, Oklahoma",40044,40,077,2020
"Le Flore County, Oklahoma",41900,40,079,2020
"Logan County, Oklahoma",70456,40,083,2020
"Love County, Oklahoma",54423,40,085,2020
"McCurtain County, Oklahoma",39091,40,089,2020
"McIntosh County, Oklahoma",39588,40,091,2020
"Marshall County, Oklahoma",48573,40,095,2020
"Mayes County, Oklahoma",50012,40,097,2020
"Muskogee County, Oklahoma",41633,40,101,2020
"Noble County, Oklahoma",60019,40,103,2020
"Deer Lodge County, Montana",42129,30,023,2020
"Flathead County, Montana",57763,30,029,2020
"Glacier County, Montana",37645,30,035,2020
"Granite County, Montana",50795,30,039,2020
"Judith Basin County, Montana",50329,30,045,2020
"Liberty County, Montana",46750,30,051,2020
"Madison County, Montana",55892,30,057,2020
"Missoula County, Montana",56247,30,063,2020
"Park County, Montana",53082,30,067,2020
"Pondera County, Montana",54235,30,073,2020
"Baldwin County, Georgia",46250,13,009,2020
"Bartow County, Georgia",61226,13,015,2020
"Berrien County, Georgia",42089,13,019,2020
"Brantley County, Georgia",34679,13,025,2020
"Bulloch County, Georgia",48786,13,031,2020
"Calhoun County, Georgia",41962,13,037,2020
"Candler County, Georgia",36955,13,043,2020
"Charlton County, Georgia",42743,13,049,2020
"Chattooga County, Georgia",37351,13,055,2020
"Clay County, Georgia",32434,13,061,2020
"Clinch County, Georgia",38844,13,065,2020
"Colquitt County, Georgia",36799,13,071,2020
"Coweta County, Georgia",79795,13,077,2020
"Dade County, Georgia",40384,13,083,2020
"Decatur County, Georgia",40567,13,087,2020
"Dooly County, Georgia",48039,13,093,2020
"Early County, Georgia",34811,13,099,2020
"Effingham County, Georgia",67050,13,103,2020
"Evans County, Georgia",46392,13,109,2020
"Floyd County, Georgia",50657,13,115,2020
"Franklin County, Georgia",47821,13,119,2020
"Glascock County, Georgia",46500,13,125,2020
"Grady County, Georgia",48047,13,131,2020
"Habersham County, Georgia",54147,13,137,2020
"Hancock County, Georgia",32914,13,141,2020
"Lowndes County, Georgia",46113,13,185,2020
"McDuffie County, Georgia",47327,13,189,2020
"Madison County, Georgia",51142,13,195,2020
"Miller County, Georgia",49771,13,201,2020
"Monroe County, Georgia",60491,13,207,2020
"Murray County, Georgia",51133,13,213,2020
"Oconee County, Georgia",95064,13,219,2020
"Peach County, Georgia",50267,13,225,2020
"Pierce County, Georgia",48969,13,229,2020
"Pulaski County, Georgia",42213,13,235,2020
"Rabun County, Georgia",44871,13,241,2020
"Richmond County, Georgia",43882,13,245,2020
"Screven County, Georgia",39852,13,251,2020
"Stephens County, Georgia",46766,13,257,2020
"Talbot County, Georgia",40020,13,263,2020
"Tattnall County, Georgia",44053,13,267,2020
"Terrell County, Georgia",35335,13,273,2020
"Toombs County, Georgia",41244,13,279,2020
"Troup County, Georgia",46796,13,285,2020
"Twiggs County, Georgia",43477,13,289,2020
"Walker County, Georgia",46601,13,295,2020
"Warren County, Georgia",38250,13,301,2020
"Wayne County, Georgia",45773,13,305,2020
"White County, Georgia",55788,13,311,2020
"Wilkes County, Georgia",36486,13,317,2020
"Harrison County, Texas",54234,48,203,2020
"Hays County, Texas",68724,48,209,2020
"Hidalgo County, Texas",41846,48,215,2020
"Hood County, Texas",71253,48,221,2020
"Howard County, Texas",57761,48,227,2020
"Hutchinson County, Texas",57921,48,233,2020
"Jackson County, Texas",58243,48,239,2020
"Jefferson County, Texas",50840,48,245,2020
"Johnson County, Texas",65311,48,251,2020
"Loving County, Texas",44076,48,301,2020
"Lynn County, Texas",46163,48,305,2020
"McMullen County, Texas",67386,48,311,2020
"Martin County, Texas",70000,48,317,2020
"Maverick County, Texas",41385,48,323,2020
"Midland County, Texas",83217,48,329,2020
"Mitchell County, Texas",44939,48,335,2020
"Moore County, Texas",53967,48,341,2020
"Nacogdoches County, Texas",44507,48,347,2020
"Nolan County, Texas",43692,48,353,2020
"Oldham County, Texas",64250,48,359,2020
"Panola County, Texas",51297,48,365,2020
"Pecos County, Texas",53879,48,371,2020
"Presidio County, Texas",22716,48,377,2020
"Reagan County, Texas",61659,48,383,2020
"Reeves County, Texas",61543,48,389,2020
"Robertson County, Texas",53823,48,395,2020
"Rusk County, Texas",56223,48,401,2020
"San Jacinto County, Texas",44566,48,407,2020
"Schleicher County, Texas",45250,48,413,2020
"Shelby County, Texas",41170,48,419,2020
"Val Verde County, Texas",47675,48,465,2020
"Walker County, Texas",41508,48,471,2020
"Washington County, Texas",59623,48,477,2020
"Wheeler County, Texas",49036,48,483,2020
"Willacy County, Texas",37906,48,489,2020
"Winkler County, Texas",63585,48,495,2020
"Yoakum County, Texas",69004,48,501,2020
"Zavala County, Texas",40090,48,507,2020
"Jefferson Davis County, Mississippi",32214,28,065,2020
"Jones County, Mississippi",43391,28,067,2020
"Lafayette County, Mississippi",53318,28,071,2020
"Lauderdale County, Mississippi",42922,28,075,2020
"Lawrence County, Mississippi",36239,28,077,2020
"Lee County, Mississippi",55861,28,081,2020
"Leflore County, Mississippi",30077,28,083,2020
"Lowndes County, Mississippi",48170,28,087,2020
"Madison County, Mississippi",71621,28,089,2020
"Marshall County, Mississippi",43411,28,093,2020
"Monroe County, Mississippi",45018,28,095,2020
"Neshoba County, Mississippi",40750,28,099,2020
"Noxubee County, Mississippi",36958,28,103,2020
"Oktibbeha County, Mississippi",39490,28,105,2020
"Pearl River County, Mississippi",51538,28,109,2020
"Perry County, Mississippi",47173,28,111,2020
"Pontotoc County, Mississippi",48980,28,115,2020
"Prentiss County, Mississippi",40163,28,117,2020
"Rankin County, Mississippi",68310,28,121,2020
"Scott County, Mississippi",39971,28,123,2020
"Simpson County, Mississippi",43403,28,127,2020
"Stone County, Mississippi",47683,28,131,2020
"Sunflower County, Mississippi",31515,28,133,2020
"Tate County, Mississippi",55738,28,137,2020
"Tippah County, Mississippi",37894,28,139,2020
"Tunica County, Mississippi",34485,28,143,2020
"Union County, Mississippi",47317,28,145,2020
"Warren County, Mississippi",46909,28,149,2020
"Washington County, Mississippi",32011,28,151,2020
"Webster County, Mississippi",52382,28,155,2020
"Wilkinson County, Mississippi",30760,28,157,2020
"Yalobusha County, Mississippi",41440,28,161,2020
"Yazoo County, Mississippi",32729,28,163,2020
"Catron County, New Mexico",36607,35,003,2020
"Chaves County, New Mexico",46254,35,005,2020
"Cibola County, New Mexico",44731,35,006,2020
"Colfax County, New Mexico",36937,35,007,2020
"Curry County, New Mexico",48903,35,009,2020
"De Baca County, New Mexico",31532,35,011,2020
"Doña Ana County, New Mexico",44024,35,013,2020
"Eddy County, New Mexico",65000,35,015,2020
"Grant County, New Mexico",37453,35,017,2020
"Guadalupe County, New Mexico",31061,35,019,2020
"Harding County, New Mexico",32500,35,021,2020
"Hidalgo County, New Mexico",44722,35,023,2020
"Lea County, New Mexico",61867,35,025,2020
"Lincoln County, New Mexico",44939,35,027,2020
"Los Alamos County, New Mexico",119266,35,028,2020
"Luna County, New Mexico",32251,35,029,2020
"McKinley County, New Mexico",36179,35,031,2020
"Mora County, New Mexico",29458,35,033,2020
"Otero County, New Mexico",45032,35,035,2020
"Quay County, New Mexico",33962,35,037,2020
"Rio Arriba County, New Mexico",42264,35,039,2020
"Sandoval County, New Mexico",65071,35,043,2020
"San Juan County, New Mexico",47643,35,045,2020
"Santa Fe County, New Mexico",60668,35,049,2020
"Socorro County, New Mexico",40297,35,053,2020
"Okfuskee County, Oklahoma",40913,40,107,2020
"Okmulgee County, Oklahoma",45319,40,111,2020
"Osage County, Oklahoma",50105,40,113,2020
"Pawnee County, Oklahoma",50991,40,117,2020
"Payne County, Oklahoma",42103,40,119,2020
"Pontotoc County, Oklahoma",51682,40,123,2020
"Pottawatomie County, Oklahoma",51150,40,125,2020
"Roger Mills County, Oklahoma",54653,40,129,2020
"Rogers County, Oklahoma",66038,40,131,2020
"Sequoyah County, Oklahoma",41803,40,135,2020
"Stephens County, Oklahoma",51156,40,137,2020
"Tillman County, Oklahoma",39975,40,141,2020
"Tulsa County, Oklahoma",57024,40,143,2020
"Washington County, Oklahoma",53384,40,147,2020
"Washita County, Oklahoma",52591,40,149,2020
"Woodward County, Oklahoma",56182,40,153,2020
"Baker County, Oregon",46250,41,001,2020
"Clackamas County, Oregon",82911,41,005,2020
"Clatsop County, Oregon",57466,41,007,2020
"Columbia County, Oregon",68170,41,009,2020
"Coos County, Oregon",49445,41,011,2020
"Crook County, Oregon",59000,41,013,2020
"Curry County, Oregon",53174,41,015,2020
"Deschutes County, Oregon",68937,41,017,2020
"Douglas County, Oregon",50031,41,019,2020
"Gilliam County, Oregon",41838,41,021,2020
"Grant County, Oregon",48202,41,023,2020
"Harney County, Oregon",43387,41,025,2020
"Hood River County, Oregon",72418,41,027,2020
"Jackson County, Oregon",56327,41,029,2020
"Jefferson County, Oregon",55844,41,031,2020
"Josephine County, Oregon",47733,41,033,2020
"Klamath County, Oregon",48560,41,035,2020
"Lake County, Oregon",44237,41,037,2020
"Lane County, Oregon",54942,41,039,2020
"Lincoln County, Oregon",50775,41,041,2020
"Linn County, Oregon",59547,41,043,2020
"Malheur County, Oregon",44362,41,045,2020
"Marion County, Oregon",61817,41,047,2020
"Multnomah County, Oregon",71425,41,051,2020
"Sherman County, Oregon",51472,41,055,2020
"Tillamook County, Oregon",54268,41,057,2020
"Union County, Oregon",53940,41,061,2020
"Wallowa County, Oregon",53423,41,063,2020
"Washington County, Oregon",86626,41,067,2020
"Wheeler County, Oregon",45354,41,069,2020
"Bristol County, Rhode Island",85413,44,001,2020
"Kent County, Rhode Island",75857,44,003,2020
"Providence County, Rhode Island",62323,44,007,2020
"Washington County, Rhode Island",86970,44,009,2020
"Allegheny County, Pennsylvania",62320,42,003,2020
"Armstrong County, Pennsylvania",53545,42,005,2020
"Bedford County, Pennsylvania",51531,42,009,2020
"Berks County, Pennsylvania",66154,42,011,2020
"Bradford County, Pennsylvania",52375,42,015,2020
"Bucks County, Pennsylvania",93181,42,017,2020
"Cambria County, Pennsylvania",47644,42,021,2020
"Cameron County, Pennsylvania",40342,42,023,2020
"Centre County, Pennsylvania",61921,42,027,2020
"Worth County, Georgia",50913,13,321,2020
"Clearwater County, Idaho",42413,16,035,2020
"Elmore County, Idaho",45656,16,039,2020
"Gem County, Idaho",53720,16,045,2020
"Jefferson County, Idaho",65577,16,051,2020
"Kootenai County, Idaho",60903,16,055,2020
"Lewis County, Idaho",42370,16,061,2020
"Minidoka County, Idaho",53011,16,067,2020
"Oneida County, Idaho",54484,16,071,2020
"Power County, Idaho",51014,16,077,2020
"Twin Falls County, Idaho",53363,16,083,2020
"Adams County, Illinois",55052,17,001,2020
"Bond County, Illinois",53568,17,005,2020
"Bureau County, Illinois",55549,17,011,2020
"Cass County, Illinois",53899,17,017,2020
"Christian County, Illinois",52120,17,021,2020
"Clinton County, Illinois",67179,17,027,2020
"Crawford County, Illinois",50968,17,033,2020
"De Witt County, Illinois",57727,17,039,2020
"DuPage County, Illinois",94930,17,043,2020
"Effingham County, Illinois",59932,17,049,2020
"Franklin County, Illinois",43671,17,055,2020
"Greene County, Illinois",51746,17,061,2020
"Hamilton County, Illinois",55977,17,065,2020
"Henderson County, Illinois",55759,17,071,2020
"Jackson County, Illinois",39689,17,077,2020
"Marion County, Illinois",49925,17,121,2020
"Massac County, Illinois",51195,17,127,2020
"Monroe County, Illinois",89648,17,133,2020
"Moultrie County, Illinois",64033,17,139,2020
"Peoria County, Illinois",55729,17,143,2020
"Pike County, Illinois",46605,17,149,2020
"Putnam County, Illinois",64694,17,155,2020
"Rock Island County, Illinois",55980,17,161,2020
"Saline County, Illinois",43928,17,165,2020
"Scott County, Illinois",59352,17,171,2020
"Stephenson County, Illinois",50466,17,177,2020
"Vermilion County, Illinois",46842,17,183,2020
"Washington County, Illinois",64390,17,189,2020
"White County, Illinois",48303,17,193,2020
"Williamson County, Illinois",52076,17,199,2020
"Adair County, Iowa",55700,19,001,2020
"Appanoose County, Iowa",39693,19,007,2020
"Benton County, Iowa",66046,19,011,2020
"Bremer County, Iowa",72209,19,017,2020
"Buena Vista County, Iowa",54014,19,021,2020
"Carroll County, Iowa",59198,19,027,2020
"Cerro Gordo County, Iowa",56082,19,033,2020
"Clarke County, Iowa",55078,19,039,2020
"Clayton County, Iowa",56456,19,043,2020
"Dallas County, Iowa",88368,19,049,2020
"Delaware County, Iowa",63877,19,055,2020
"Jasper County, Iowa",59481,19,099,2020
"Jones County, Iowa",57134,19,105,2020
"Kossuth County, Iowa",56156,19,109,2020
"Louisa County, Iowa",63034,19,115,2020
"Madison County, Iowa",71811,19,121,2020
"Marion County, Iowa",64136,19,125,2020
"Mitchell County, Iowa",60260,19,131,2020
"Montgomery County, Iowa",55761,19,137,2020
"Taos County, New Mexico",41973,35,055,2020
"Union County, New Mexico",35484,35,059,2020
"Valencia County, New Mexico",50801,35,061,2020
"Barnes County, North Dakota",60472,38,003,2020
"Benson County, North Dakota",50329,38,005,2020
"Bottineau County, North Dakota",65074,38,009,2020
"Bowman County, North Dakota",70521,38,011,2020
"Burleigh County, North Dakota",72974,38,015,2020
"Cass County, North Dakota",65976,38,017,2020
"Dickey County, North Dakota",64521,38,021,2020
"Dunn County, North Dakota",82750,38,025,2020
"Eddy County, North Dakota",52895,38,027,2020
"Foster County, North Dakota",61250,38,031,2020
"Golden Valley County, North Dakota",72308,38,033,2020
"Grant County, North Dakota",53750,38,037,2020
"Griggs County, North Dakota",53917,38,039,2020
"Kidder County, North Dakota",52063,38,043,2020
"LaMoure County, North Dakota",61477,38,045,2020
"McHenry County, North Dakota",67039,38,049,2020
"McIntosh County, North Dakota",51136,38,051,2020
"McLean County, North Dakota",70261,38,055,2020
"Mercer County, North Dakota",82087,38,057,2020
"Mountrail County, North Dakota",70412,38,061,2020
"Oliver County, North Dakota",66641,38,065,2020
"Pembina County, North Dakota",60910,38,067,2020
"Ramsey County, North Dakota",52688,38,071,2020
"Ransom County, North Dakota",62235,38,073,2020
"Richland County, North Dakota",60833,38,077,2020
"Rolette County, North Dakota",46481,38,079,2020
"Sheridan County, North Dakota",54250,38,083,2020
"Sioux County, North Dakota",41893,38,085,2020
"Stark County, North Dakota",69412,38,089,2020
"Steele County, North Dakota",77167,38,091,2020
"Towner County, North Dakota",49464,38,095,2020
"Traill County, North Dakota",67604,38,097,2020
"Ward County, North Dakota",68098,38,101,2020
"Williams County, North Dakota",79508,38,105,2020
"Apache County, Arizona",33967,04,001,2020
"Cochise County, Arizona",51505,04,003,2020
"Coconino County, Arizona",59000,04,005,2020
"Gila County, Arizona",46907,04,007,2020
"Graham County, Arizona",55693,04,009,2020
"Greenlee County, Arizona",66368,04,011,2020
"La Paz County, Arizona",34956,04,012,2020
"Maricopa County, Arizona",67799,04,013,2020
"Mohave County, Arizona",47686,04,015,2020
"Navajo County, Arizona",43140,04,017,2020
"Pima County, Arizona",55023,04,019,2020
"Pinal County, Arizona",60968,04,021,2020
"Santa Cruz County, Arizona",41424,04,023,2020
"Yavapai County, Arizona",53329,04,025,2020
"Yuma County, Arizona",48790,04,027,2020
"Allen County, Kansas",47983,20,001,2020
"Anderson County, Kansas",52995,20,003,2020
"Atchison County, Kansas",50683,20,005,2020
"Barber County, Kansas",49668,20,007,2020
"Barton County, Kansas",48863,20,009,2020
"Bourbon County, Kansas",46369,20,011,2020
"Chester County, Pennsylvania",104161,42,029,2020
"Clearfield County, Pennsylvania",50150,42,033,2020
"Clinton County, Pennsylvania",51145,42,035,2020
"Crawford County, Pennsylvania",51919,42,039,2020
"Cumberland County, Pennsylvania",71979,42,041,2020
"Delaware County, Pennsylvania",76238,42,045,2020
"Elk County, Pennsylvania",54961,42,047,2020
"Fayette County, Pennsylvania",49075,42,051,2020
"Forest County, Pennsylvania",41225,42,053,2020
"Fulton County, Pennsylvania",55424,42,057,2020
"Greene County, Pennsylvania",55993,42,059,2020
"Indiana County, Pennsylvania",49270,42,063,2020
"Jefferson County, Pennsylvania",49604,42,065,2020
"Lackawanna County, Pennsylvania",54064,42,069,2020
"Lancaster County, Pennsylvania",69588,42,071,2020
"Lebanon County, Pennsylvania",61632,42,075,2020
"Lehigh County, Pennsylvania",66214,42,077,2020
"Lycoming County, Pennsylvania",54906,42,081,2020
"McKean County, Pennsylvania",49240,42,083,2020
"Mercer County, Pennsylvania",50529,42,085,2020
"Monroe County, Pennsylvania",68734,42,089,2020
"Montgomery County, Pennsylvania",93518,42,091,2020
"Montour County, Pennsylvania",59915,42,093,2020
"Northampton County, Pennsylvania",73088,42,095,2020
"Northumberland County, Pennsylvania",49273,42,097,2020
"Perry County, Pennsylvania",70660,42,099,2020
"Philadelphia County, Pennsylvania",49127,42,101,2020
"Pike County, Pennsylvania",67495,42,103,2020
"Potter County, Pennsylvania",47696,42,105,2020
"Schuylkill County, Pennsylvania",53703,42,107,2020
"Snyder County, Pennsylvania",60227,42,109,2020
"Somerset County, Pennsylvania",51255,42,111,2020
"Sullivan County, Pennsylvania",49830,42,113,2020
"Susquehanna County, Pennsylvania",55788,42,115,2020
"Tioga County, Pennsylvania",51838,42,117,2020
"Union County, Pennsylvania",56824,42,119,2020
"Venango County, Pennsylvania",51405,42,121,2020
"Warren County, Pennsylvania",52034,42,123,2020
"Washington County, Pennsylvania",65478,42,125,2020
"Wayne County, Pennsylvania",55572,42,127,2020
"Wyoming County, Pennsylvania",60075,42,131,2020
"York County, Pennsylvania",68940,42,133,2020
"Abbeville County, South Carolina",43090,45,001,2020
"Allendale County, South Carolina",26074,45,005,2020
"Anderson County, South Carolina",53598,45,007,2020
"Barnwell County, South Carolina",37572,45,011,2020
"Beaufort County, South Carolina",71430,45,013,2020
"Calhoun County, South Carolina",49844,45,017,2020
"Charleston County, South Carolina",67182,45,019,2020
"Chester County, South Carolina",43985,45,023,2020
"Chesterfield County, South Carolina",41937,45,025,2020
"Colleton County, South Carolina",36748,45,029,2020
"Darlington County, South Carolina",37141,45,031,2020
"Dillon County, South Carolina",36429,45,033,2020
"Edgefield County, South Carolina",52491,45,037,2020
"Fairfield County, South Carolina",43861,45,039,2020
"Georgetown County, South Carolina",52488,45,043,2020
"O'Brien County, Iowa",57200,19,141,2020
"Palo Alto County, Iowa",56437,19,147,2020
"Polk County, Iowa",69747,19,153,2020
"Poweshiek County, Iowa",53925,19,157,2020
"Scott County, Iowa",63876,19,163,2020
"Story County, Iowa",58302,19,169,2020
"Taylor County, Iowa",57768,19,173,2020
"Wapello County, Iowa",46433,19,179,2020
"Wayne County, Iowa",47543,19,185,2020
"Winnebago County, Iowa",51581,19,189,2020
"Worth County, Iowa",60442,19,195,2020
"Anne Arundel County, Maryland",103225,24,003,2020
"Calvert County, Maryland",112696,24,009,2020
"Cecil County, Maryland",79415,24,015,2020
"Frederick County, Maryland",100685,24,021,2020
"Howard County, Maryland",124042,24,027,2020
"Montgomery County, Maryland",111812,24,031,2020
"St. Mary's County, Maryland",95864,24,037,2020
"Cheboygan County, Michigan",49624,26,031,2020
"Clinton County, Michigan",72490,26,037,2020
"Dickinson County, Michigan",51704,26,043,2020
"Emmet County, Michigan",55947,26,047,2020
"Gogebic County, Michigan",38625,26,053,2020
"Hillsdale County, Michigan",51535,26,059,2020
"Ingham County, Michigan",55253,26,065,2020
"Iosco County, Michigan",42628,26,069,2020
"Jackson County, Michigan",54511,26,075,2020
"Kent County, Michigan",65722,26,081,2020
"Lapeer County, Michigan",65197,26,087,2020
"Lenawee County, Michigan",57314,26,091,2020
"Mackinac County, Michigan",50058,26,097,2020
"Marquette County, Michigan",54585,26,103,2020
"Menominee County, Michigan",48548,26,109,2020
"Missaukee County, Michigan",47370,26,113,2020
"Montmorency County, Michigan",42160,26,119,2020
"Oakland County, Michigan",81587,26,125,2020
"Ontonagon County, Michigan",41776,26,131,2020
"Otsego County, Michigan",55917,26,137,2020
"Presque Isle County, Michigan",48734,26,141,2020
"St. Clair County, Michigan",58722,26,147,2020
"Schoolcraft County, Michigan",48443,26,153,2020
"Van Buren County, Michigan",56652,26,159,2020
"George County, Mississippi",47044,28,039,2020
"Hancock County, Mississippi",54860,28,045,2020
"Holmes County, Mississippi",24074,28,051,2020
"Itawamba County, Mississippi",47649,28,057,2020
"Jefferson County, Mississippi",29524,28,063,2020
"Kemper County, Mississippi",30735,28,069,2020
"Lamar County, Mississippi",61649,28,073,2020
"Leake County, Mississippi",36708,28,079,2020
"Lincoln County, Mississippi",41355,28,085,2020
"Marion County, Mississippi",31629,28,091,2020
"Montgomery County, Mississippi",38022,28,097,2020
"Newton County, Mississippi",42176,28,101,2020
"Panola County, Mississippi",37232,28,107,2020
"Pike County, Mississippi",32726,28,113,2020
"Quitman County, Mississippi",24233,28,119,2020
"Sharkey County, Mississippi",35711,28,125,2020
"Smith County, Mississippi",44714,28,129,2020
"Butler County, Kansas",66405,20,015,2020
"Chautauqua County, Kansas",39500,20,019,2020
"Cherokee County, Kansas",41936,20,021,2020
"Clark County, Kansas",52500,20,025,2020
"Clay County, Kansas",47880,20,027,2020
"Coffey County, Kansas",59405,20,031,2020
"Comanche County, Kansas",48125,20,033,2020
"Crawford County, Kansas",42615,20,037,2020
"Dickinson County, Kansas",53864,20,041,2020
"Doniphan County, Kansas",51953,20,043,2020
"Edwards County, Kansas",50028,20,047,2020
"Elk County, Kansas",42564,20,049,2020
"Ellsworth County, Kansas",56306,20,053,2020
"Finney County, Kansas",60498,20,055,2020
"Franklin County, Kansas",55873,20,059,2020
"Geary County, Kansas",52019,20,061,2020
"Graham County, Kansas",40890,20,065,2020
"Gray County, Kansas",70457,20,069,2020
"Greeley County, Kansas",53750,20,071,2020
"Hamilton County, Kansas",44894,20,075,2020
"Harper County, Kansas",49283,20,077,2020
"Haskell County, Kansas",54638,20,081,2020
"Hodgeman County, Kansas",60703,20,083,2020
"Jefferson County, Kansas",67429,20,087,2020
"Johnson County, Kansas",91650,20,091,2020
"Kearny County, Kansas",46464,20,093,2020
"Kiowa County, Kansas",53107,20,097,2020
"Labette County, Kansas",47922,20,099,2020
"Leavenworth County, Kansas",76307,20,103,2020
"Lincoln County, Kansas",46523,20,105,2020
"Logan County, Kansas",51136,20,109,2020
"McPherson County, Kansas",59928,20,113,2020
"Marion County, Kansas",50816,20,115,2020
"Meade County, Kansas",56817,20,119,2020
"Miami County, Kansas",75635,20,121,2020
"Montgomery County, Kansas",45288,20,125,2020
"Morris County, Kansas",52792,20,127,2020
"Nemaha County, Kansas",61382,20,131,2020
"Neosho County, Kansas",49493,20,133,2020
"Norton County, Kansas",48486,20,137,2020
"Osborne County, Kansas",50774,20,141,2020
"Ottawa County, Kansas",59607,20,143,2020
"Pawnee County, Kansas",46559,20,145,2020
"Phillips County, Kansas",51820,20,147,2020
"Pottawatomie County, Kansas",70064,20,149,2020
"Pratt County, Kansas",54644,20,151,2020
"Rawlins County, Kansas",57281,20,153,2020
"Reno County, Kansas",51520,20,155,2020
"Republic County, Kansas",50411,20,157,2020
"Rice County, Kansas",49688,20,159,2020
"Riley County, Kansas",51098,20,161,2020
"Rooks County, Kansas",51362,20,163,2020
"Rush County, Kansas",46333,20,165,2020
"Russell County, Kansas",50630,20,167,2020
"Saline County, Kansas",51830,20,169,2020
"Scott County, Kansas",55625,20,171,2020
"Sedgwick County, Kansas",57540,20,173,2020
"Seward County, Kansas",49395,20,175,2020
"Shawnee County, Kansas",58652,20,177,2020
"Sheridan County, Kansas",62105,20,179,2020
"Hampton County, South Carolina",38178,45,049,2020
"Horry County, South Carolina",51570,45,051,2020
"Kershaw County, South Carolina",53980,45,055,2020
"Lancaster County, South Carolina",65421,45,057,2020
"Laurens County, South Carolina",44374,45,059,2020
"Lexington County, South Carolina",62740,45,063,2020
"McCormick County, South Carolina",47402,45,065,2020
"Marlboro County, South Carolina",31528,45,069,2020
"Newberry County, South Carolina",46038,45,071,2020
"Orangeburg County, South Carolina",36802,45,075,2020
"Pickens County, South Carolina",51032,45,077,2020
"Saluda County, South Carolina",43410,45,081,2020
"Spartanburg County, South Carolina",53757,45,083,2020
"Union County, South Carolina",41117,45,087,2020
"Williamsburg County, South Carolina",35681,45,089,2020
"York County, South Carolina",68555,45,091,2020
"Beadle County, South Dakota",53461,46,005,2020
"Bennett County, South Dakota",41887,46,007,2020
"Brookings County, South Dakota",57471,46,011,2020
"Brown County, South Dakota",61816,46,013,2020
"Buffalo County, South Dakota",35000,46,017,2020
"Butte County, South Dakota",49353,46,019,2020
"Campbell County, South Dakota",54228,46,021,2020
"Charles Mix County, South Dakota",52348,46,023,2020
"Clark County, South Dakota",50709,46,025,2020
"Clay County, South Dakota",51447,46,027,2020
"Codington County, South Dakota",57885,46,029,2020
"Corson County, South Dakota",36705,46,031,2020
"Custer County, South Dakota",64556,46,033,2020
"Davison County, South Dakota",48267,46,035,2020
"Day County, South Dakota",46753,46,037,2020
"Deuel County, South Dakota",67396,46,039,2020
"Dewey County, South Dakota",45859,46,041,2020
"Douglas County, South Dakota",61793,46,043,2020
"Edmunds County, South Dakota",64896,46,045,2020
"Fall River County, South Dakota",51383,46,047,2020
"Faulk County, South Dakota",49423,46,049,2020
"Grant County, South Dakota",65327,46,051,2020
"Gregory County, South Dakota",44706,46,053,2020
"Haakon County, South Dakota",40673,46,055,2020
"Hamlin County, South Dakota",67626,46,057,2020
"Hand County, South Dakota",58333,46,059,2020
"Harding County, South Dakota",61111,46,063,2020
"Hughes County, South Dakota",69575,46,065,2020
"Hyde County, South Dakota",59844,46,069,2020
"Jackson County, South Dakota",24549,46,071,2020
"Jones County, South Dakota",46688,46,075,2020
"Kingsbury County, South Dakota",61316,46,077,2020
"Greenville County, South Carolina",62422,45,045,2020
"Lake County, South Dakota",63165,46,079,2020
"Lincoln County, South Dakota",84260,46,083,2020
"Lyman County, South Dakota",54484,46,085,2020
"McPherson County, South Dakota",51379,46,089,2020
"Marshall County, South Dakota",68056,46,091,2020
"Mellette County, South Dakota",33882,46,095,2020
"Miner County, South Dakota",53135,46,097,2020
"Moody County, South Dakota",61894,46,101,2020
"Tallahatchie County, Mississippi",30433,28,135,2020
"Tishomingo County, Mississippi",38302,28,141,2020
"Walthall County, Mississippi",33566,28,147,2020
"Wayne County, Mississippi",33612,28,153,2020
"Winston County, Mississippi",38986,28,159,2020
"Bernalillo County, New Mexico",54308,35,001,2020
"Roosevelt County, New Mexico",42917,35,041,2020
"San Miguel County, New Mexico",32310,35,047,2020
"Sierra County, New Mexico",33873,35,051,2020
"Torrance County, New Mexico",38240,35,057,2020
"Adams County, North Dakota",48750,38,001,2020
"Billings County, North Dakota",64896,38,007,2020
"Burke County, North Dakota",79405,38,013,2020
"Cavalier County, North Dakota",54955,38,019,2020
"Divide County, North Dakota",64650,38,023,2020
"Emmons County, North Dakota",51012,38,029,2020
"Grand Forks County, North Dakota",53721,38,035,2020
"Hettinger County, North Dakota",59750,38,041,2020
"Logan County, North Dakota",60592,38,047,2020
"McKenzie County, North Dakota",75238,38,053,2020
"Morton County, North Dakota",72778,38,059,2020
"Nelson County, North Dakota",53063,38,063,2020
"Pierce County, North Dakota",57398,38,069,2020
"Renville County, North Dakota",69848,38,075,2020
"Sargent County, North Dakota",64564,38,081,2020
"Slope County, North Dakota",65833,38,087,2020
"Stutsman County, North Dakota",52815,38,093,2020
"Walsh County, North Dakota",55428,38,099,2020
"Wells County, North Dakota",56519,38,103,2020
"Brown County, Kansas",50649,20,013,2020
"Chase County, Kansas",48906,20,017,2020
"Cheyenne County, Kansas",42802,20,023,2020
"Cloud County, Kansas",48295,20,029,2020
"Cowley County, Kansas",50786,20,035,2020
"Decatur County, Kansas",44125,20,039,2020
"Douglas County, Kansas",61020,20,045,2020
"Ellis County, Kansas",57053,20,051,2020
"Ford County, Kansas",53743,20,057,2020
"Gove County, Kansas",53906,20,063,2020
"Grant County, Kansas",60625,20,067,2020
"Greenwood County, Kansas",43320,20,073,2020
"Harvey County, Kansas",58782,20,079,2020
"Jackson County, Kansas",59686,20,085,2020
"Jewell County, Kansas",38188,20,089,2020
"Kingman County, Kansas",57304,20,095,2020
"Lane County, Kansas",41318,20,101,2020
"Linn County, Kansas",48325,20,107,2020
"Lyon County, Kansas",50141,20,111,2020
"Marshall County, Kansas",52293,20,117,2020
"Mitchell County, Kansas",47375,20,123,2020
"Morton County, Kansas",41866,20,129,2020
"Ness County, Kansas",57222,20,135,2020
"Osage County, Kansas",58927,20,139,2020
"Stafford County, Kansas",51857,20,185,2020
"Sumner County, Kansas",53578,20,191,2020
"Wabaunsee County, Kansas",65742,20,197,2020
"Wichita County, Kansas",58299,20,203,2020
"Woodson County, Kansas",42692,20,207,2020
"Allen County, Kentucky",44180,21,003,2020
"Sherman County, Kansas",57005,20,181,2020
"Smith County, Kansas",42098,20,183,2020
"Stanton County, Kansas",57741,20,187,2020
"Stevens County, Kansas",59044,20,189,2020
"Thomas County, Kansas",68313,20,193,2020
"Trego County, Kansas",59420,20,195,2020
"Wallace County, Kansas",49632,20,199,2020
"Washington County, Kansas",52172,20,201,2020
"Wilson County, Kansas",49682,20,205,2020
"Wyandotte County, Kansas",48093,20,209,2020
"Adair County, Kentucky",43026,21,001,2020
"Anderson County, Kentucky",54413,21,005,2020
"Ballard County, Kentucky",45517,21,007,2020
"Bath County, Kentucky",44893,21,011,2020
"Bell County, Kentucky",28442,21,013,2020
"Bourbon County, Kentucky",47024,21,017,2020
"Boyd County, Kentucky",51019,21,019,2020
"Bracken County, Kentucky",60053,21,023,2020
"Breckinridge County, Kentucky",47236,21,027,2020
"Bullitt County, Kentucky",65531,21,029,2020
"Caldwell County, Kentucky",48281,21,033,2020
"Calloway County, Kentucky",41841,21,035,2020
"Carlisle County, Kentucky",41222,21,039,2020
"Carroll County, Kentucky",41014,21,041,2020
"Casey County, Kentucky",33004,21,045,2020
"Christian County, Kentucky",44279,21,047,2020
"Clay County, Kentucky",27479,21,051,2020
"Clinton County, Kentucky",33092,21,053,2020
"Cumberland County, Kentucky",35030,21,057,2020
"Daviess County, Kentucky",54881,21,059,2020
"Elliott County, Kentucky",36950,21,063,2020
"Fayette County, Kentucky",58954,21,067,2020
"Fleming County, Kentucky",42087,21,069,2020
"Franklin County, Kentucky",59056,21,073,2020
"Fulton County, Kentucky",31587,21,075,2020
"Garrard County, Kentucky",55369,21,079,2020
"Grant County, Kentucky",56746,21,081,2020
"Grayson County, Kentucky",38262,21,085,2020
"Green County, Kentucky",33846,21,087,2020
"Hancock County, Kentucky",56265,21,091,2020
"Hardin County, Kentucky",57101,21,093,2020
"Harrison County, Kentucky",50270,21,097,2020
"Henderson County, Kentucky",50471,21,101,2020
"Henry County, Kentucky",52550,21,103,2020
"Hickman County, Kentucky",44063,21,105,2020
"Hopkins County, Kentucky",47014,21,107,2020
"Jackson County, Kentucky",31515,21,109,2020
"Jefferson County, Kentucky",58196,21,111,2020
"Jessamine County, Kentucky",64855,21,113,2020
"Johnson County, Kentucky",38333,21,115,2020
"Kenton County, Kentucky",66541,21,117,2020
"Knott County, Kentucky",32531,21,119,2020
"Knox County, Kentucky",30257,21,121,2020
"Larue County, Kentucky",48495,21,123,2020
"Laurel County, Kentucky",43745,21,125,2020
"Lawrence County, Kentucky",32856,21,127,2020
"Lee County, Kentucky",24699,21,129,2020
"Leslie County, Kentucky",36038,21,131,2020
"Letcher County, Kentucky",33181,21,133,2020
"Oglala Lakota County, South Dakota",31423,46,102,2020
"Perkins County, South Dakota",61815,46,105,2020
"Potter County, South Dakota",57120,46,107,2020
"Roberts County, South Dakota",50877,46,109,2020
"Spink County, South Dakota",62125,46,115,2020
"Stanley County, South Dakota",71602,46,117,2020
"Todd County, South Dakota",24102,46,121,2020
"Tripp County, South Dakota",54054,46,123,2020
"Union County, South Dakota",74006,46,127,2020
"Walworth County, South Dakota",51481,46,129,2020
"Ziebach County, South Dakota",36615,46,137,2020
"Anderson County, Tennessee",52338,47,001,2020
"Benton County, Tennessee",39019,47,005,2020
"Bledsoe County, Tennessee",49382,47,007,2020
"Bradley County, Tennessee",51872,47,011,2020
"Campbell County, Tennessee",41769,47,013,2020
"Carroll County, Tennessee",42877,47,017,2020
"Carter County, Tennessee",40820,47,019,2020
"Chester County, Tennessee",53336,47,023,2020
"Claiborne County, Tennessee",37954,47,025,2020
"Cocke County, Tennessee",38530,47,029,2020
"Coffee County, Tennessee",51030,47,031,2020
"Cumberland County, Tennessee",49423,47,035,2020
"Davidson County, Tennessee",62515,47,037,2020
"DeKalb County, Tennessee",44389,47,041,2020
"Dickson County, Tennessee",57804,47,043,2020
"Dyer County, Tennessee",45042,47,045,2020
"Fayette County, Tennessee",63618,47,047,2020
"Fentress County, Tennessee",40203,47,049,2020
"Franklin County, Tennessee",47777,47,051,2020
"Gibson County, Tennessee",45557,47,053,2020
"Giles County, Tennessee",49815,47,055,2020
"Grainger County, Tennessee",44703,47,057,2020
"Greene County, Tennessee",43150,47,059,2020
"Grundy County, Tennessee",43116,47,061,2020
"Hamblen County, Tennessee",43151,47,063,2020
"Hamilton County, Tennessee",56606,47,065,2020
"Hancock County, Tennessee",28234,47,067,2020
"Hardeman County, Tennessee",39636,47,069,2020
"Hardin County, Tennessee",42285,47,071,2020
"Hawkins County, Tennessee",45318,47,073,2020
"Haywood County, Tennessee",38994,47,075,2020
"Henderson County, Tennessee",44534,47,077,2020
"Henry County, Tennessee",41037,47,079,2020
"Hickman County, Tennessee",47457,47,081,2020
"Houston County, Tennessee",43521,47,083,2020
"Humphreys County, Tennessee",48411,47,085,2020
"Jefferson County, Tennessee",51899,47,089,2020
"Johnson County, Tennessee",38090,47,091,2020
"Lake County, Tennessee",34230,47,095,2020
"Lauderdale County, Tennessee",41905,47,097,2020
"Lewis County, Tennessee",36977,47,101,2020
"Lincoln County, Tennessee",53923,47,103,2020
"McMinn County, Tennessee",46872,47,107,2020
"McNairy County, Tennessee",40327,47,109,2020
"Madison County, Tennessee",48396,47,113,2020
"Marion County, Tennessee",50059,47,115,2020
"Maury County, Tennessee",60567,47,119,2020
"Boone County, Kentucky",82838,21,015,2020
"Boyle County, Kentucky",51562,21,021,2020
"Breathitt County, Kentucky",29538,21,025,2020
"Butler County, Kentucky",45955,21,031,2020
"Campbell County, Kentucky",63152,21,037,2020
"Carter County, Kentucky",39492,21,043,2020
"Clark County, Kentucky",54871,21,049,2020
"Crittenden County, Kentucky",46354,21,055,2020
"Edmonson County, Kentucky",44229,21,061,2020
"Estill County, Kentucky",32800,21,065,2020
"Floyd County, Kentucky",35096,21,071,2020
"Gallatin County, Kentucky",55113,21,077,2020
"Graves County, Kentucky",45614,21,083,2020
"Greenup County, Kentucky",52337,21,089,2020
"Harlan County, Kentucky",28261,21,095,2020
"Hart County, Kentucky",39834,21,099,2020
"McLean County, Kentucky",54181,21,149,2020
"Magoffin County, Kentucky",27807,21,153,2020
"Martin County, Kentucky",42894,21,159,2020
"Menifee County, Kentucky",46746,21,165,2020
"Monroe County, Kentucky",35078,21,171,2020
"Muhlenberg County, Kentucky",45937,21,177,2020
"Ohio County, Kentucky",45773,21,183,2020
"Owsley County, Kentucky",29406,21,189,2020
"Perry County, Kentucky",39594,21,193,2020
"Pulaski County, Kentucky",40658,21,199,2020
"Rowan County, Kentucky",42754,21,205,2020
"Shelby County, Kentucky",72564,21,211,2020
"Taylor County, Kentucky",50266,21,217,2020
"Trigg County, Kentucky",50980,21,221,2020
"Warren County, Kentucky",54325,21,227,2020
"Webster County, Kentucky",44540,21,233,2020
"Woodford County, Kentucky",66442,21,239,2020
"Cumberland County, Maine",76014,23,005,2020
"Kennebec County, Maine",55368,23,011,2020
"Oxford County, Maine",49761,23,017,2020
"Sagadahoc County, Maine",68039,23,023,2020
"Waldo County, Maine",58034,23,027,2020
"Aitkin County, Minnesota",49086,27,001,2020
"Freeborn County, Minnesota",54628,27,047,2020
"Hennepin County, Minnesota",81169,27,053,2020
"Isanti County, Minnesota",76999,27,059,2020
"Jackson County, Minnesota",62479,27,063,2020
"Kittson County, Minnesota",55410,27,069,2020
"Lake County, Minnesota",65201,27,075,2020
"Lincoln County, Minnesota",53557,27,081,2020
"Mahnomen County, Minnesota",45398,27,087,2020
"Meeker County, Minnesota",63841,27,093,2020
"Mower County, Minnesota",55378,27,099,2020
"Barren County, Kentucky",41674,21,009,2020
"Nobles County, Minnesota",56000,27,105,2020
"Otter Tail County, Minnesota",59456,27,111,2020
"Pipestone County, Minnesota",53688,27,117,2020
"Ramsey County, Minnesota",67238,27,123,2020
"Renville County, Minnesota",58542,27,129,2020
"Roseau County, Minnesota",62304,27,135,2020
"Sherburne County, Minnesota",88671,27,141,2020
"Steele County, Minnesota",68172,27,147,2020
"Todd County, Minnesota",54502,27,153,2020
"Autauga County, Alabama",62660,01,001,2021
"Baldwin County, Alabama",64346,01,003,2021
"Barbour County, Alabama",36422,01,005,2021
"Bibb County, Alabama",54277,01,007,2021
"Blount County, Alabama",52830,01,009,2021
"Bullock County, Alabama",29063,01,011,2021
"Butler County, Alabama",45236,01,013,2021
"Calhoun County, Alabama",50977,01,015,2021
"Chambers County, Alabama",47232,01,017,2021
"Cherokee County, Alabama",43475,01,019,2021
"Chilton County, Alabama",56243,01,021,2021
"Choctaw County, Alabama",38581,01,023,2021
"Clarke County, Alabama",44108,01,025,2021
"Clay County, Alabama",45163,01,027,2021
"Cleburne County, Alabama",48333,01,029,2021
"Coffee County, Alabama",59034,01,031,2021
"Colbert County, Alabama",52017,01,033,2021
"Conecuh County, Alabama",37986,01,035,2021
"Coosa County, Alabama",50013,01,037,2021
"Covington County, Alabama",46186,01,039,2021
"Crenshaw County, Alabama",43103,01,041,2021
"Cullman County, Alabama",52690,01,043,2021
"Dale County, Alabama",50052,01,045,2021
"Dallas County, Alabama",34957,01,047,2021
"DeKalb County, Alabama",44037,01,049,2021
"Elmore County, Alabama",67597,01,051,2021
"Escambia County, Alabama",38464,01,053,2021
"Etowah County, Alabama",46984,01,055,2021
"Fayette County, Alabama",43960,01,057,2021
"Franklin County, Alabama",43633,01,059,2021
"Geneva County, Alabama",43581,01,061,2021
"Greene County, Alabama",28826,01,063,2021
"Hale County, Alabama",32294,01,065,2021
"Henry County, Alabama",55870,01,067,2021
"Houston County, Alabama",50222,01,069,2021
"Jackson County, Alabama",43785,01,071,2021
"Jefferson County, Alabama",58330,01,073,2021
"Lamar County, Alabama",43324,01,075,2021
"Lauderdale County, Alabama",50000,01,077,2021
"Lawrence County, Alabama",51712,01,079,2021
"Lee County, Alabama",57191,01,081,2021
"Limestone County, Alabama",70736,01,083,2021
"Lowndes County, Alabama",31961,01,085,2021
"Macon County, Alabama",39303,01,087,2021
"Madison County, Alabama",71153,01,089,2021
"Marengo County, Alabama",35379,01,091,2021
"Marion County, Alabama",44551,01,093,2021
"Marshall County, Alabama",52938,01,095,2021
"Mobile County, Alabama",51169,01,097,2021
"Monroe County, Alabama",32631,01,099,2021
"Montgomery County, Alabama",52511,01,101,2021
"Morgan County, Alabama",56128,01,103,2021
"Perry County, Alabama",27057,01,105,2021
"Pickens County, Alabama",43389,01,107,2021
"Pike County, Alabama",40106,01,109,2021
"Randolph County, Alabama",47081,01,111,2021
"Russell County, Alabama",44065,01,113,2021
"St. Clair County, Alabama",65070,01,115,2021
"Shelby County, Alabama",82592,01,117,2021
"Sumter County, Alabama",27099,01,119,2021
"Talladega County, Alabama",45400,01,121,2021
"Tallapoosa County, Alabama",50652,01,123,2021
"Tuscaloosa County, Alabama",57508,01,125,2021
"Walker County, Alabama",47442,01,127,2021
"Washington County, Alabama",44512,01,129,2021
"Wilcox County, Alabama",36385,01,131,2021
"Winston County, Alabama",46096,01,133,2021
"Aleutians East Borough, Alaska",72258,02,013,2021
"Aleutians West Census Area, Alaska",90708,02,016,2021
"Anchorage Municipality, Alaska",88871,02,020,2021
"Bethel Census Area, Alaska",57460,02,050,2021
"Bristol Bay Borough, Alaska",81563,02,060,2021
"Chugach Census Area, Alaska",87868,02,063,2021
"Copper River Census Area, Alaska",67439,02,066,2021
"Denali Borough, Alaska",78750,02,068,2021
"Dillingham Census Area, Alaska",62115,02,070,2021
"Fairbanks North Star Borough, Alaska",78321,02,090,2021
"Haines Borough, Alaska",63355,02,100,2021
"Hoonah-Angoon Census Area, Alaska",55990,02,105,2021
"Juneau City and Borough, Alaska",90126,02,110,2021
"Kenai Peninsula Borough, Alaska",70609,02,122,2021
"Ketchikan Gateway Borough, Alaska",77820,02,130,2021
"Kodiak Island Borough, Alaska",83765,02,150,2021
"Kusilvak Census Area, Alaska",37975,02,158,2021
"Lake and Peninsula Borough, Alaska",49688,02,164,2021
"Matanuska-Susitna Borough, Alaska",79300,02,170,2021
"Nome Census Area, Alaska",63977,02,180,2021
"North Slope Borough, Alaska",83992,02,185,2021
"Northwest Arctic Borough, Alaska",68654,02,188,2021
"Petersburg Borough, Alaska",71696,02,195,2021
"Prince of Wales-Hyder Census Area, Alaska",55857,02,198,2021
"Sitka City and Borough, Alaska",82083,02,220,2021
"Skagway Municipality, Alaska",75000,02,230,2021
"Southeast Fairbanks Census Area, Alaska",68634,02,240,2021
"Wrangell City and Borough, Alaska",54891,02,275,2021
"Yakutat City and Borough, Alaska",72083,02,282,2021
"Yukon-Koyukuk Census Area, Alaska",43405,02,290,2021
"Apache County, Arizona",34788,04,001,2021
"Cochise County, Arizona",55077,04,003,2021
"Coconino County, Arizona",61888,04,005,2021
"Gila County, Arizona",51406,04,007,2021
"Graham County, Arizona",57105,04,009,2021
"Greenlee County, Arizona",67723,04,011,2021
"La Paz County, Arizona",39732,04,012,2021
"Maricopa County, Arizona",72944,04,013,2021
"Mohave County, Arizona",49738,04,015,2021
"Navajo County, Arizona",46126,04,017,2021
"Pima County, Arizona",59215,04,019,2021
"Pinal County, Arizona",65488,04,021,2021
"Santa Cruz County, Arizona",45089,04,023,2021
"Yavapai County, Arizona",56170,04,025,2021
"Yuma County, Arizona",52563,04,027,2021
"Arkansas County, Arkansas",55022,05,001,2021
"Ashley County, Arkansas",42683,05,003,2021
"Baxter County, Arkansas",43530,05,005,2021
"Benton County, Arkansas",76887,05,007,2021
"Boone County, Arkansas",48625,05,009,2021
"Bradley County, Arkansas",41972,05,011,2021
"Calhoun County, Arkansas",55904,05,013,2021
"Carroll County, Arkansas",53366,05,015,2021
"Chicot County, Arkansas",33770,05,017,2021
"Clark County, Arkansas",45351,05,019,2021
"Clay County, Arkansas",39817,05,021,2021
"Cleburne County, Arkansas",48400,05,023,2021
"Cleveland County, Arkansas",48183,05,025,2021
"Columbia County, Arkansas",41115,05,027,2021
"Conway County, Arkansas",45812,05,029,2021
"Craighead County, Arkansas",51788,05,031,2021
"Crawford County, Arkansas",52057,05,033,2021
"Crittenden County, Arkansas",46452,05,035,2021
"Cross County, Arkansas",45247,05,037,2021
"Dallas County, Arkansas",34337,05,039,2021
"Desha County, Arkansas",33295,05,041,2021
"Drew County, Arkansas",42891,05,043,2021
"Faulkner County, Arkansas",54845,05,045,2021
"Franklin County, Arkansas",42128,05,047,2021
"Fulton County, Arkansas",36950,05,049,2021
"Garland County, Arkansas",49985,05,051,2021
"Grant County, Arkansas",62479,05,053,2021
"Greene County, Arkansas",51367,05,055,2021
"Hempstead County, Arkansas",43592,05,057,2021
"Hot Spring County, Arkansas",46724,05,059,2021
"Howard County, Arkansas",39558,05,061,2021
"Independence County, Arkansas",50028,05,063,2021
"Izard County, Arkansas",45318,05,065,2021
"Jackson County, Arkansas",39154,05,067,2021
"Jefferson County, Arkansas",43720,05,069,2021
"Johnson County, Arkansas",40628,05,071,2021
"Lafayette County, Arkansas",36083,05,073,2021
"Lawrence County, Arkansas",40746,05,075,2021
"Lee County, Arkansas",29082,05,077,2021
"Lincoln County, Arkansas",49474,05,079,2021
"Little River County, Arkansas",57614,05,081,2021
"Logan County, Arkansas",46570,05,083,2021
"Lonoke County, Arkansas",62561,05,085,2021
"Madison County, Arkansas",47862,05,087,2021
"Marion County, Arkansas",41038,05,089,2021
"Miller County, Arkansas",46610,05,091,2021
"Mississippi County, Arkansas",45740,05,093,2021
"Monroe County, Arkansas",41667,05,095,2021
"Montgomery County, Arkansas",41032,05,097,2021
"Nevada County, Arkansas",42670,05,099,2021
"Newton County, Arkansas",42817,05,101,2021
"Ouachita County, Arkansas",43338,05,103,2021
"Perry County, Arkansas",47500,05,105,2021
"Phillips County, Arkansas",32235,05,107,2021
"Pike County, Arkansas",46672,05,109,2021
"Poinsett County, Arkansas",42854,05,111,2021
"Polk County, Arkansas",43444,05,113,2021
"Pope County, Arkansas",47322,05,115,2021
"Prairie County, Arkansas",47335,05,117,2021
"Pulaski County, Arkansas",55235,05,119,2021
"Randolph County, Arkansas",42225,05,121,2021
"St. Francis County, Arkansas",34981,05,123,2021
"Saline County, Arkansas",68605,05,125,2021
"Scott County, Arkansas",43577,05,127,2021
"Searcy County, Arkansas",39627,05,129,2021
"Sebastian County, Arkansas",50226,05,131,2021
"Sevier County, Arkansas",49470,05,133,2021
"Sharp County, Arkansas",37361,05,135,2021
"Stone County, Arkansas",32813,05,137,2021
"Union County, Arkansas",46444,05,139,2021
"Van Buren County, Arkansas",40763,05,141,2021
"Washington County, Arkansas",56610,05,143,2021
"White County, Arkansas",46345,05,145,2021
"Woodruff County, Arkansas",43717,05,147,2021
"Yell County, Arkansas",51070,05,149,2021
"Alameda County, California",112017,06,001,2021
"Alpine County, California",96000,06,003,2021
"Amador County, California",69955,06,005,2021
"Butte County, California",59863,06,007,2021
"Calaveras County, California",70119,06,009,2021
"Colusa County, California",61861,06,011,2021
"Contra Costa County, California",110455,06,013,2021
"Del Norte County, California",53280,06,015,2021
"El Dorado County, California",88770,06,017,2021
"Fresno County, California",61276,06,019,2021
"Glenn County, California",56332,06,021,2021
"Humboldt County, California",53350,06,023,2021
"Imperial County, California",49078,06,025,2021
"Inyo County, California",60925,06,027,2021
"Kern County, California",58824,06,029,2021
"Kings County, California",63267,06,031,2021
"Lake County, California",53399,06,033,2021
"Lassen County, California",59292,06,035,2021
"Los Angeles County, California",76367,06,037,2021
"Madera County, California",66709,06,039,2021
"Marin County, California",131008,06,041,2021
"Mariposa County, California",53304,06,043,2021
"Mendocino County, California",56378,06,045,2021
"Merced County, California",58861,06,047,2021
"Modoc County, California",51090,06,049,2021
"Mono County, California",71138,06,051,2021
"Monterey County, California",82013,06,053,2021
"Napa County, California",97498,06,055,2021
"Nevada County, California",74617,06,057,2021
"Orange County, California",100485,06,059,2021
"Placer County, California",99734,06,061,2021
"Plumas County, California",57885,06,063,2021
"Riverside County, California",76066,06,065,2021
"Sacramento County, California",76422,06,067,2021
"San Benito County, California",95606,06,069,2021
"San Bernardino County, California",70287,06,071,2021
"San Diego County, California",88240,06,073,2021
"San Francisco County, California",126187,06,075,2021
"San Joaquin County, California",74962,06,077,2021
"San Luis Obispo County, California",82514,06,079,2021
"San Mateo County, California",136837,06,081,2021
"Santa Barbara County, California",84356,06,083,2021
"Santa Clara County, California",140258,06,085,2021
"Santa Cruz County, California",96093,06,087,2021
"Shasta County, California",61937,06,089,2021
"Sierra County, California",56152,06,091,2021
"Siskiyou County, California",49857,06,093,2021
"Solano County, California",89648,06,095,2021
"Sonoma County, California",91607,06,097,2021
"Stanislaus County, California",68368,06,099,2021
"Sutter County, California",67003,06,101,2021
"Tehama County, California",52901,06,103,2021
"Trinity County, California",42206,06,105,2021
"Tulare County, California",57394,06,107,2021
"Tuolumne County, California",66846,06,109,2021
"Ventura County, California",94150,06,111,2021
"Yolo County, California",78386,06,113,2021
"Yuba County, California",62666,06,115,2021
"Adams County, Colorado",78304,08,001,2021
"Alamosa County, Colorado",46217,08,003,2021
"Arapahoe County, Colorado",84947,08,005,2021
"Archuleta County, Colorado",62907,08,007,2021
"Baca County, Colorado",39891,08,009,2021
"Bent County, Colorado",40972,08,011,2021
"Boulder County, Colorado",92466,08,013,2021
"Broomfield County, Colorado",107570,08,014,2021
"Chaffee County, Colorado",61216,08,015,2021
"Cheyenne County, Colorado",69063,08,017,2021
"Clear Creek County, Colorado",76313,08,019,2021
"Conejos County, Colorado",38536,08,021,2021
"Costilla County, Colorado",35000,08,023,2021
"Crowley County, Colorado",37870,08,025,2021
"Custer County, Colorado",59877,08,027,2021
"Delta County, Colorado",51803,08,029,2021
"Denver County, Colorado",78177,08,031,2021
"Dolores County, Colorado",62500,08,033,2021
"Douglas County, Colorado",127443,08,035,2021
"Eagle County, Colorado",91338,08,037,2021
"Elbert County, Colorado",114904,08,039,2021
"El Paso County, Colorado",75909,08,041,2021
"Fremont County, Colorado",53411,08,043,2021
"Garfield County, Colorado",77212,08,045,2021
"Gilpin County, Colorado",96784,08,047,2021
"Grand County, Colorado",69353,08,049,2021
"Gunnison County, Colorado",63341,08,051,2021
"Hinsdale County, Colorado",45714,08,053,2021
"Huerfano County, Colorado",45724,08,055,2021
"Jackson County, Colorado",44667,08,057,2021
"Jefferson County, Colorado",93933,08,059,2021
"Kiowa County, Colorado",45476,08,061,2021
"Kit Carson County, Colorado",52917,08,063,2021
"Lake County, Colorado",73099,08,065,2021
"La Plata County, Colorado",75089,08,067,2021
"Larimer County, Colorado",80664,08,069,2021
"Las Animas County, Colorado",45118,08,071,2021
"Lincoln County, Colorado",46894,08,073,2021
"Logan County, Colorado",50998,08,075,2021
"Mesa County, Colorado",62127,08,077,2021
"Mineral County, Colorado",55556,08,079,2021
"Moffat County, Colorado",58583,08,081,2021
"Montezuma County, Colorado",58335,08,083,2021
"Montrose County, Colorado",57225,08,085,2021
"Morgan County, Colorado",62914,08,087,2021
"Otero County, Colorado",45826,08,089,2021
"Ouray County, Colorado",67228,08,091,2021
"Park County, Colorado",77775,08,093,2021
"Phillips County, Colorado",50951,08,095,2021
"Pitkin County, Colorado",92708,08,097,2021
"Prowers County, Colorado",44984,08,099,2021
"Pueblo County, Colorado",53430,08,101,2021
"Rio Blanco County, Colorado",58239,08,103,2021
"Rio Grande County, Colorado",50287,08,105,2021
"Routt County, Colorado",83725,08,107,2021
"Saguache County, Colorado",48413,08,109,2021
"San Juan County, Colorado",63333,08,111,2021
"San Miguel County, Colorado",70965,08,113,2021
"Sedgwick County, Colorado",44405,08,115,2021
"Summit County, Colorado",93505,08,117,2021
"Teller County, Colorado",68677,08,119,2021
"Washington County, Colorado",54141,08,121,2021
"Weld County, Colorado",80843,08,123,2021
"Yuma County, Colorado",56327,08,125,2021
"Fairfield County, Connecticut",101194,09,001,2021
"Hartford County, Connecticut",80320,09,003,2021
"Litchfield County, Connecticut",84797,09,005,2021
"Middlesex County, Connecticut",90833,09,007,2021
"New Haven County, Connecticut",75043,09,009,2021
"New London County, Connecticut",79040,09,011,2021
"Tolland County, Connecticut",88525,09,013,2021
"Windham County, Connecticut",71418,09,015,2021
"Kent County, Delaware",63715,10,001,2021
"New Castle County, Delaware",78428,10,003,2021
"Sussex County, Delaware",68886,10,005,2021
"District of Columbia, District of Columbia",93547,11,001,2021
"Alachua County, Florida",53314,12,001,2021
"Baker County, Florida",63860,12,003,2021
"Bay County, Florida",60473,12,005,2021
"Bradford County, Florida",48803,12,007,2021
"Brevard County, Florida",63632,12,009,2021
"Broward County, Florida",64522,12,011,2021
"Calhoun County, Florida",38098,12,013,2021
"Charlotte County, Florida",57887,12,015,2021
"Citrus County, Florida",48664,12,017,2021
"Clay County, Florida",74059,12,019,2021
"Collier County, Florida",75543,12,021,2021
"Columbia County, Florida",47750,12,023,2021
"DeSoto County, Florida",39945,12,027,2021
"Dixie County, Florida",44287,12,029,2021
"Duval County, Florida",59541,12,031,2021
"Escambia County, Florida",56605,12,033,2021
"Flagler County, Florida",62305,12,035,2021
"Franklin County, Florida",52679,12,037,2021
"Gadsden County, Florida",42661,12,039,2021
"Gilchrist County, Florida",50983,12,041,2021
"Glades County, Florida",38088,12,043,2021
"Gulf County, Florida",53812,12,045,2021
"Hamilton County, Florida",39346,12,047,2021
"Hardee County, Florida",41395,12,049,2021
"Hendry County, Florida",38843,12,051,2021
"Hernando County, Florida",53301,12,053,2021
"Highlands County, Florida",46895,12,055,2021
"Hillsborough County, Florida",64164,12,057,2021
"Holmes County, Florida",41809,12,059,2021
"Indian River County, Florida",61594,12,061,2021
"Jackson County, Florida",43416,12,063,2021
"Jefferson County, Florida",53080,12,065,2021
"Lafayette County, Florida",56458,12,067,2021
"Lake County, Florida",60013,12,069,2021
"Lee County, Florida",63235,12,071,2021
"Leon County, Florida",57359,12,073,2021
"Levy County, Florida",43029,12,075,2021
"Liberty County, Florida",42438,12,077,2021
"Madison County, Florida",39503,12,079,2021
"Manatee County, Florida",64964,12,081,2021
"Marion County, Florida",50808,12,083,2021
"Martin County, Florida",69769,12,085,2021
"Miami-Dade County, Florida",57815,12,086,2021
"Monroe County, Florida",73153,12,087,2021
"Nassau County, Florida",77504,12,089,2021
"Okaloosa County, Florida",67390,12,091,2021
"Okeechobee County, Florida",47020,12,093,2021
"Orange County, Florida",65784,12,095,2021
"Osceola County, Florida",58513,12,097,2021
"Palm Beach County, Florida",68874,12,099,2021
"Pasco County, Florida",58084,12,101,2021
"Pinellas County, Florida",60451,12,103,2021
"Polk County, Florida",55099,12,105,2021
"Putnam County, Florida",39975,12,107,2021
"St. Johns County, Florida",88794,12,109,2021
"St. Lucie County, Florida",59807,12,111,2021
"Santa Rosa County, Florida",77260,12,113,2021
"Sarasota County, Florida",69490,12,115,2021
"Seminole County, Florida",73002,12,117,2021
"Sumter County, Florida",63323,12,119,2021
"Suwannee County, Florida",47218,12,121,2021
"Taylor County, Florida",43563,12,123,2021
"Union County, Florida",55463,12,125,2021
"Volusia County, Florida",56786,12,127,2021
"Wakulla County, Florida",72941,12,129,2021
"Walton County, Florida",68111,12,131,2021
"Washington County, Florida",41806,12,133,2021
"Appling County, Georgia",39588,13,001,2021
"Atkinson County, Georgia",35741,13,003,2021
"Bacon County, Georgia",40391,13,005,2021
"Baker County, Georgia",33417,13,007,2021
"Baldwin County, Georgia",50413,13,009,2021
"Banks County, Georgia",57893,13,011,2021
"Barrow County, Georgia",68365,13,013,2021
"Bartow County, Georgia",65559,13,015,2021
"Ben Hill County, Georgia",34455,13,017,2021
"Berrien County, Georgia",44907,13,019,2021
"Bibb County, Georgia",43862,13,021,2021
"Bleckley County, Georgia",48786,13,023,2021
"Brantley County, Georgia",38211,13,025,2021
"Brooks County, Georgia",39770,13,027,2021
"Bryan County, Georgia",81032,13,029,2021
"Bulloch County, Georgia",50583,13,031,2021
"Burke County, Georgia",47837,13,033,2021
"Butts County, Georgia",53613,13,035,2021
"Calhoun County, Georgia",43549,13,037,2021
"Camden County, Georgia",61636,13,039,2021
"Candler County, Georgia",36763,13,043,2021
"Carroll County, Georgia",62498,13,045,2021
"Catoosa County, Georgia",62669,13,047,2021
"Charlton County, Georgia",45494,13,049,2021
"Chatham County, Georgia",61064,13,051,2021
"Chattahoochee County, Georgia",50018,13,053,2021
"Chattooga County, Georgia",37946,13,055,2021
"Cherokee County, Georgia",90681,13,057,2021
"Clarke County, Georgia",44070,13,059,2021
"Clay County, Georgia",35893,13,061,2021
"Clayton County, Georgia",51945,13,063,2021
"Clinch County, Georgia",47750,13,065,2021
"Cobb County, Georgia",86013,13,067,2021
"Coffee County, Georgia",44450,13,069,2021
"Colquitt County, Georgia",41623,13,071,2021
"Columbia County, Georgia",85928,13,073,2021
"Cook County, Georgia",45702,13,075,2021
"Coweta County, Georgia",83486,13,077,2021
"Crawford County, Georgia",53132,13,079,2021
"Crisp County, Georgia",41605,13,081,2021
"Dade County, Georgia",47675,13,083,2021
"Dawson County, Georgia",77630,13,085,2021
"Decatur County, Georgia",45134,13,087,2021
"DeKalb County, Georgia",69423,13,089,2021
"Dodge County, Georgia",41362,13,091,2021
"Dooly County, Georgia",39641,13,093,2021
"Dougherty County, Georgia",42225,13,095,2021
"Douglas County, Georgia",67731,13,097,2021
"Early County, Georgia",39665,13,099,2021
"Echols County, Georgia",45151,13,101,2021
"Effingham County, Georgia",72279,13,103,2021
"Elbert County, Georgia",39904,13,105,2021
"Emanuel County, Georgia",42880,13,107,2021
"Evans County, Georgia",49325,13,109,2021
"Fannin County, Georgia",49810,13,111,2021
"Fayette County, Georgia",96084,13,113,2021
"Floyd County, Georgia",52388,13,115,2021
"Forsyth County, Georgia",120999,13,117,2021
"Franklin County, Georgia",49636,13,119,2021
"Fulton County, Georgia",77635,13,121,2021
"Gilmer County, Georgia",60504,13,123,2021
"Glascock County, Georgia",53125,13,125,2021
"Glynn County, Georgia",60775,13,127,2021
"Gordon County, Georgia",50520,13,129,2021
"Grady County, Georgia",47721,13,131,2021
"Greene County, Georgia",65759,13,133,2021
"Gwinnett County, Georgia",75853,13,135,2021
"Habersham County, Georgia",56680,13,137,2021
"Hall County, Georgia",67571,13,139,2021
"Hancock County, Georgia",33946,13,141,2021
"Haralson County, Georgia",57752,13,143,2021
"Harris County, Georgia",82244,13,145,2021
"Hart County, Georgia",54506,13,147,2021
"Heard County, Georgia",55635,13,149,2021
"Henry County, Georgia",73491,13,151,2021
"Houston County, Georgia",70313,13,153,2021
"Irwin County, Georgia",42312,13,155,2021
"Jackson County, Georgia",73455,13,157,2021
"Jasper County, Georgia",52322,13,159,2021
"Jeff Davis County, Georgia",39668,13,161,2021
"Jefferson County, Georgia",42238,13,163,2021
"Jenkins County, Georgia",29061,13,165,2021
"Johnson County, Georgia",46292,13,167,2021
"Jones County, Georgia",61701,13,169,2021
"Lamar County, Georgia",53802,13,171,2021
"Lanier County, Georgia",33956,13,173,2021
"Laurens County, Georgia",42315,13,175,2021
"Lee County, Georgia",74935,13,177,2021
"Liberty County, Georgia",50617,13,179,2021
"Lincoln County, Georgia",44087,13,181,2021
"Long County, Georgia",52742,13,183,2021
"Lowndes County, Georgia",48703,13,185,2021
"Lumpkin County, Georgia",64179,13,187,2021
"McDuffie County, Georgia",50721,13,189,2021
"McIntosh County, Georgia",49951,13,191,2021
"Macon County, Georgia",33163,13,193,2021
"Madison County, Georgia",51854,13,195,2021
"Marion County, Georgia",47250,13,197,2021
"Meriwether County, Georgia",46789,13,199,2021
"Miller County, Georgia",51983,13,201,2021
"Mitchell County, Georgia",43427,13,205,2021
"Monroe County, Georgia",67154,13,207,2021
"Montgomery County, Georgia",48717,13,209,2021
"Morgan County, Georgia",71000,13,211,2021
"Murray County, Georgia",53821,13,213,2021
"Muscogee County, Georgia",50542,13,215,2021
"Newton County, Georgia",64767,13,217,2021
"Oconee County, Georgia",106165,13,219,2021
"Oglethorpe County, Georgia",58791,13,221,2021
"Paulding County, Georgia",80234,13,223,2021
"Peach County, Georgia",53215,13,225,2021
"Pickens County, Georgia",71637,13,227,2021
"Pierce County, Georgia",50820,13,229,2021
"Pike County, Georgia",76152,13,231,2021
"Polk County, Georgia",48958,13,233,2021
"Pulaski County, Georgia",44946,13,235,2021
"Putnam County, Georgia",55757,13,237,2021
"Quitman County, Georgia",31594,13,239,2021
"Rabun County, Georgia",48652,13,241,2021
"Randolph County, Georgia",28870,13,243,2021
"Richmond County, Georgia",46237,13,245,2021
"Rockdale County, Georgia",64230,13,247,2021
"Schley County, Georgia",50586,13,249,2021
"Screven County, Georgia",43167,13,251,2021
"Seminole County, Georgia",40579,13,253,2021
"Spalding County, Georgia",51972,13,255,2021
"Stephens County, Georgia",50194,13,257,2021
"Stewart County, Georgia",39020,13,259,2021
"Sumter County, Georgia",36687,13,261,2021
"Talbot County, Georgia",40719,13,263,2021
"Taliaferro County, Georgia",39670,13,265,2021
"Tattnall County, Georgia",49977,13,267,2021
"Taylor County, Georgia",36293,13,269,2021
"Telfair County, Georgia",42971,13,271,2021
"Terrell County, Georgia",38879,13,273,2021
"Thomas County, Georgia",52315,13,275,2021
"Tift County, Georgia",46245,13,277,2021
"Toombs County, Georgia",42975,13,279,2021
"Towns County, Georgia",53084,13,281,2021
"Treutlen County, Georgia",35441,13,283,2021
"Troup County, Georgia",49042,13,285,2021
"Turner County, Georgia",35828,13,287,2021
"Twiggs County, Georgia",45824,13,289,2021
"Union County, Georgia",52509,13,291,2021
"Upson County, Georgia",43257,13,293,2021
"Walker County, Georgia",48633,13,295,2021
"Walton County, Georgia",71692,13,297,2021
"Ware County, Georgia",39419,13,299,2021
"Warren County, Georgia",37309,13,301,2021
"Washington County, Georgia",39350,13,303,2021
"Wayne County, Georgia",45115,13,305,2021
"Webster County, Georgia",32083,13,307,2021
"Wheeler County, Georgia",26776,13,309,2021
"White County, Georgia",64729,13,311,2021
"Whitfield County, Georgia",52439,13,313,2021
"Wilcox County, Georgia",41406,13,315,2021
"Wilkes County, Georgia",43859,13,317,2021
"Wilkinson County, Georgia",34680,13,319,2021
"Worth County, Georgia",54791,13,321,2021
"Hawaii County, Hawaii",68399,15,001,2021
"Honolulu County, Hawaii",92600,15,003,2021
"Kalawao County, Hawaii",79583,15,005,2021
"Kauai County, Hawaii",86287,15,007,2021
"Maui County, Hawaii",88249,15,009,2021
"Ada County, Idaho",75115,16,001,2021
"Adams County, Idaho",52746,16,003,2021
"Bannock County, Idaho",56472,16,005,2021
"Bear Lake County, Idaho",60337,16,007,2021
"Benewah County, Idaho",50257,16,009,2021
"Bingham County, Idaho",63106,16,011,2021
"Blaine County, Idaho",71749,16,013,2021
"Boise County, Idaho",64125,16,015,2021
"Bonner County, Idaho",55206,16,017,2021
"Bonneville County, Idaho",64928,16,019,2021
"Boundary County, Idaho",51261,16,021,2021
"Butte County, Idaho",41552,16,023,2021
"Camas County, Idaho",37367,16,025,2021
"Canyon County, Idaho",60716,16,027,2021
"Caribou County, Idaho",65528,16,029,2021
"Cassia County, Idaho",57547,16,031,2021
"Clark County, Idaho",48088,16,033,2021
"Clearwater County, Idaho",50787,16,035,2021
"Custer County, Idaho",47663,16,037,2021
"Elmore County, Idaho",48475,16,039,2021
"Franklin County, Idaho",56677,16,041,2021
"Fremont County, Idaho",61875,16,043,2021
"Gem County, Idaho",59957,16,045,2021
"Gooding County, Idaho",56734,16,047,2021
"Idaho County, Idaho",47508,16,049,2021
"Jefferson County, Idaho",69097,16,051,2021
"Jerome County, Idaho",61280,16,053,2021
"Kootenai County, Idaho",64936,16,055,2021
"Latah County, Idaho",56673,16,057,2021
"Lemhi County, Idaho",46105,16,059,2021
"Lewis County, Idaho",44028,16,061,2021
"Lincoln County, Idaho",55988,16,063,2021
"Madison County, Idaho",53498,16,065,2021
"Minidoka County, Idaho",56140,16,067,2021
"Nez Perce County, Idaho",61810,16,069,2021
"Oneida County, Idaho",64766,16,071,2021
"Owyhee County, Idaho",54669,16,073,2021
"Payette County, Idaho",59540,16,075,2021
"Power County, Idaho",52116,16,077,2021
"Shoshone County, Idaho",43188,16,079,2021
"Teton County, Idaho",75837,16,081,2021
"Twin Falls County, Idaho",57430,16,083,2021
"Valley County, Idaho",67528,16,085,2021
"Washington County, Idaho",45065,16,087,2021
"Adams County, Illinois",58587,17,001,2021
"Alexander County, Illinois",39871,17,003,2021
"Bond County, Illinois",53654,17,005,2021
"Boone County, Illinois",74076,17,007,2021
"Brown County, Illinois",59346,17,009,2021
"Bureau County, Illinois",59407,17,011,2021
"Calhoun County, Illinois",74792,17,013,2021
"Carroll County, Illinois",54959,17,015,2021
"Cass County, Illinois",58364,17,017,2021
"Champaign County, Illinois",56939,17,019,2021
"Christian County, Illinois",53188,17,021,2021
"Clark County, Illinois",66067,17,023,2021
"Clay County, Illinois",53900,17,025,2021
"Clinton County, Illinois",72468,17,027,2021
"Coles County, Illinois",48534,17,029,2021
"Cook County, Illinois",72121,17,031,2021
"Crawford County, Illinois",54942,17,033,2021
"Cumberland County, Illinois",66530,17,035,2021
"DeKalb County, Illinois",64019,17,037,2021
"De Witt County, Illinois",60401,17,039,2021
"Douglas County, Illinois",63142,17,041,2021
"DuPage County, Illinois",100292,17,043,2021
"Edgar County, Illinois",50843,17,045,2021
"Edwards County, Illinois",55833,17,047,2021
"Effingham County, Illinois",65590,17,049,2021
"Fayette County, Illinois",47744,17,051,2021
"Ford County, Illinois",55011,17,053,2021
"Franklin County, Illinois",47751,17,055,2021
"Fulton County, Illinois",53441,17,057,2021
"Gallatin County, Illinois",52597,17,059,2021
"Greene County, Illinois",54427,17,061,2021
"Grundy County, Illinois",81764,17,063,2021
"Hamilton County, Illinois",58306,17,065,2021
"Hancock County, Illinois",58188,17,067,2021
"Hardin County, Illinois",51738,17,069,2021
"Henderson County, Illinois",62202,17,071,2021
"Henry County, Illinois",62097,17,073,2021
"Iroquois County, Illinois",58481,17,075,2021
"Jackson County, Illinois",41699,17,077,2021
"Jasper County, Illinois",60237,17,079,2021
"Jefferson County, Illinois",54692,17,081,2021
"Jersey County, Illinois",71655,17,083,2021
"Jo Daviess County, Illinois",61289,17,085,2021
"Johnson County, Illinois",58502,17,087,2021
"Kane County, Illinois",88935,17,089,2021
"Kankakee County, Illinois",61664,17,091,2021
"Kendall County, Illinois",101816,17,093,2021
"Knox County, Illinois",45994,17,095,2021
"Lake County, Illinois",97127,17,097,2021
"LaSalle County, Illinois",62825,17,099,2021
"Lawrence County, Illinois",52020,17,101,2021
"Lee County, Illinois",62250,17,103,2021
"Livingston County, Illinois",61419,17,105,2021
"Logan County, Illinois",59809,17,107,2021
"McDonough County, Illinois",45704,17,109,2021
"McHenry County, Illinois",93801,17,111,2021
"McLean County, Illinois",70339,17,113,2021
"Macon County, Illinois",55954,17,115,2021
"Macoupin County, Illinois",58227,17,117,2021
"Madison County, Illinois",66882,17,119,2021
"Marion County, Illinois",53209,17,121,2021
"Marshall County, Illinois",60231,17,123,2021
"Mason County, Illinois",54415,17,125,2021
"Massac County, Illinois",57658,17,127,2021
"Menard County, Illinois",79743,17,129,2021
"Mercer County, Illinois",59972,17,131,2021
"Monroe County, Illinois",92950,17,133,2021
"Montgomery County, Illinois",59309,17,135,2021
"Morgan County, Illinois",55261,17,137,2021
"Moultrie County, Illinois",67309,17,139,2021
"Ogle County, Illinois",67534,17,141,2021
"Peoria County, Illinois",58426,17,143,2021
"Perry County, Illinois",53108,17,145,2021
"Piatt County, Illinois",77559,17,147,2021
"Pike County, Illinois",51529,17,149,2021
"Pope County, Illinois",48013,17,151,2021
"Pulaski County, Illinois",40197,17,153,2021
"Putnam County, Illinois",67419,17,155,2021
"Randolph County, Illinois",58093,17,157,2021
"Richland County, Illinois",59963,17,159,2021
"Rock Island County, Illinois",58974,17,161,2021
"St. Clair County, Illinois",63017,17,163,2021
"Saline County, Illinois",47541,17,165,2021
"Sangamon County, Illinois",66149,17,167,2021
"Schuyler County, Illinois",58447,17,169,2021
"Scott County, Illinois",63555,17,171,2021
"Shelby County, Illinois",60103,17,173,2021
"Stark County, Illinois",55109,17,175,2021
"Stephenson County, Illinois",53806,17,177,2021
"Tazewell County, Illinois",68860,17,179,2021
"Union County, Illinois",53363,17,181,2021
"Vermilion County, Illinois",49063,17,183,2021
"Wabash County, Illinois",49680,17,185,2021
"Warren County, Illinois",59673,17,187,2021
"Washington County, Illinois",67030,17,189,2021
"Wayne County, Illinois",51540,17,191,2021
"White County, Illinois",51351,17,193,2021
"Whiteside County, Illinois",59812,17,195,2021
"Will County, Illinois",95751,17,197,2021
"Williamson County, Illinois",54682,17,199,2021
"Winnebago County, Illinois",57779,17,201,2021
"Woodford County, Illinois",76486,17,203,2021
"Adams County, Indiana",56037,18,001,2021
"Allen County, Indiana",61456,18,003,2021
"Bartholomew County, Indiana",71183,18,005,2021
"Benton County, Indiana",56155,18,007,2021
"Blackford County, Indiana",45080,18,009,2021
"Boone County, Indiana",94843,18,011,2021
"Brown County, Indiana",67737,18,013,2021
"Carroll County, Indiana",56929,18,015,2021
"Cass County, Indiana",51776,18,017,2021
"Clark County, Indiana",62296,18,019,2021
"Clay County, Indiana",63361,18,021,2021
"Clinton County, Indiana",55582,18,023,2021
"Crawford County, Indiana",42465,18,025,2021
"Daviess County, Indiana",57083,18,027,2021
"Dearborn County, Indiana",72674,18,029,2021
"Decatur County, Indiana",65000,18,031,2021
"DeKalb County, Indiana",60757,18,033,2021
"Delaware County, Indiana",49321,18,035,2021
"Dubois County, Indiana",65389,18,037,2021
"Elkhart County, Indiana",61182,18,039,2021
"Fayette County, Indiana",48101,18,041,2021
"Floyd County, Indiana",69858,18,043,2021
"Fountain County, Indiana",54475,18,045,2021
"Franklin County, Indiana",69440,18,047,2021
"Fulton County, Indiana",56885,18,049,2021
"Gibson County, Indiana",59697,18,051,2021
"Grant County, Indiana",50009,18,053,2021
"Greene County, Indiana",55470,18,055,2021
"Hamilton County, Indiana",104858,18,057,2021
"Hancock County, Indiana",79126,18,059,2021
"Harrison County, Indiana",63586,18,061,2021
"Hendricks County, Indiana",87961,18,063,2021
"Henry County, Indiana",54154,18,065,2021
"Howard County, Indiana",59238,18,067,2021
"Huntington County, Indiana",56705,18,069,2021
"Jackson County, Indiana",59504,18,071,2021
"Jasper County, Indiana",69632,18,073,2021
"Jay County, Indiana",48904,18,075,2021
"Jefferson County, Indiana",53784,18,077,2021
"Jennings County, Indiana",63612,18,079,2021
"Johnson County, Indiana",77977,18,081,2021
"Knox County, Indiana",51784,18,083,2021
"Kosciusko County, Indiana",66764,18,085,2021
"LaGrange County, Indiana",75624,18,087,2021
"Lake County, Indiana",62052,18,089,2021
"LaPorte County, Indiana",60226,18,091,2021
"Lawrence County, Indiana",60041,18,093,2021
"Madison County, Indiana",54491,18,095,2021
"Marion County, Indiana",54601,18,097,2021
"Marshall County, Indiana",58296,18,099,2021
"Martin County, Indiana",57199,18,101,2021
"Miami County, Indiana",53762,18,103,2021
"Monroe County, Indiana",54096,18,105,2021
"Montgomery County, Indiana",58311,18,107,2021
"Morgan County, Indiana",71882,18,109,2021
"Newton County, Indiana",62306,18,111,2021
"Noble County, Indiana",63292,18,113,2021
"Ohio County, Indiana",63036,18,115,2021
"Orange County, Indiana",56572,18,117,2021
"Owen County, Indiana",53831,18,119,2021
"Parke County, Indiana",57156,18,121,2021
"Perry County, Indiana",54387,18,123,2021
"Pike County, Indiana",57283,18,125,2021
"Porter County, Indiana",76736,18,127,2021
"Posey County, Indiana",69323,18,129,2021
"Pulaski County, Indiana",52098,18,131,2021
"Putnam County, Indiana",64993,18,133,2021
"Randolph County, Indiana",54912,18,135,2021
"Ripley County, Indiana",64221,18,137,2021
"Rush County, Indiana",58887,18,139,2021
"St. Joseph County, Indiana",58599,18,141,2021
"Scott County, Indiana",45794,18,143,2021
"Shelby County, Indiana",64070,18,145,2021
"Spencer County, Indiana",59624,18,147,2021
"Starke County, Indiana",52802,18,149,2021
"Steuben County, Indiana",61698,18,151,2021
"Sullivan County, Indiana",49393,18,153,2021
"Switzerland County, Indiana",56268,18,155,2021
"Tippecanoe County, Indiana",53468,18,157,2021
"Tipton County, Indiana",65983,18,159,2021
"Union County, Indiana",60750,18,161,2021
"Vanderburgh County, Indiana",54044,18,163,2021
"Vermillion County, Indiana",53396,18,165,2021
"Vigo County, Indiana",48552,18,167,2021
"Wabash County, Indiana",59611,18,169,2021
"Warren County, Indiana",68136,18,171,2021
"Warrick County, Indiana",85613,18,173,2021
"Washington County, Indiana",53932,18,175,2021
"Wayne County, Indiana",49952,18,177,2021
"Wells County, Indiana",62802,18,179,2021
"White County, Indiana",60327,18,181,2021
"Whitley County, Indiana",67716,18,183,2021
"Adair County, Iowa",57944,19,001,2021
"Adams County, Iowa",57981,19,003,2021
"Allamakee County, Iowa",59461,19,005,2021
"Appanoose County, Iowa",46900,19,007,2021
"Audubon County, Iowa",54643,19,009,2021
"Benton County, Iowa",72334,19,011,2021
"Black Hawk County, Iowa",57191,19,013,2021
"Boone County, Iowa",70984,19,015,2021
"Bremer County, Iowa",76782,19,017,2021
"Buchanan County, Iowa",71024,19,019,2021
"Buena Vista County, Iowa",53645,19,021,2021
"Butler County, Iowa",61109,19,023,2021
"Calhoun County, Iowa",60434,19,025,2021
"Carroll County, Iowa",61157,19,027,2021
"Cass County, Iowa",55395,19,029,2021
"Cedar County, Iowa",72714,19,031,2021
"Cerro Gordo County, Iowa",58271,19,033,2021
"Cherokee County, Iowa",59881,19,035,2021
"Chickasaw County, Iowa",67146,19,037,2021
"Clarke County, Iowa",58617,19,039,2021
"Clay County, Iowa",52307,19,041,2021
"Clayton County, Iowa",58148,19,043,2021
"Clinton County, Iowa",56345,19,045,2021
"Crawford County, Iowa",55552,19,047,2021
"Dallas County, Iowa",93492,19,049,2021
"Davis County, Iowa",76755,19,051,2021
"Decatur County, Iowa",52753,19,053,2021
"Delaware County, Iowa",69319,19,055,2021
"Des Moines County, Iowa",54318,19,057,2021
"Dickinson County, Iowa",65215,19,059,2021
"Dubuque County, Iowa",68198,19,061,2021
"Emmet County, Iowa",58357,19,063,2021
"Fayette County, Iowa",50973,19,065,2021
"Floyd County, Iowa",55827,19,067,2021
"Franklin County, Iowa",59019,19,069,2021
"Fremont County, Iowa",63611,19,071,2021
"Greene County, Iowa",52768,19,073,2021
"Grundy County, Iowa",74552,19,075,2021
"Guthrie County, Iowa",67625,19,077,2021
"Hamilton County, Iowa",62183,19,079,2021
"Hancock County, Iowa",64730,19,081,2021
"Hardin County, Iowa",58845,19,083,2021
"Harrison County, Iowa",67950,19,085,2021
"Henry County, Iowa",58767,19,087,2021
"Howard County, Iowa",60387,19,089,2021
"Humboldt County, Iowa",60008,19,091,2021
"Ida County, Iowa",57266,19,093,2021
"Iowa County, Iowa",64720,19,095,2021
"Jackson County, Iowa",65541,19,097,2021
"Jasper County, Iowa",63182,19,099,2021
"Jefferson County, Iowa",47950,19,101,2021
"Johnson County, Iowa",67414,19,103,2021
"Jones County, Iowa",63279,19,105,2021
"Keokuk County, Iowa",54233,19,107,2021
"Kossuth County, Iowa",59878,19,109,2021
"Lee County, Iowa",54258,19,111,2021
"Linn County, Iowa",70360,19,113,2021
"Louisa County, Iowa",65867,19,115,2021
"Lucas County, Iowa",55297,19,117,2021
"Lyon County, Iowa",69113,19,119,2021
"Madison County, Iowa",79306,19,121,2021
"Mahaska County, Iowa",60617,19,123,2021
"Marion County, Iowa",66822,19,125,2021
"Marshall County, Iowa",63591,19,127,2021
"Mills County, Iowa",77926,19,129,2021
"Mitchell County, Iowa",60991,19,131,2021
"Monona County, Iowa",56107,19,133,2021
"Monroe County, Iowa",69929,19,135,2021
"Montgomery County, Iowa",56971,19,137,2021
"Muscatine County, Iowa",61547,19,139,2021
"O'Brien County, Iowa",62292,19,141,2021
"Osceola County, Iowa",65242,19,143,2021
"Page County, Iowa",52108,19,145,2021
"Palo Alto County, Iowa",59988,19,147,2021
"Plymouth County, Iowa",74239,19,149,2021
"Pocahontas County, Iowa",56350,19,151,2021
"Polk County, Iowa",73015,19,153,2021
"Pottawattamie County, Iowa",63840,19,155,2021
"Poweshiek County, Iowa",56080,19,157,2021
"Ringgold County, Iowa",57700,19,159,2021
"Sac County, Iowa",61040,19,161,2021
"Scott County, Iowa",67675,19,163,2021
"Shelby County, Iowa",62222,19,165,2021
"Sioux County, Iowa",78179,19,167,2021
"Story County, Iowa",62578,19,169,2021
"Tama County, Iowa",59794,19,171,2021
"Taylor County, Iowa",59528,19,173,2021
"Union County, Iowa",52321,19,175,2021
"Van Buren County, Iowa",53218,19,177,2021
"Wapello County, Iowa",51222,19,179,2021
"Warren County, Iowa",85189,19,181,2021
"Washington County, Iowa",66908,19,183,2021
"Wayne County, Iowa",53039,19,185,2021
"Webster County, Iowa",56934,19,187,2021
"Winnebago County, Iowa",56578,19,189,2021
"Winneshiek County, Iowa",65330,19,191,2021
"Woodbury County, Iowa",63061,19,193,2021
"Worth County, Iowa",63795,19,195,2021
"Wright County, Iowa",55395,19,197,2021
"Allen County, Kansas",51840,20,001,2021
"Anderson County, Kansas",56315,20,003,2021
"Atchison County, Kansas",52243,20,005,2021
"Barber County, Kansas",52984,20,007,2021
"Barton County, Kansas",50077,20,009,2021
"Bourbon County, Kansas",49951,20,011,2021
"Brown County, Kansas",52314,20,013,2021
"Butler County, Kansas",71651,20,015,2021
"Chase County, Kansas",49453,20,017,2021
"Chautauqua County, Kansas",46170,20,019,2021
"Cherokee County, Kansas",47298,20,021,2021
"Cheyenne County, Kansas",45039,20,023,2021
"Clark County, Kansas",55556,20,025,2021
"Clay County, Kansas",52716,20,027,2021
"Cloud County, Kansas",53110,20,029,2021
"Coffey County, Kansas",63167,20,031,2021
"Comanche County, Kansas",49333,20,033,2021
"Cowley County, Kansas",51732,20,035,2021
"Crawford County, Kansas",45191,20,037,2021
"Decatur County, Kansas",46733,20,039,2021
"Dickinson County, Kansas",59400,20,041,2021
"Doniphan County, Kansas",54792,20,043,2021
"Douglas County, Kansas",62594,20,045,2021
"Edwards County, Kansas",49679,20,047,2021
"Elk County, Kansas",45660,20,049,2021
"Ellis County, Kansas",54858,20,051,2021
"Ellsworth County, Kansas",55318,20,053,2021
"Finney County, Kansas",61374,20,055,2021
"Ford County, Kansas",59578,20,057,2021
"Franklin County, Kansas",63996,20,059,2021
"Geary County, Kansas",54664,20,061,2021
"Gove County, Kansas",53226,20,063,2021
"Graham County, Kansas",44091,20,065,2021
"Grant County, Kansas",60417,20,067,2021
"Gray County, Kansas",70321,20,069,2021
"Greeley County, Kansas",57281,20,071,2021
"Greenwood County, Kansas",46783,20,073,2021
"Hamilton County, Kansas",48333,20,075,2021
"Harper County, Kansas",52188,20,077,2021
"Harvey County, Kansas",60653,20,079,2021
"Haskell County, Kansas",58841,20,081,2021
"Hodgeman County, Kansas",62902,20,083,2021
"Jackson County, Kansas",62023,20,085,2021
"Jefferson County, Kansas",72270,20,087,2021
"Jewell County, Kansas",45655,20,089,2021
"Johnson County, Kansas",96059,20,091,2021
"Kearny County, Kansas",61406,20,093,2021
"Kingman County, Kansas",54852,20,095,2021
"Kiowa County, Kansas",61406,20,097,2021
"Labette County, Kansas",51425,20,099,2021
"Lane County, Kansas",44219,20,101,2021
"Leavenworth County, Kansas",80853,20,103,2021
"Lincoln County, Kansas",48457,20,105,2021
"Linn County, Kansas",52339,20,107,2021
"Logan County, Kansas",62202,20,109,2021
"Lyon County, Kansas",52591,20,111,2021
"McPherson County, Kansas",63816,20,113,2021
"Marion County, Kansas",54679,20,115,2021
"Marshall County, Kansas",58750,20,117,2021
"Meade County, Kansas",66042,20,119,2021
"Miami County, Kansas",79211,20,121,2021
"Mitchell County, Kansas",49250,20,123,2021
"Montgomery County, Kansas",47697,20,125,2021
"Morris County, Kansas",50242,20,127,2021
"Morton County, Kansas",51447,20,129,2021
"Nemaha County, Kansas",65177,20,131,2021
"Neosho County, Kansas",54479,20,133,2021
"Ness County, Kansas",63241,20,135,2021
"Norton County, Kansas",49326,20,137,2021
"Osage County, Kansas",61702,20,139,2021
"Osborne County, Kansas",55551,20,141,2021
"Ottawa County, Kansas",57455,20,143,2021
"Pawnee County, Kansas",50988,20,145,2021
"Phillips County, Kansas",53919,20,147,2021
"Pottawatomie County, Kansas",76089,20,149,2021
"Pratt County, Kansas",57109,20,151,2021
"Rawlins County, Kansas",58590,20,153,2021
"Reno County, Kansas",53359,20,155,2021
"Republic County, Kansas",50268,20,157,2021
"Rice County, Kansas",56379,20,159,2021
"Riley County, Kansas",53296,20,161,2021
"Rooks County, Kansas",55000,20,163,2021
"Rush County, Kansas",50714,20,165,2021
"Russell County, Kansas",52108,20,167,2021
"Saline County, Kansas",55175,20,169,2021
"Scott County, Kansas",46583,20,171,2021
"Sedgwick County, Kansas",60593,20,173,2021
"Seward County, Kansas",51809,20,175,2021
"Shawnee County, Kansas",59848,20,177,2021
"Sheridan County, Kansas",68952,20,179,2021
"Sherman County, Kansas",58830,20,181,2021
"Smith County, Kansas",48051,20,183,2021
"Stafford County, Kansas",54188,20,185,2021
"Stanton County, Kansas",60607,20,187,2021
"Stevens County, Kansas",61267,20,189,2021
"Sumner County, Kansas",54854,20,191,2021
"Thomas County, Kansas",69844,20,193,2021
"Trego County, Kansas",78529,20,195,2021
"Wabaunsee County, Kansas",66589,20,197,2021
"Wallace County, Kansas",56538,20,199,2021
"Washington County, Kansas",53491,20,201,2021
"Wichita County, Kansas",63306,20,203,2021
"Wilson County, Kansas",52514,20,205,2021
"Woodson County, Kansas",45234,20,207,2021
"Wyandotte County, Kansas",52366,20,209,2021
"Adair County, Kentucky",46652,21,001,2021
"Allen County, Kentucky",47495,21,003,2021
"Anderson County, Kentucky",59887,21,005,2021
"Ballard County, Kentucky",52695,21,007,2021
"Barren County, Kentucky",44254,21,009,2021
"Bath County, Kentucky",46375,21,011,2021
"Bell County, Kentucky",32123,21,013,2021
"Boone County, Kentucky",87034,21,015,2021
"Bourbon County, Kentucky",53277,21,017,2021
"Boyd County, Kentucky",53077,21,019,2021
"Boyle County, Kentucky",54234,21,021,2021
"Bracken County, Kentucky",63277,21,023,2021
"Breathitt County, Kentucky",32259,21,025,2021
"Breckinridge County, Kentucky",49919,21,027,2021
"Bullitt County, Kentucky",67892,21,029,2021
"Butler County, Kentucky",48355,21,031,2021
"Caldwell County, Kentucky",48280,21,033,2021
"Calloway County, Kentucky",44534,21,035,2021
"Campbell County, Kentucky",65580,21,037,2021
"Carlisle County, Kentucky",42386,21,039,2021
"Carroll County, Kentucky",42433,21,041,2021
"Carter County, Kentucky",40092,21,043,2021
"Casey County, Kentucky",37694,21,045,2021
"Christian County, Kentucky",45913,21,047,2021
"Clark County, Kentucky",59294,21,049,2021
"Clay County, Kentucky",33399,21,051,2021
"Clinton County, Kentucky",35042,21,053,2021
"Crittenden County, Kentucky",45000,21,055,2021
"Cumberland County, Kentucky",34563,21,057,2021
"Daviess County, Kentucky",57660,21,059,2021
"Edmonson County, Kentucky",41533,21,061,2021
"Elliott County, Kentucky",36455,21,063,2021
"Estill County, Kentucky",36336,21,065,2021
"Fayette County, Kentucky",61526,21,067,2021
"Fleming County, Kentucky",48315,21,069,2021
"Floyd County, Kentucky",37360,21,071,2021
"Franklin County, Kentucky",59498,21,073,2021
"Fulton County, Kentucky",33567,21,075,2021
"Gallatin County, Kentucky",54978,21,077,2021
"Garrard County, Kentucky",58137,21,079,2021
"Grant County, Kentucky",60040,21,081,2021
"Graves County, Kentucky",48187,21,083,2021
"Grayson County, Kentucky",40839,21,085,2021
"Green County, Kentucky",34363,21,087,2021
"Greenup County, Kentucky",55431,21,089,2021
"Hancock County, Kentucky",61622,21,091,2021
"Hardin County, Kentucky",59863,21,093,2021
"Harlan County, Kentucky",30210,21,095,2021
"Harrison County, Kentucky",53862,21,097,2021
"Hart County, Kentucky",45342,21,099,2021
"Henderson County, Kentucky",53635,21,101,2021
"Henry County, Kentucky",52301,21,103,2021
"Hickman County, Kentucky",46321,21,105,2021
"Hopkins County, Kentucky",49495,21,107,2021
"Jackson County, Kentucky",33699,21,109,2021
"Jefferson County, Kentucky",61633,21,111,2021
"Jessamine County, Kentucky",65196,21,113,2021
"Johnson County, Kentucky",41489,21,115,2021
"Kenton County, Kentucky",68503,21,117,2021
"Knott County, Kentucky",35583,21,119,2021
"Knox County, Kentucky",29206,21,121,2021
"Larue County, Kentucky",53555,21,123,2021
"Laurel County, Kentucky",46604,21,125,2021
"Lawrence County, Kentucky",37014,21,127,2021
"Lee County, Kentucky",29817,21,129,2021
"Leslie County, Kentucky",34528,21,131,2021
"Letcher County, Kentucky",35278,21,133,2021
"Lewis County, Kentucky",32402,21,135,2021
"Lincoln County, Kentucky",45856,21,137,2021
"Livingston County, Kentucky",51081,21,139,2021
"Logan County, Kentucky",53133,21,141,2021
"Lyon County, Kentucky",55203,21,143,2021
"McCracken County, Kentucky",53366,21,145,2021
"McCreary County, Kentucky",33939,21,147,2021
"McLean County, Kentucky",57027,21,149,2021
"Madison County, Kentucky",55002,21,151,2021
"Magoffin County, Kentucky",29615,21,153,2021
"Marion County, Kentucky",48791,21,155,2021
"Marshall County, Kentucky",58989,21,157,2021
"Martin County, Kentucky",40826,21,159,2021
"Mason County, Kentucky",48106,21,161,2021
"Meade County, Kentucky",63944,21,163,2021
"Menifee County, Kentucky",43313,21,165,2021
"Mercer County, Kentucky",53750,21,167,2021
"Metcalfe County, Kentucky",43196,21,169,2021
"Monroe County, Kentucky",39334,21,171,2021
"Montgomery County, Kentucky",49313,21,173,2021
"Morgan County, Kentucky",41664,21,175,2021
"Muhlenberg County, Kentucky",46124,21,177,2021
"Nelson County, Kentucky",64354,21,179,2021
"Nicholas County, Kentucky",44306,21,181,2021
"Ohio County, Kentucky",48481,21,183,2021
"Oldham County, Kentucky",109815,21,185,2021
"Owen County, Kentucky",52450,21,187,2021
"Owsley County, Kentucky",29340,21,189,2021
"Pendleton County, Kentucky",57619,21,191,2021
"Perry County, Kentucky",40577,21,193,2021
"Pike County, Kentucky",36910,21,195,2021
"Powell County, Kentucky",39493,21,197,2021
"Pulaski County, Kentucky",42652,21,199,2021
"Robertson County, Kentucky",53833,21,201,2021
"Rockcastle County, Kentucky",40406,21,203,2021
"Rowan County, Kentucky",45681,21,205,2021
"Russell County, Kentucky",41851,21,207,2021
"Scott County, Kentucky",73113,21,209,2021
"Shelby County, Kentucky",73974,21,211,2021
"Simpson County, Kentucky",53420,21,213,2021
"Spencer County, Kentucky",92973,21,215,2021
"Taylor County, Kentucky",56890,21,217,2021
"Todd County, Kentucky",54823,21,219,2021
"Trigg County, Kentucky",53693,21,221,2021
"Trimble County, Kentucky",62125,21,223,2021
"Union County, Kentucky",50533,21,225,2021
"Warren County, Kentucky",57625,21,227,2021
"Washington County, Kentucky",59049,21,229,2021
"Wayne County, Kentucky",41237,21,231,2021
"Webster County, Kentucky",47051,21,233,2021
"Whitley County, Kentucky",41817,21,235,2021
"Wolfe County, Kentucky",24349,21,237,2021
"Woodford County, Kentucky",72765,21,239,2021
"Acadia Parish, Louisiana",42368,22,001,2021
"Allen Parish, Louisiana",47660,22,003,2021
"Ascension Parish, Louisiana",86256,22,005,2021
"Assumption Parish, Louisiana",42831,22,007,2021
"Avoyelles Parish, Louisiana",37903,22,009,2021
"Beauregard Parish, Louisiana",57130,22,011,2021
"Bienville Parish, Louisiana",32328,22,013,2021
"Bossier Parish, Louisiana",58289,22,015,2021
"Caddo Parish, Louisiana",43153,22,017,2021
"Calcasieu Parish, Louisiana",59470,22,019,2021
"Caldwell Parish, Louisiana",41861,22,021,2021
"Cameron Parish, Louisiana",64525,22,023,2021
"Catahoula Parish, Louisiana",42232,22,025,2021
"Claiborne Parish, Louisiana",29574,22,027,2021
"Concordia Parish, Louisiana",36157,22,029,2021
"De Soto Parish, Louisiana",45364,22,031,2021
"East Baton Rouge Parish, Louisiana",58167,22,033,2021
"East Carroll Parish, Louisiana",25049,22,035,2021
"East Feliciana Parish, Louisiana",58125,22,037,2021
"Evangeline Parish, Louisiana",32465,22,039,2021
"Franklin Parish, Louisiana",38250,22,041,2021
"Grant Parish, Louisiana",52779,22,043,2021
"Iberia Parish, Louisiana",52278,22,045,2021
"Iberville Parish, Louisiana",52994,22,047,2021
"Jackson Parish, Louisiana",41298,22,049,2021
"Jefferson Parish, Louisiana",58638,22,051,2021
"Jefferson Davis Parish, Louisiana",45578,22,053,2021
"Lafayette Parish, Louisiana",63311,22,055,2021
"Lafourche Parish, Louisiana",58747,22,057,2021
"LaSalle Parish, Louisiana",52205,22,059,2021
"Lincoln Parish, Louisiana",38458,22,061,2021
"Livingston Parish, Louisiana",71547,22,063,2021
"Madison Parish, Louisiana",36875,22,065,2021
"Morehouse Parish, Louisiana",33758,22,067,2021
"Natchitoches Parish, Louisiana",33965,22,069,2021
"Orleans Parish, Louisiana",45594,22,071,2021
"Ouachita Parish, Louisiana",46021,22,073,2021
"Plaquemines Parish, Louisiana",69970,22,075,2021
"Pointe Coupee Parish, Louisiana",50431,22,077,2021
"Rapides Parish, Louisiana",49639,22,079,2021
"Red River Parish, Louisiana",41227,22,081,2021
"Richland Parish, Louisiana",42956,22,083,2021
"Sabine Parish, Louisiana",39975,22,085,2021
"St. Bernard Parish, Louisiana",52538,22,087,2021
"St. Charles Parish, Louisiana",72088,22,089,2021
"St. Helena Parish, Louisiana",40857,22,091,2021
"St. James Parish, Louisiana",56207,22,093,2021
"St. John the Baptist Parish, Louisiana",60743,22,095,2021
"St. Landry Parish, Louisiana",41068,22,097,2021
"St. Martin Parish, Louisiana",46711,22,099,2021
"St. Mary Parish, Louisiana",43097,22,101,2021
"St. Tammany Parish, Louisiana",70986,22,103,2021
"Tangipahoa Parish, Louisiana",50659,22,105,2021
"Tensas Parish, Louisiana",32962,22,107,2021
"Terrebonne Parish, Louisiana",57940,22,109,2021
"Union Parish, Louisiana",44192,22,111,2021
"Vermilion Parish, Louisiana",56347,22,113,2021
"Vernon Parish, Louisiana",53215,22,115,2021
"Washington Parish, Louisiana",39168,22,117,2021
"Webster Parish, Louisiana",31197,22,119,2021
"West Baton Rouge Parish, Louisiana",72391,22,121,2021
"West Carroll Parish, Louisiana",42050,22,123,2021
"West Feliciana Parish, Louisiana",63450,22,125,2021
"Winn Parish, Louisiana",43710,22,127,2021
"Androscoggin County, Maine",59287,23,001,2021
"Aroostook County, Maine",47278,23,003,2021
"Cumberland County, Maine",80679,23,005,2021
"Franklin County, Maine",53607,23,007,2021
"Hancock County, Maine",60354,23,009,2021
"Kennebec County, Maine",58097,23,011,2021
"Knox County, Maine",63399,23,013,2021
"Lincoln County, Maine",62121,23,015,2021
"Oxford County, Maine",51384,23,017,2021
"Penobscot County, Maine",55125,23,019,2021
"Piscataquis County, Maine",46948,23,021,2021
"Sagadahoc County, Maine",73343,23,023,2021
"Somerset County, Maine",47488,23,025,2021
"Waldo County, Maine",59880,23,027,2021
"Washington County, Maine",46689,23,029,2021
"York County, Maine",73856,23,031,2021
"Allegany County, Maryland",51090,24,001,2021
"Anne Arundel County, Maryland",108048,24,003,2021
"Baltimore County, Maryland",81846,24,005,2021
"Calvert County, Maryland",120295,24,009,2021
"Caroline County, Maryland",63027,24,011,2021
"Carroll County, Maryland",104708,24,013,2021
"Cecil County, Maryland",81817,24,015,2021
"Charles County, Maryland",107808,24,017,2021
"Dorchester County, Maryland",55652,24,019,2021
"Frederick County, Maryland",106129,24,021,2021
"Garrett County, Maryland",58011,24,023,2021
"Harford County, Maryland",98495,24,025,2021
"Howard County, Maryland",129549,24,027,2021
"Kent County, Maryland",64451,24,029,2021
"Montgomery County, Maryland",117345,24,031,2021
"Prince George's County, Maryland",91124,24,033,2021
"Queen Anne's County, Maryland",99597,24,035,2021
"St. Mary's County, Maryland",102859,24,037,2021
"Somerset County, Maryland",48661,24,039,2021
"Talbot County, Maryland",79349,24,041,2021
"Washington County, Maryland",67349,24,043,2021
"Wicomico County, Maryland",63610,24,045,2021
"Worcester County, Maryland",71262,24,047,2021
"Baltimore city, Maryland",54124,24,510,2021
"Barnstable County, Massachusetts",82619,25,001,2021
"Berkshire County, Massachusetts",63159,25,003,2021
"Bristol County, Massachusetts",74290,25,005,2021
"Dukes County, Massachusetts",77392,25,007,2021
"Essex County, Massachusetts",86684,25,009,2021
"Franklin County, Massachusetts",64949,25,011,2021
"Hampden County, Massachusetts",61310,25,013,2021
"Hampshire County, Massachusetts",76959,25,015,2021
"Middlesex County, Massachusetts",111790,25,017,2021
"Nantucket County, Massachusetts",116571,25,019,2021
"Norfolk County, Massachusetts",112089,25,021,2021
"Plymouth County, Massachusetts",98190,25,023,2021
"Suffolk County, Massachusetts",80260,25,025,2021
"Worcester County, Massachusetts",81660,25,027,2021
"Alcona County, Michigan",46187,26,001,2021
"Alger County, Michigan",48822,26,003,2021
"Allegan County, Michigan",70269,26,005,2021
"Alpena County, Michigan",44864,26,007,2021
"Antrim County, Michigan",60378,26,009,2021
"Arenac County, Michigan",48989,26,011,2021
"Baraga County, Michigan",45792,26,013,2021
"Barry County, Michigan",68779,26,015,2021
"Bay County, Michigan",52510,26,017,2021
"Benzie County, Michigan",68875,26,019,2021
"Berrien County, Michigan",55893,26,021,2021
"Branch County, Michigan",56077,26,023,2021
"Calhoun County, Michigan",53286,26,025,2021
"Cass County, Michigan",60725,26,027,2021
"Charlevoix County, Michigan",63508,26,029,2021
"Cheboygan County, Michigan",53482,26,031,2021
"Chippewa County, Michigan",53079,26,033,2021
"Clare County, Michigan",43069,26,035,2021
"Clinton County, Michigan",76161,26,037,2021
"Crawford County, Michigan",54240,26,039,2021
"Delta County, Michigan",51117,26,041,2021
"Dickinson County, Michigan",54775,26,043,2021
"Eaton County, Michigan",72173,26,045,2021
"Emmet County, Michigan",63488,26,047,2021
"Genesee County, Michigan",54052,26,049,2021
"Gladwin County, Michigan",48279,26,051,2021
"Gogebic County, Michigan",41948,26,053,2021
"Grand Traverse County, Michigan",69393,26,055,2021
"Gratiot County, Michigan",53347,26,057,2021
"Hillsdale County, Michigan",54110,26,059,2021
"Houghton County, Michigan",48623,26,061,2021
"Huron County, Michigan",51924,26,063,2021
"Ingham County, Michigan",58226,26,065,2021
"Ionia County, Michigan",64436,26,067,2021
"Iosco County, Michigan",44334,26,069,2021
"Iron County, Michigan",45792,26,071,2021
"Isabella County, Michigan",48840,26,073,2021
"Jackson County, Michigan",57746,26,075,2021
"Kalamazoo County, Michigan",61739,26,077,2021
"Kalkaska County, Michigan",50363,26,079,2021
"Kent County, Michigan",69786,26,081,2021
"Keweenaw County, Michigan",54010,26,083,2021
"Lake County, Michigan",40753,26,085,2021
"Lapeer County, Michigan",69194,26,087,2021
"Leelanau County, Michigan",72709,26,089,2021
"Lenawee County, Michigan",60656,26,091,2021
"Livingston County, Michigan",88908,26,093,2021
"Luce County, Michigan",49667,26,095,2021
"Mackinac County, Michigan",52989,26,097,2021
"Macomb County, Michigan",67828,26,099,2021
"Manistee County, Michigan",54428,26,101,2021
"Marquette County, Michigan",57981,26,103,2021
"Mason County, Michigan",55035,26,105,2021
"Mecosta County, Michigan",48440,26,107,2021
"Menominee County, Michigan",52457,26,109,2021
"Midland County, Michigan",67642,26,111,2021
"Missaukee County, Michigan",50695,26,113,2021
"Monroe County, Michigan",68006,26,115,2021
"Montcalm County, Michigan",54803,26,117,2021
"Montmorency County, Michigan",43913,26,119,2021
"Muskegon County, Michigan",57047,26,121,2021
"Newaygo County, Michigan",54235,26,123,2021
"Oakland County, Michigan",86275,26,125,2021
"Oceana County, Michigan",56454,26,127,2021
"Ogemaw County, Michigan",44165,26,129,2021
"Ontonagon County, Michigan",44605,26,131,2021
"Osceola County, Michigan",50722,26,133,2021
"Oscoda County, Michigan",45659,26,135,2021
"Otsego County, Michigan",59330,26,137,2021
"Ottawa County, Michigan",77288,26,139,2021
"Presque Isle County, Michigan",52181,26,141,2021
"Roscommon County, Michigan",46218,26,143,2021
"Saginaw County, Michigan",52749,26,145,2021
"St. Clair County, Michigan",62847,26,147,2021
"St. Joseph County, Michigan",57080,26,149,2021
"Sanilac County, Michigan",52459,26,151,2021
"Schoolcraft County, Michigan",54163,26,153,2021
"Shiawassee County, Michigan",58004,26,155,2021
"Tuscola County, Michigan",55174,26,157,2021
"Van Buren County, Michigan",61549,26,159,2021
"Washtenaw County, Michigan",79198,26,161,2021
"Wayne County, Michigan",52830,26,163,2021
"Wexford County, Michigan",54114,26,165,2021
"Aitkin County, Minnesota",50900,27,001,2021
"Anoka County, Minnesota",88680,27,003,2021
"Becker County, Minnesota",64296,27,005,2021
"Beltrami County, Minnesota",55910,27,007,2021
"Benton County, Minnesota",65529,27,009,2021
"Big Stone County, Minnesota",58095,27,011,2021
"Blue Earth County, Minnesota",65000,27,013,2021
"Brown County, Minnesota",62999,27,015,2021
"Carlton County, Minnesota",68579,27,017,2021
"Carver County, Minnesota",107890,27,019,2021
"Cass County, Minnesota",56487,27,021,2021
"Chippewa County, Minnesota",59051,27,023,2021
"Chisago County, Minnesota",90870,27,025,2021
"Clay County, Minnesota",67984,27,027,2021
"Clearwater County, Minnesota",56605,27,029,2021
"Cook County, Minnesota",65045,27,031,2021
"Cottonwood County, Minnesota",56297,27,033,2021
"Crow Wing County, Minnesota",60810,27,035,2021
"Dakota County, Minnesota",93892,27,037,2021
"Dodge County, Minnesota",84568,27,039,2021
"Douglas County, Minnesota",69069,27,041,2021
"Faribault County, Minnesota",55186,27,043,2021
"Fillmore County, Minnesota",67195,27,045,2021
"Freeborn County, Minnesota",59862,27,047,2021
"Goodhue County, Minnesota",71414,27,049,2021
"Grant County, Minnesota",60781,27,051,2021
"Hennepin County, Minnesota",85438,27,053,2021
"Houston County, Minnesota",62397,27,055,2021
"Hubbard County, Minnesota",63122,27,057,2021
"Isanti County, Minnesota",78687,27,059,2021
"Itasca County, Minnesota",58393,27,061,2021
"Jackson County, Minnesota",64134,27,063,2021
"Kanabec County, Minnesota",60982,27,065,2021
"Kandiyohi County, Minnesota",67798,27,067,2021
"Kittson County, Minnesota",60676,27,069,2021
"Koochiching County, Minnesota",54708,27,071,2021
"Lac qui Parle County, Minnesota",60718,27,073,2021
"Lake County, Minnesota",66828,27,075,2021
"Lake of the Woods County, Minnesota",55913,27,077,2021
"Le Sueur County, Minnesota",80425,27,079,2021
"Lincoln County, Minnesota",58621,27,081,2021
"Lyon County, Minnesota",62388,27,083,2021
"McLeod County, Minnesota",67067,27,085,2021
"Mahnomen County, Minnesota",48021,27,087,2021
"Marshall County, Minnesota",64239,27,089,2021
"Martin County, Minnesota",57002,27,091,2021
"Meeker County, Minnesota",67099,27,093,2021
"Mille Lacs County, Minnesota",61995,27,095,2021
"Morrison County, Minnesota",61873,27,097,2021
"Mower County, Minnesota",60386,27,099,2021
"Murray County, Minnesota",69250,27,101,2021
"Nicollet County, Minnesota",74317,27,103,2021
"Nobles County, Minnesota",57101,27,105,2021
"Norman County, Minnesota",58846,27,107,2021
"Olmsted County, Minnesota",84656,27,109,2021
"Otter Tail County, Minnesota",63587,27,111,2021
"Pennington County, Minnesota",64268,27,113,2021
"Pine County, Minnesota",59840,27,115,2021
"Pipestone County, Minnesota",58288,27,117,2021
"Polk County, Minnesota",61643,27,119,2021
"Pope County, Minnesota",67040,27,121,2021
"Ramsey County, Minnesota",71494,27,123,2021
"Red Lake County, Minnesota",62417,27,125,2021
"Redwood County, Minnesota",59638,27,127,2021
"Renville County, Minnesota",61233,27,129,2021
"Rice County, Minnesota",71384,27,131,2021
"Rock County, Minnesota",68638,27,133,2021
"Roseau County, Minnesota",65651,27,135,2021
"St. Louis County, Minnesota",61213,27,137,2021
"Scott County, Minnesota",109031,27,139,2021
"Sherburne County, Minnesota",92374,27,141,2021
"Sibley County, Minnesota",67412,27,143,2021
"Stearns County, Minnesota",68212,27,145,2021
"Steele County, Minnesota",73468,27,147,2021
"Stevens County, Minnesota",65750,27,149,2021
"Swift County, Minnesota",53664,27,151,2021
"Todd County, Minnesota",58021,27,153,2021
"Traverse County, Minnesota",56667,27,155,2021
"Wabasha County, Minnesota",70603,27,157,2021
"Wadena County, Minnesota",50100,27,159,2021
"Waseca County, Minnesota",66502,27,161,2021
"Washington County, Minnesota",102258,27,163,2021
"Watonwan County, Minnesota",59494,27,165,2021
"Wilkin County, Minnesota",57907,27,167,2021
"Winona County, Minnesota",61753,27,169,2021
"Wright County, Minnesota",94276,27,171,2021
"Yellow Medicine County, Minnesota",65014,27,173,2021
"Adams County, Mississippi",33860,28,001,2021
"Alcorn County, Mississippi",44068,28,003,2021
"Amite County, Mississippi",31367,28,005,2021
"Attala County, Mississippi",36196,28,007,2021
"Benton County, Mississippi",39311,28,009,2021
"Bolivar County, Mississippi",33729,28,011,2021
"Calhoun County, Mississippi",41142,28,013,2021
"Carroll County, Mississippi",46147,28,015,2021
"Chickasaw County, Mississippi",38620,28,017,2021
"Choctaw County, Mississippi",37859,28,019,2021
"Claiborne County, Mississippi",31305,28,021,2021
"Clarke County, Mississippi",40838,28,023,2021
"Clay County, Mississippi",35638,28,025,2021
"Coahoma County, Mississippi",31312,28,027,2021
"Copiah County, Mississippi",46530,28,029,2021
"Covington County, Mississippi",40233,28,031,2021
"DeSoto County, Mississippi",73460,28,033,2021
"Forrest County, Mississippi",45780,28,035,2021
"Franklin County, Mississippi",40479,28,037,2021
"George County, Mississippi",47385,28,039,2021
"Greene County, Mississippi",49581,28,041,2021
"Grenada County, Mississippi",40808,28,043,2021
"Hancock County, Mississippi",58196,28,045,2021
"Harrison County, Mississippi",51590,28,047,2021
"Hinds County, Mississippi",46179,28,049,2021
"Holmes County, Mississippi",24958,28,051,2021
"Humphreys County, Mississippi",30327,28,053,2021
"Issaquena County, Mississippi",17109,28,055,2021
"Itawamba County, Mississippi",53510,28,057,2021
"Jackson County, Mississippi",55107,28,059,2021
"Jasper County, Mississippi",39992,28,061,2021
"Jefferson County, Mississippi",29205,28,063,2021
"Jefferson Davis County, Mississippi",34771,28,065,2021
"Jones County, Mississippi",43659,28,067,2021
"Kemper County, Mississippi",37667,28,069,2021
"Lafayette County, Mississippi",54720,28,071,2021
"Lamar County, Mississippi",63925,28,073,2021
"Lauderdale County, Mississippi",43301,28,075,2021
"Lawrence County, Mississippi",39443,28,077,2021
"Leake County, Mississippi",39660,28,079,2021
"Lee County, Mississippi",60708,28,081,2021
"Leflore County, Mississippi",30182,28,083,2021
"Lincoln County, Mississippi",43926,28,085,2021
"Lowndes County, Mississippi",49660,28,087,2021
"Madison County, Mississippi",74688,28,089,2021
"Marion County, Mississippi",34286,28,091,2021
"Marshall County, Mississippi",42968,28,093,2021
"Monroe County, Mississippi",47353,28,095,2021
"Montgomery County, Mississippi",35903,28,097,2021
"Neshoba County, Mississippi",43416,28,099,2021
"Newton County, Mississippi",44530,28,101,2021
"Noxubee County, Mississippi",38999,28,103,2021
"Oktibbeha County, Mississippi",41094,28,105,2021
"Panola County, Mississippi",39673,28,107,2021
"Pearl River County, Mississippi",53855,28,109,2021
"Perry County, Mississippi",47368,28,111,2021
"Pike County, Mississippi",36308,28,113,2021
"Pontotoc County, Mississippi",52150,28,115,2021
"Prentiss County, Mississippi",46417,28,117,2021
"Quitman County, Mississippi",25783,28,119,2021
"Rankin County, Mississippi",72326,28,121,2021
"Scott County, Mississippi",43022,28,123,2021
"Sharkey County, Mississippi",38977,28,125,2021
"Simpson County, Mississippi",43842,28,127,2021
"Smith County, Mississippi",51792,28,129,2021
"Stone County, Mississippi",50807,28,131,2021
"Sunflower County, Mississippi",32608,28,133,2021
"Tallahatchie County, Mississippi",31484,28,135,2021
"Tate County, Mississippi",54839,28,137,2021
"Tippah County, Mississippi",41506,28,139,2021
"Tishomingo County, Mississippi",40394,28,141,2021
"Tunica County, Mississippi",41176,28,143,2021
"Union County, Mississippi",50543,28,145,2021
"Walthall County, Mississippi",34605,28,147,2021
"Warren County, Mississippi",50686,28,149,2021
"Washington County, Mississippi",34399,28,151,2021
"Wayne County, Mississippi",34766,28,153,2021
"Webster County, Mississippi",53363,28,155,2021
"Wilkinson County, Mississippi",31412,28,157,2021
"Winston County, Mississippi",39725,28,159,2021
"Yalobusha County, Mississippi",44348,28,161,2021
"Yazoo County, Mississippi",40037,28,163,2021
"Adair County, Missouri",46639,29,001,2021
"Andrew County, Missouri",63769,29,003,2021
"Atchison County, Missouri",53867,29,005,2021
"Audrain County, Missouri",47178,29,007,2021
"Barry County, Missouri",49574,29,009,2021
"Barton County, Missouri",45113,29,011,2021
"Bates County, Missouri",52093,29,013,2021
"Benton County, Missouri",45533,29,015,2021
"Bollinger County, Missouri",51250,29,017,2021
"Boone County, Missouri",62653,29,019,2021
"Buchanan County, Missouri",54073,29,021,2021
"Butler County, Missouri",44842,29,023,2021
"Caldwell County, Missouri",54321,29,025,2021
"Callaway County, Missouri",63791,29,027,2021
"Camden County, Missouri",55717,29,029,2021
"Cape Girardeau County, Missouri",59252,29,031,2021
"Carroll County, Missouri",54967,29,033,2021
"Carter County, Missouri",42378,29,035,2021
"Cass County, Missouri",76924,29,037,2021
"Cedar County, Missouri",41211,29,039,2021
"Chariton County, Missouri",56758,29,041,2021
"Christian County, Missouri",69212,29,043,2021
"Clark County, Missouri",45965,29,045,2021
"Clay County, Missouri",75596,29,047,2021
"Clinton County, Missouri",63876,29,049,2021
"Cole County, Missouri",64715,29,051,2021
"Cooper County, Missouri",55711,29,053,2021
"Crawford County, Missouri",46643,29,055,2021
"Dade County, Missouri",43661,29,057,2021
"Dallas County, Missouri",44948,29,059,2021
"Daviess County, Missouri",55750,29,061,2021
"DeKalb County, Missouri",59462,29,063,2021
"Dent County, Missouri",45700,29,065,2021
"Douglas County, Missouri",45125,29,067,2021
"Dunklin County, Missouri",42194,29,069,2021
"Franklin County, Missouri",65263,29,071,2021
"Gasconade County, Missouri",58956,29,073,2021
"Gentry County, Missouri",47746,29,075,2021
"Greene County, Missouri",50682,29,077,2021
"Grundy County, Missouri",49621,29,079,2021
"Harrison County, Missouri",45313,29,081,2021
"Henry County, Missouri",49682,29,083,2021
"Hickory County, Missouri",32132,29,085,2021
"Holt County, Missouri",52500,29,087,2021
"Howard County, Missouri",58596,29,089,2021
"Howell County, Missouri",43200,29,091,2021
"Iron County, Missouri",44717,29,093,2021
"Jackson County, Missouri",60800,29,095,2021
"Jasper County, Missouri",51876,29,097,2021
"Jefferson County, Missouri",71285,29,099,2021
"Johnson County, Missouri",59952,29,101,2021
"Knox County, Missouri",40814,29,103,2021
"Laclede County, Missouri",46968,29,105,2021
"Lafayette County, Missouri",70969,29,107,2021
"Lawrence County, Missouri",46923,29,109,2021
"Lewis County, Missouri",46250,29,111,2021
"Lincoln County, Missouri",76622,29,113,2021
"Linn County, Missouri",54245,29,115,2021
"Livingston County, Missouri",54309,29,117,2021
"McDonald County, Missouri",43086,29,119,2021
"Macon County, Missouri",48583,29,121,2021
"Madison County, Missouri",50529,29,123,2021
"Maries County, Missouri",50434,29,125,2021
"Marion County, Missouri",56213,29,127,2021
"Mercer County, Missouri",52105,29,129,2021
"Miller County, Missouri",47288,29,131,2021
"Mississippi County, Missouri",39127,29,133,2021
"Moniteau County, Missouri",58900,29,135,2021
"Monroe County, Missouri",46441,29,137,2021
"Montgomery County, Missouri",54390,29,139,2021
"Morgan County, Missouri",46078,29,141,2021
"New Madrid County, Missouri",42370,29,143,2021
"Newton County, Missouri",55820,29,145,2021
"Nodaway County, Missouri",47669,29,147,2021
"Oregon County, Missouri",35972,29,149,2021
"Osage County, Missouri",67088,29,151,2021
"Ozark County, Missouri",36402,29,153,2021
"Pemiscot County, Missouri",35865,29,155,2021
"Perry County, Missouri",56832,29,157,2021
"Pettis County, Missouri",51936,29,159,2021
"Phelps County, Missouri",48124,29,161,2021
"Pike County, Missouri",47382,29,163,2021
"Platte County, Missouri",85031,29,165,2021
"Polk County, Missouri",50890,29,167,2021
"Pulaski County, Missouri",59252,29,169,2021
"Putnam County, Missouri",46161,29,171,2021
"Ralls County, Missouri",58829,29,173,2021
"Randolph County, Missouri",51403,29,175,2021
"Ray County, Missouri",67643,29,177,2021
"Reynolds County, Missouri",41925,29,179,2021
"Ripley County, Missouri",36089,29,181,2021
"St. Charles County, Missouri",91792,29,183,2021
"St. Clair County, Missouri",40470,29,185,2021
"Ste. Genevieve County, Missouri",62607,29,186,2021
"St. Francois County, Missouri",50015,29,187,2021
"St. Louis County, Missouri",72562,29,189,2021
"Saline County, Missouri",49705,29,195,2021
"Schuyler County, Missouri",49746,29,197,2021
"Scotland County, Missouri",48705,29,199,2021
"Scott County, Missouri",50556,29,201,2021
"Shannon County, Missouri",41176,29,203,2021
"Shelby County, Missouri",46178,29,205,2021
"Stoddard County, Missouri",46052,29,207,2021
"Stone County, Missouri",54320,29,209,2021
"Sullivan County, Missouri",46964,29,211,2021
"Taney County, Missouri",51031,29,213,2021
"Texas County, Missouri",37994,29,215,2021
"Vernon County, Missouri",49494,29,217,2021
"Warren County, Missouri",68350,29,219,2021
"Washington County, Missouri",44955,29,221,2021
"Wayne County, Missouri",42257,29,223,2021
"Webster County, Missouri",59325,29,225,2021
"Worth County, Missouri",41847,29,227,2021
"Wright County, Missouri",40179,29,229,2021
"St. Louis city, Missouri",48751,29,510,2021
"Beaverhead County, Montana",51048,30,001,2021
"Big Horn County, Montana",49640,30,003,2021
"Blaine County, Montana",50847,30,005,2021
"Broadwater County, Montana",60244,30,007,2021
"Carbon County, Montana",63178,30,009,2021
"Carter County, Montana",41447,30,011,2021
"Cascade County, Montana",56377,30,013,2021
"Chouteau County, Montana",48237,30,015,2021
"Custer County, Montana",55426,30,017,2021
"Daniels County, Montana",54722,30,019,2021
"Dawson County, Montana",57684,30,021,2021
"Deer Lodge County, Montana",44809,30,023,2021
"Fallon County, Montana",83750,30,025,2021
"Fergus County, Montana",52941,30,027,2021
"Flathead County, Montana",63582,30,029,2021
"Gallatin County, Montana",76208,30,031,2021
"Garfield County, Montana",55000,30,033,2021
"Glacier County, Montana",39441,30,035,2021
"Golden Valley County, Montana",46607,30,037,2021
"Granite County, Montana",49077,30,039,2021
"Hill County, Montana",56840,30,041,2021
"Jefferson County, Montana",72500,30,043,2021
"Judith Basin County, Montana",51691,30,045,2021
"Lake County, Montana",53154,30,047,2021
"Lewis and Clark County, Montana",66486,30,049,2021
"Liberty County, Montana",46507,30,051,2021
"Lincoln County, Montana",41922,30,053,2021
"McCone County, Montana",63365,30,055,2021
"Madison County, Montana",56410,30,057,2021
"Meagher County, Montana",51709,30,059,2021
"Mineral County, Montana",50750,30,061,2021
"Missoula County, Montana",61423,30,063,2021
"Musselshell County, Montana",51153,30,065,2021
"Park County, Montana",58510,30,067,2021
"Petroleum County, Montana",54375,30,069,2021
"Phillips County, Montana",50789,30,071,2021
"Pondera County, Montana",55865,30,073,2021
"Powder River County, Montana",55833,30,075,2021
"Powell County, Montana",53111,30,077,2021
"Prairie County, Montana",44500,30,079,2021
"Ravalli County, Montana",59640,30,081,2021
"Richland County, Montana",62530,30,083,2021
"Roosevelt County, Montana",47182,30,085,2021
"Rosebud County, Montana",59339,30,087,2021
"Sanders County, Montana",46848,30,089,2021
"Sheridan County, Montana",58786,30,091,2021
"Silver Bow County, Montana",50331,30,093,2021
"Stillwater County, Montana",72906,30,095,2021
"Sweet Grass County, Montana",59238,30,097,2021
"Teton County, Montana",60431,30,099,2021
"Toole County, Montana",54137,30,101,2021
"Treasure County, Montana",55313,30,103,2021
"Valley County, Montana",53667,30,105,2021
"Wheatland County, Montana",38893,30,107,2021
"Wibaux County, Montana",49000,30,109,2021
"Yellowstone County, Montana",65656,30,111,2021
"Adams County, Nebraska",57783,31,001,2021
"Antelope County, Nebraska",55802,31,003,2021
"Arthur County, Nebraska",59375,31,005,2021
"Banner County, Nebraska",57917,31,007,2021
"Blaine County, Nebraska",49464,31,009,2021
"Boone County, Nebraska",63668,31,011,2021
"Box Butte County, Nebraska",63366,31,013,2021
"Boyd County, Nebraska",54464,31,015,2021
"Brown County, Nebraska",43942,31,017,2021
"Buffalo County, Nebraska",65810,31,019,2021
"Burt County, Nebraska",55769,31,021,2021
"Butler County, Nebraska",64837,31,023,2021
"Cass County, Nebraska",78251,31,025,2021
"Cedar County, Nebraska",69490,31,027,2021
"Chase County, Nebraska",55690,31,029,2021
"Cherry County, Nebraska",57719,31,031,2021
"Cheyenne County, Nebraska",53674,31,033,2021
"Clay County, Nebraska",70690,31,035,2021
"Colfax County, Nebraska",70381,31,037,2021
"Cuming County, Nebraska",63125,31,039,2021
"Custer County, Nebraska",57715,31,041,2021
"Dakota County, Nebraska",63053,31,043,2021
"Dawes County, Nebraska",51925,31,045,2021
"Dawson County, Nebraska",58402,31,047,2021
"Deuel County, Nebraska",50924,31,049,2021
"Dixon County, Nebraska",58849,31,051,2021
"Dodge County, Nebraska",60962,31,053,2021
"Douglas County, Nebraska",70683,31,055,2021
"Dundy County, Nebraska",53696,31,057,2021
"Fillmore County, Nebraska",66410,31,059,2021
"Franklin County, Nebraska",52400,31,061,2021
"Frontier County, Nebraska",59573,31,063,2021
"Furnas County, Nebraska",57284,31,065,2021
"Gage County, Nebraska",55000,31,067,2021
"Garden County, Nebraska",43478,31,069,2021
"Garfield County, Nebraska",57888,31,071,2021
"Gosper County, Nebraska",69886,31,073,2021
"Grant County, Nebraska",56806,31,075,2021
"Greeley County, Nebraska",48472,31,077,2021
"Hall County, Nebraska",60720,31,079,2021
"Hamilton County, Nebraska",71211,31,081,2021
"Harlan County, Nebraska",59432,31,083,2021
"Hayes County, Nebraska",51389,31,085,2021
"Hitchcock County, Nebraska",47025,31,087,2021
"Holt County, Nebraska",60592,31,089,2021
"Hooker County, Nebraska",51333,31,091,2021
"Howard County, Nebraska",64167,31,093,2021
"Jefferson County, Nebraska",51587,31,095,2021
"Johnson County, Nebraska",53696,31,097,2021
"Kearney County, Nebraska",68606,31,099,2021
"Keith County, Nebraska",54303,31,101,2021
"Keya Paha County, Nebraska",54583,31,103,2021
"Kimball County, Nebraska",55428,31,105,2021
"Knox County, Nebraska",58043,31,107,2021
"Lancaster County, Nebraska",65086,31,109,2021
"Lincoln County, Nebraska",61309,31,111,2021
"Logan County, Nebraska",60250,31,113,2021
"Loup County, Nebraska",46667,31,115,2021
"McPherson County, Nebraska",53750,31,117,2021
"Madison County, Nebraska",55375,31,119,2021
"Merrick County, Nebraska",57778,31,121,2021
"Morrill County, Nebraska",50859,31,123,2021
"Nance County, Nebraska",55473,31,125,2021
"Nemaha County, Nebraska",53081,31,127,2021
"Nuckolls County, Nebraska",61667,31,129,2021
"Otoe County, Nebraska",70072,31,131,2021
"Pawnee County, Nebraska",51354,31,133,2021
"Perkins County, Nebraska",57250,31,135,2021
"Phelps County, Nebraska",61606,31,137,2021
"Pierce County, Nebraska",62299,31,139,2021
"Platte County, Nebraska",64105,31,141,2021
"Polk County, Nebraska",66486,31,143,2021
"Red Willow County, Nebraska",53387,31,145,2021
"Richardson County, Nebraska",46085,31,147,2021
"Rock County, Nebraska",55129,31,149,2021
"Saline County, Nebraska",58011,31,151,2021
"Sarpy County, Nebraska",88408,31,153,2021
"Saunders County, Nebraska",76485,31,155,2021
"Scotts Bluff County, Nebraska",56588,31,157,2021
"Seward County, Nebraska",73892,31,159,2021
"Sheridan County, Nebraska",47901,31,161,2021
"Sherman County, Nebraska",57579,31,163,2021
"Sioux County, Nebraska",46769,31,165,2021
"Stanton County, Nebraska",70583,31,167,2021
"Thayer County, Nebraska",56111,31,169,2021
"Thomas County, Nebraska",51696,31,171,2021
"Thurston County, Nebraska",56223,31,173,2021
"Valley County, Nebraska",58015,31,175,2021
"Washington County, Nebraska",83491,31,177,2021
"Wayne County, Nebraska",60971,31,179,2021
"Webster County, Nebraska",56786,31,181,2021
"Wheeler County, Nebraska",51875,31,183,2021
"York County, Nebraska",66337,31,185,2021
"Churchill County, Nevada",61776,32,001,2021
"Clark County, Nevada",64210,32,003,2021
"Douglas County, Nevada",75688,32,005,2021
"Elko County, Nevada",82462,32,007,2021
"Esmeralda County, Nevada",31667,32,009,2021
"Eureka County, Nevada",68307,32,011,2021
"Humboldt County, Nevada",70315,32,013,2021
"Lander County, Nevada",92543,32,015,2021
"Lincoln County, Nevada",62164,32,017,2021
"Lyon County, Nevada",63952,32,019,2021
"Mineral County, Nevada",43009,32,021,2021
"Nye County, Nevada",52570,32,023,2021
"Pershing County, Nevada",62841,32,027,2021
"Storey County, Nevada",66713,32,029,2021
"Washoe County, Nevada",74292,32,031,2021
"White Pine County, Nevada",63590,32,033,2021
"Carson City, Nevada",62217,32,510,2021
"Belknap County, New Hampshire",75035,33,001,2021
"Carroll County, New Hampshire",70873,33,003,2021
"Cheshire County, New Hampshire",69360,33,005,2021
"Coos County, New Hampshire",52054,33,007,2021
"Grafton County, New Hampshire",73755,33,009,2021
"Hillsborough County, New Hampshire",86930,33,011,2021
"Merrimack County, New Hampshire",82457,33,013,2021
"Rockingham County, New Hampshire",101683,33,015,2021
"Strafford County, New Hampshire",76560,33,017,2021
"Sullivan County, New Hampshire",64587,33,019,2021
"Atlantic County, New Jersey",66473,34,001,2021
"Bergen County, New Jersey",109497,34,003,2021
"Burlington County, New Jersey",95935,34,005,2021
"Camden County, New Jersey",75485,34,007,2021
"Cape May County, New Jersey",76237,34,009,2021
"Cumberland County, New Jersey",58397,34,011,2021
"Essex County, New Jersey",67826,34,013,2021
"Gloucester County, New Jersey",93208,34,015,2021
"Hudson County, New Jersey",79795,34,017,2021
"Hunterdon County, New Jersey",123373,34,019,2021
"Mercer County, New Jersey",85687,34,021,2021
"Middlesex County, New Jersey",96883,34,023,2021
"Monmouth County, New Jersey",110356,34,025,2021
"Morris County, New Jersey",123727,34,027,2021
"Ocean County, New Jersey",76644,34,029,2021
"Passaic County, New Jersey",78386,34,031,2021
"Salem County, New Jersey",67898,34,033,2021
"Somerset County, New Jersey",121695,34,035,2021
"Sussex County, New Jersey",101645,34,037,2021
"Union County, New Jersey",87369,34,039,2021
"Warren County, New Jersey",85163,34,041,2021
"Bernalillo County, New Mexico",56920,35,001,2021
"Catron County, New Mexico",37623,35,003,2021
"Chaves County, New Mexico",47620,35,005,2021
"Cibola County, New Mexico",47300,35,006,2021
"Colfax County, New Mexico",39483,35,007,2021
"Curry County, New Mexico",51199,35,009,2021
"De Baca County, New Mexico",32750,35,011,2021
"Doña Ana County, New Mexico",47151,35,013,2021
"Eddy County, New Mexico",67759,35,015,2021
"Grant County, New Mexico",39429,35,017,2021
"Guadalupe County, New Mexico",35409,35,019,2021
"Harding County, New Mexico",35900,35,021,2021
"Hidalgo County, New Mexico",46097,35,023,2021
"Lea County, New Mexico",62319,35,025,2021
"Lincoln County, New Mexico",47247,35,027,2021
"Los Alamos County, New Mexico",123677,35,028,2021
"Luna County, New Mexico",33914,35,029,2021
"McKinley County, New Mexico",40262,35,031,2021
"Mora County, New Mexico",37549,35,033,2021
"Otero County, New Mexico",46949,35,035,2021
"Quay County, New Mexico",33067,35,037,2021
"Rio Arriba County, New Mexico",46994,35,039,2021
"Roosevelt County, New Mexico",47897,35,041,2021
"Sandoval County, New Mexico",68947,35,043,2021
"San Juan County, New Mexico",47485,35,045,2021
"San Miguel County, New Mexico",36492,35,047,2021
"Santa Fe County, New Mexico",64423,35,049,2021
"Sierra County, New Mexico",35939,35,051,2021
"Socorro County, New Mexico",38242,35,053,2021
"Taos County, New Mexico",49481,35,055,2021
"Torrance County, New Mexico",44819,35,057,2021
"Union County, New Mexico",37443,35,059,2021
"Valencia County, New Mexico",53752,35,061,2021
"Albany County, New York",73810,36,001,2021
"Allegany County, New York",54375,36,003,2021
"Bronx County, New York",43726,36,005,2021
"Broome County, New York",53982,36,007,2021
"Cattaraugus County, New York",53537,36,009,2021
"Cayuga County, New York",59602,36,011,2021
"Chautauqua County, New York",50408,36,013,2021
"Chemung County, New York",58175,36,015,2021
"Chenango County, New York",55690,36,017,2021
"Clinton County, New York",62470,36,019,2021
"Columbia County, New York",73065,36,021,2021
"Cortland County, New York",62163,36,023,2021
"Delaware County, New York",52757,36,025,2021
"Dutchess County, New York",87112,36,027,2021
"Erie County, New York",62578,36,029,2021
"Essex County, New York",61563,36,031,2021
"Franklin County, New York",55279,36,033,2021
"Fulton County, New York",55240,36,035,2021
"Genesee County, New York",63734,36,037,2021
"Greene County, New York",62810,36,039,2021
"Hamilton County, New York",62841,36,041,2021
"Herkimer County, New York",60561,36,043,2021
"Jefferson County, New York",58271,36,045,2021
"Kings County, New York",67753,36,047,2021
"Lewis County, New York",60049,36,049,2021
"Livingston County, New York",64467,36,051,2021
"Madison County, New York",63312,36,053,2021
"Monroe County, New York",66317,36,055,2021
"Montgomery County, New York",53533,36,057,2021
"Nassau County, New York",126576,36,059,2021
"New York County, New York",93956,36,061,2021
"Niagara County, New York",60834,36,063,2021
"Oneida County, New York",61733,36,065,2021
"Onondaga County, New York",66012,36,067,2021
"Ontario County, New York",70694,36,069,2021
"Orange County, New York",85640,36,071,2021
"Orleans County, New York",54882,36,073,2021
"Oswego County, New York",61983,36,075,2021
"Otsego County, New York",60523,36,077,2021
"Putnam County, New York",111617,36,079,2021
"Queens County, New York",75886,36,081,2021
"Rensselaer County, New York",76731,36,083,2021
"Richmond County, New York",89427,36,085,2021
"Rockland County, New York",99707,36,087,2021
"St. Lawrence County, New York",54351,36,089,2021
"Saratoga County, New York",90800,36,091,2021
"Schenectady County, New York",69891,36,093,2021
"Schoharie County, New York",64220,36,095,2021
"Schuyler County, New York",56437,36,097,2021
"Seneca County, New York",59086,36,099,2021
"Steuben County, New York",58652,36,101,2021
"Suffolk County, New York",111660,36,103,2021
"Sullivan County, New York",63393,36,105,2021
"Tioga County, New York",64987,36,107,2021
"Tompkins County, New York",64260,36,109,2021
"Ulster County, New York",71040,36,111,2021
"Warren County, New York",68765,36,113,2021
"Washington County, New York",63869,36,115,2021
"Wayne County, New York",64152,36,117,2021
"Westchester County, New York",105387,36,119,2021
"Wyoming County, New York",60013,36,121,2021
"Yates County, New York",57635,36,123,2021
"Alamance County, North Carolina",55078,37,001,2021
"Alexander County, North Carolina",55041,37,003,2021
"Alleghany County, North Carolina",38930,37,005,2021
"Anson County, North Carolina",39862,37,007,2021
"Ashe County, North Carolina",43938,37,009,2021
"Avery County, North Carolina",46383,37,011,2021
"Beaufort County, North Carolina",51894,37,013,2021
"Bertie County, North Carolina",37571,37,015,2021
"Bladen County, North Carolina",39259,37,017,2021
"Brunswick County, North Carolina",64400,37,019,2021
"Buncombe County, North Carolina",59699,37,021,2021
"Burke County, North Carolina",48142,37,023,2021
"Cabarrus County, North Carolina",75765,37,025,2021
"Caldwell County, North Carolina",48549,37,027,2021
"Camden County, North Carolina",68560,37,029,2021
"Carteret County, North Carolina",61805,37,031,2021
"Caswell County, North Carolina",53279,37,033,2021
"Catawba County, North Carolina",57840,37,035,2021
"Chatham County, North Carolina",76791,37,037,2021
"Cherokee County, North Carolina",43319,37,039,2021
"Chowan County, North Carolina",46288,37,041,2021
"Clay County, North Carolina",47155,37,043,2021
"Cleveland County, North Carolina",45646,37,045,2021
"Columbus County, North Carolina",40562,37,047,2021
"Craven County, North Carolina",56325,37,049,2021
"Cumberland County, North Carolina",50746,37,051,2021
"Currituck County, North Carolina",79416,37,053,2021
"Dare County, North Carolina",69500,37,055,2021
"Davidson County, North Carolina",53083,37,057,2021
"Davie County, North Carolina",64657,37,059,2021
"Duplin County, North Carolina",45744,37,061,2021
"Durham County, North Carolina",67000,37,063,2021
"Edgecombe County, North Carolina",41974,37,065,2021
"Forsyth County, North Carolina",56830,37,067,2021
"Franklin County, North Carolina",62332,37,069,2021
"Gaston County, North Carolina",56819,37,071,2021
"Gates County, North Carolina",51599,37,073,2021
"Graham County, North Carolina",41977,37,075,2021
"Granville County, North Carolina",60606,37,077,2021
"Greene County, North Carolina",45766,37,079,2021
"Guilford County, North Carolina",58646,37,081,2021
"Halifax County, North Carolina",37832,37,083,2021
"Harnett County, North Carolina",59676,37,085,2021
"Haywood County, North Carolina",52063,37,087,2021
"Henderson County, North Carolina",59928,37,089,2021
"Hertford County, North Carolina",43523,37,091,2021
"Hoke County, North Carolina",53456,37,093,2021
"Hyde County, North Carolina",48577,37,095,2021
"Iredell County, North Carolina",66824,37,097,2021
"Jackson County, North Carolina",47989,37,099,2021
"Johnston County, North Carolina",66026,37,101,2021
"Jones County, North Carolina",42401,37,103,2021
"Lee County, North Carolina",57674,37,105,2021
"Lenoir County, North Carolina",41092,37,107,2021
"Lincoln County, North Carolina",65399,37,109,2021
"McDowell County, North Carolina",50615,37,111,2021
"Macon County, North Carolina",48169,37,113,2021
"Madison County, North Carolina",51396,37,115,2021
"Martin County, North Carolina",41798,37,117,2021
"Mecklenburg County, North Carolina",73124,37,119,2021
"Mitchell County, North Carolina",48320,37,121,2021
"Montgomery County, North Carolina",50618,37,123,2021
"Moore County, North Carolina",67440,37,125,2021
"Nash County, North Carolina",52837,37,127,2021
"New Hanover County, North Carolina",62362,37,129,2021
"Northampton County, North Carolina",39764,37,131,2021
"Onslow County, North Carolina",54732,37,133,2021
"Orange County, North Carolina",79205,37,135,2021
"Pamlico County, North Carolina",52124,37,137,2021
"Pasquotank County, North Carolina",56510,37,139,2021
"Pender County, North Carolina",65681,37,141,2021
"Perquimans County, North Carolina",53138,37,143,2021
"Person County, North Carolina",55759,37,145,2021
"Pitt County, North Carolina",50422,37,147,2021
"Polk County, North Carolina",55058,37,149,2021
"Randolph County, North Carolina",51598,37,151,2021
"Richmond County, North Carolina",38926,37,153,2021
"Robeson County, North Carolina",36736,37,155,2021
"Rockingham County, North Carolina",46993,37,157,2021
"Rowan County, North Carolina",53600,37,159,2021
"Rutherford County, North Carolina",45500,37,161,2021
"Sampson County, North Carolina",45127,37,163,2021
"Scotland County, North Carolina",39866,37,165,2021
"Stanly County, North Carolina",56462,37,167,2021
"Stokes County, North Carolina",52637,37,169,2021
"Surry County, North Carolina",50881,37,171,2021
"Swain County, North Carolina",48608,37,173,2021
"Transylvania County, North Carolina",57830,37,175,2021
"Tyrrell County, North Carolina",40938,37,177,2021
"Union County, North Carolina",88465,37,179,2021
"Vance County, North Carolina",45243,37,181,2021
"Wake County, North Carolina",88471,37,183,2021
"Warren County, North Carolina",39588,37,185,2021
"Washington County, North Carolina",32937,37,187,2021
"Watauga County, North Carolina",48786,37,189,2021
"Wayne County, North Carolina",49488,37,191,2021
"Wilkes County, North Carolina",46079,37,193,2021
"Wilson County, North Carolina",47348,37,195,2021
"Yadkin County, North Carolina",51348,37,197,2021
"Yancey County, North Carolina",45324,37,199,2021
"Adams County, North Dakota",52896,38,001,2021
"Barnes County, North Dakota",64016,38,003,2021
"Benson County, North Dakota",54375,38,005,2021
"Billings County, North Dakota",71375,38,007,2021
"Bottineau County, North Dakota",68095,38,009,2021
"Bowman County, North Dakota",76447,38,011,2021
"Burke County, North Dakota",97802,38,013,2021
"Burleigh County, North Dakota",76043,38,015,2021
"Cass County, North Dakota",68718,38,017,2021
"Cavalier County, North Dakota",60284,38,019,2021
"Dickey County, North Dakota",58267,38,021,2021
"Divide County, North Dakota",83438,38,023,2021
"Dunn County, North Dakota",84459,38,025,2021
"Eddy County, North Dakota",44958,38,027,2021
"Emmons County, North Dakota",56713,38,029,2021
"Foster County, North Dakota",71250,38,031,2021
"Golden Valley County, North Dakota",83295,38,033,2021
"Grand Forks County, North Dakota",57213,38,035,2021
"Grant County, North Dakota",57200,38,037,2021
"Griggs County, North Dakota",64196,38,039,2021
"Hettinger County, North Dakota",62865,38,041,2021
"Kidder County, North Dakota",52419,38,043,2021
"LaMoure County, North Dakota",63594,38,045,2021
"Logan County, North Dakota",53929,38,047,2021
"McHenry County, North Dakota",71612,38,049,2021
"McIntosh County, North Dakota",58056,38,051,2021
"McKenzie County, North Dakota",78442,38,053,2021
"McLean County, North Dakota",72324,38,055,2021
"Mercer County, North Dakota",78547,38,057,2021
"Morton County, North Dakota",75177,38,059,2021
"Mountrail County, North Dakota",76520,38,061,2021
"Nelson County, North Dakota",56724,38,063,2021
"Oliver County, North Dakota",64148,38,065,2021
"Pembina County, North Dakota",61795,38,067,2021
"Pierce County, North Dakota",59803,38,069,2021
"Ramsey County, North Dakota",55534,38,071,2021
"Ransom County, North Dakota",67480,38,073,2021
"Renville County, North Dakota",71218,38,075,2021
"Richland County, North Dakota",62481,38,077,2021
"Rolette County, North Dakota",49434,38,079,2021
"Sargent County, North Dakota",67467,38,081,2021
"Sheridan County, North Dakota",61125,38,083,2021
"Sioux County, North Dakota",39755,38,085,2021
"Slope County, North Dakota",67614,38,087,2021
"Stark County, North Dakota",70364,38,089,2021
"Steele County, North Dakota",81354,38,091,2021
"Stutsman County, North Dakota",54652,38,093,2021
"Towner County, North Dakota",51912,38,095,2021
"Traill County, North Dakota",73113,38,097,2021
"Walsh County, North Dakota",59368,38,099,2021
"Ward County, North Dakota",72227,38,101,2021
"Wells County, North Dakota",58932,38,103,2021
"Williams County, North Dakota",80142,38,105,2021
"Adams County, Ohio",44467,39,001,2021
"Allen County, Ohio",55114,39,003,2021
"Ashland County, Ohio",58168,39,005,2021
"Ashtabula County, Ohio",49680,39,007,2021
"Athens County, Ohio",47061,39,009,2021
"Auglaize County, Ohio",69315,39,011,2021
"Belmont County, Ohio",54191,39,013,2021
"Brown County, Ohio",59766,39,015,2021
"Butler County, Ohio",72281,39,017,2021
"Carroll County, Ohio",55954,39,019,2021
"Champaign County, Ohio",62865,39,021,2021
"Clark County, Ohio",54869,39,023,2021
"Clermont County, Ohio",73013,39,025,2021
"Clinton County, Ohio",57409,39,027,2021
"Columbiana County, Ohio",51664,39,029,2021
"Coshocton County, Ohio",49297,39,031,2021
"Crawford County, Ohio",48449,39,033,2021
"Cuyahoga County, Ohio",55109,39,035,2021
"Darke County, Ohio",57440,39,037,2021
"Defiance County, Ohio",65779,39,039,2021
"Delaware County, Ohio",116284,39,041,2021
"Erie County, Ohio",60149,39,043,2021
"Fairfield County, Ohio",77241,39,045,2021
"Fayette County, Ohio",52964,39,047,2021
"Franklin County, Ohio",65999,39,049,2021
"Fulton County, Ohio",65418,39,051,2021
"Gallia County, Ohio",50773,39,053,2021
"Geauga County, Ohio",90285,39,055,2021
"Greene County, Ohio",75901,39,057,2021
"Guernsey County, Ohio",48434,39,059,2021
"Hamilton County, Ohio",63080,39,061,2021
"Hancock County, Ohio",60828,39,063,2021
"Hardin County, Ohio",52112,39,065,2021
"Harrison County, Ohio",51993,39,067,2021
"Henry County, Ohio",64513,39,069,2021
"Highland County, Ohio",52376,39,071,2021
"Hocking County, Ohio",56755,39,073,2021
"Holmes County, Ohio",69454,39,075,2021
"Huron County, Ohio",59049,39,077,2021
"Jackson County, Ohio",50983,39,079,2021
"Jefferson County, Ohio",49211,39,081,2021
"Knox County, Ohio",64439,39,083,2021
"Lake County, Ohio",70168,39,085,2021
"Lawrence County, Ohio",48947,39,087,2021
"Licking County, Ohio",72771,39,089,2021
"Logan County, Ohio",64196,39,091,2021
"Lorain County, Ohio",62390,39,093,2021
"Lucas County, Ohio",53176,39,095,2021
"Madison County, Ohio",72811,39,097,2021
"Mahoning County, Ohio",50750,39,099,2021
"Marion County, Ohio",51144,39,101,2021
"Medina County, Ohio",82894,39,103,2021
"Meigs County, Ohio",44113,39,105,2021
"Mercer County, Ohio",68692,39,107,2021
"Miami County, Ohio",66284,39,109,2021
"Monroe County, Ohio",50503,39,111,2021
"Montgomery County, Ohio",56543,39,113,2021
"Morgan County, Ohio",44848,39,115,2021
"Morrow County, Ohio",63411,39,117,2021
"Muskingum County, Ohio",52224,39,119,2021
"Noble County, Ohio",46144,39,121,2021
"Ottawa County, Ohio",64463,39,123,2021
"Paulding County, Ohio",59987,39,125,2021
"Perry County, Ohio",58616,39,127,2021
"Pickaway County, Ohio",63629,39,129,2021
"Pike County, Ohio",44961,39,131,2021
"Portage County, Ohio",64163,39,133,2021
"Preble County, Ohio",60527,39,135,2021
"Putnam County, Ohio",73122,39,137,2021
"Richland County, Ohio",52605,39,139,2021
"Ross County, Ohio",54004,39,141,2021
"Sandusky County, Ohio",56414,39,143,2021
"Scioto County, Ohio",43266,39,145,2021
"Seneca County, Ohio",56043,39,147,2021
"Shelby County, Ohio",66536,39,149,2021
"Stark County, Ohio",58170,39,151,2021
"Summit County, Ohio",63111,39,153,2021
"Trumbull County, Ohio",50258,39,155,2021
"Tuscarawas County, Ohio",57545,39,157,2021
"Union County, Ohio",96634,39,159,2021
"Van Wert County, Ohio",59210,39,161,2021
"Vinton County, Ohio",46653,39,163,2021
"Warren County, Ohio",95709,39,165,2021
"Washington County, Ohio",54167,39,167,2021
"Wayne County, Ohio",64594,39,169,2021
"Williams County, Ohio",55030,39,171,2021
"Wood County, Ohio",66337,39,173,2021
"Wyandot County, Ohio",61626,39,175,2021
"Adair County, Oklahoma",37940,40,001,2021
"Alfalfa County, Oklahoma",66552,40,003,2021
"Atoka County, Oklahoma",45148,40,005,2021
"Beaver County, Oklahoma",60152,40,007,2021
"Beckham County, Oklahoma",50365,40,009,2021
"Blaine County, Oklahoma",52538,40,011,2021
"Bryan County, Oklahoma",49225,40,013,2021
"Caddo County, Oklahoma",47566,40,015,2021
"Canadian County, Oklahoma",76973,40,017,2021
"Carter County, Oklahoma",52906,40,019,2021
"Cherokee County, Oklahoma",47421,40,021,2021
"Choctaw County, Oklahoma",38854,40,023,2021
"Cimarron County, Oklahoma",50350,40,025,2021
"Cleveland County, Oklahoma",67068,40,027,2021
"Coal County, Oklahoma",43697,40,029,2021
"Comanche County, Oklahoma",54483,40,031,2021
"Cotton County, Oklahoma",54787,40,033,2021
"Craig County, Oklahoma",45094,40,035,2021
"Creek County, Oklahoma",56384,40,037,2021
"Custer County, Oklahoma",55074,40,039,2021
"Delaware County, Oklahoma",46588,40,041,2021
"Dewey County, Oklahoma",53672,40,043,2021
"Ellis County, Oklahoma",52250,40,045,2021
"Garfield County, Oklahoma",60732,40,047,2021
"Garvin County, Oklahoma",50441,40,049,2021
"Grady County, Oklahoma",68925,40,051,2021
"Grant County, Oklahoma",54150,40,053,2021
"Greer County, Oklahoma",49203,40,055,2021
"Harmon County, Oklahoma",55369,40,057,2021
"Harper County, Oklahoma",51481,40,059,2021
"Haskell County, Oklahoma",43622,40,061,2021
"Hughes County, Oklahoma",42425,40,063,2021
"Jackson County, Oklahoma",55551,40,065,2021
"Jefferson County, Oklahoma",43438,40,067,2021
"Johnston County, Oklahoma",46754,40,069,2021
"Kay County, Oklahoma",50391,40,071,2021
"Kingfisher County, Oklahoma",61657,40,073,2021
"Kiowa County, Oklahoma",36985,40,075,2021
"Latimer County, Oklahoma",39939,40,077,2021
"Le Flore County, Oklahoma",43049,40,079,2021
"Lincoln County, Oklahoma",54578,40,081,2021
"Logan County, Oklahoma",74744,40,083,2021
"Love County, Oklahoma",55568,40,085,2021
"McClain County, Oklahoma",73914,40,087,2021
"McCurtain County, Oklahoma",43435,40,089,2021
"McIntosh County, Oklahoma",40792,40,091,2021
"Major County, Oklahoma",60025,40,093,2021
"Marshall County, Oklahoma",51345,40,095,2021
"Mayes County, Oklahoma",52956,40,097,2021
"Murray County, Oklahoma",54160,40,099,2021
"Muskogee County, Oklahoma",44166,40,101,2021
"Noble County, Oklahoma",62910,40,103,2021
"Nowata County, Oklahoma",46786,40,105,2021
"Okfuskee County, Oklahoma",43000,40,107,2021
"Oklahoma County, Oklahoma",58239,40,109,2021
"Okmulgee County, Oklahoma",48689,40,111,2021
"Osage County, Oklahoma",54036,40,113,2021
"Ottawa County, Oklahoma",42311,40,115,2021
"Pawnee County, Oklahoma",53084,40,117,2021
"Payne County, Oklahoma",43686,40,119,2021
"Pittsburg County, Oklahoma",49669,40,121,2021
"Pontotoc County, Oklahoma",55862,40,123,2021
"Pottawatomie County, Oklahoma",54896,40,125,2021
"Pushmataha County, Oklahoma",40721,40,127,2021
"Roger Mills County, Oklahoma",58385,40,129,2021
"Rogers County, Oklahoma",69322,40,131,2021
"Seminole County, Oklahoma",40190,40,133,2021
"Sequoyah County, Oklahoma",43496,40,135,2021
"Stephens County, Oklahoma",53470,40,137,2021
"Texas County, Oklahoma",50781,40,139,2021
"Tillman County, Oklahoma",41138,40,141,2021
"Tulsa County, Oklahoma",60382,40,143,2021
"Wagoner County, Oklahoma",68906,40,145,2021
"Washington County, Oklahoma",55216,40,147,2021
"Washita County, Oklahoma",55750,40,149,2021
"Woods County, Oklahoma",55933,40,151,2021
"Woodward County, Oklahoma",55700,40,153,2021
"Baker County, Oregon",46922,41,001,2021
"Benton County, Oregon",68732,41,003,2021
"Clackamas County, Oregon",88517,41,005,2021
"Clatsop County, Oregon",61846,41,007,2021
"Columbia County, Oregon",73909,41,009,2021
"Coos County, Oregon",52548,41,011,2021
"Crook County, Oregon",64820,41,013,2021
"Curry County, Oregon",57553,41,015,2021
"Deschutes County, Oregon",74082,41,017,2021
"Douglas County, Oregon",52479,41,019,2021
"Gilliam County, Oregon",51705,41,021,2021
"Grant County, Oregon",51100,41,023,2021
"Harney County, Oregon",42095,41,025,2021
"Hood River County, Oregon",77815,41,027,2021
"Jackson County, Oregon",61020,41,029,2021
"Jefferson County, Oregon",59748,41,031,2021
"Josephine County, Oregon",51733,41,033,2021
"Klamath County, Oregon",50790,41,035,2021
"Lake County, Oregon",50685,41,037,2021
"Lane County, Oregon",59016,41,039,2021
"Lincoln County, Oregon",54961,41,041,2021
"Linn County, Oregon",63313,41,043,2021
"Malheur County, Oregon",47906,41,045,2021
"Marion County, Oregon",64880,41,047,2021
"Morrow County, Oregon",61659,41,049,2021
"Multnomah County, Oregon",76290,41,051,2021
"Polk County, Oregon",70238,41,053,2021
"Sherman County, Oregon",53606,41,055,2021
"Tillamook County, Oregon",55730,41,057,2021
"Umatilla County, Oregon",63123,41,059,2021
"Union County, Oregon",55227,41,061,2021
"Wallowa County, Oregon",57891,41,063,2021
"Wasco County, Oregon",57853,41,065,2021
"Washington County, Oregon",92025,41,067,2021
"Wheeler County, Oregon",46648,41,069,2021
"Yamhill County, Oregon",73409,41,071,2021
"Adams County, Pennsylvania",72492,42,001,2021
"Allegheny County, Pennsylvania",66659,42,003,2021
"Armstrong County, Pennsylvania",56838,42,005,2021
"Beaver County, Pennsylvania",62152,42,007,2021
"Bedford County, Pennsylvania",54596,42,009,2021
"Berks County, Pennsylvania",69272,42,011,2021
"Blair County, Pennsylvania",54368,42,013,2021
"Bradford County, Pennsylvania",54383,42,015,2021
"Bucks County, Pennsylvania",99302,42,017,2021
"Butler County, Pennsylvania",77065,42,019,2021
"Cambria County, Pennsylvania",51018,42,021,2021
"Cameron County, Pennsylvania",43615,42,023,2021
"Carbon County, Pennsylvania",59289,42,025,2021
"Centre County, Pennsylvania",64995,42,027,2021
"Chester County, Pennsylvania",109969,42,029,2021
"Clarion County, Pennsylvania",53096,42,031,2021
"Clearfield County, Pennsylvania",52826,42,033,2021
"Clinton County, Pennsylvania",53792,42,035,2021
"Columbia County, Pennsylvania",55572,42,037,2021
"Crawford County, Pennsylvania",55042,42,039,2021
"Cumberland County, Pennsylvania",77001,42,041,2021
"Dauphin County, Pennsylvania",66480,42,043,2021
"Delaware County, Pennsylvania",80398,42,045,2021
"Elk County, Pennsylvania",57551,42,047,2021
"Erie County, Pennsylvania",55949,42,049,2021
"Fayette County, Pennsylvania",51321,42,051,2021
"Forest County, Pennsylvania",43958,42,053,2021
"Franklin County, Pennsylvania",66329,42,055,2021
"Fulton County, Pennsylvania",58343,42,057,2021
"Greene County, Pennsylvania",57497,42,059,2021
"Huntingdon County, Pennsylvania",57055,42,061,2021
"Indiana County, Pennsylvania",52546,42,063,2021
"Jefferson County, Pennsylvania",52815,42,065,2021
"Juniata County, Pennsylvania",56382,42,067,2021
"Lackawanna County, Pennsylvania",58366,42,069,2021
"Lancaster County, Pennsylvania",73688,42,071,2021
"Lawrence County, Pennsylvania",53106,42,073,2021
"Lebanon County, Pennsylvania",66164,42,075,2021
"Lehigh County, Pennsylvania",69440,42,077,2021
"Luzerne County, Pennsylvania",56534,42,079,2021
"Lycoming County, Pennsylvania",58177,42,081,2021
"McKean County, Pennsylvania",52350,42,083,2021
"Mercer County, Pennsylvania",52810,42,085,2021
"Mifflin County, Pennsylvania",54738,42,087,2021
"Monroe County, Pennsylvania",72679,42,089,2021
"Montgomery County, Pennsylvania",99361,42,091,2021
"Montour County, Pennsylvania",64858,42,093,2021
"Northampton County, Pennsylvania",77103,42,095,2021
"Northumberland County, Pennsylvania",51005,42,097,2021
"Perry County, Pennsylvania",72922,42,099,2021
"Philadelphia County, Pennsylvania",52649,42,101,2021
"Pike County, Pennsylvania",71360,42,103,2021
"Potter County, Pennsylvania",50944,42,105,2021
"Schuylkill County, Pennsylvania",57785,42,107,2021
"Snyder County, Pennsylvania",62951,42,109,2021
"Somerset County, Pennsylvania",54332,42,111,2021
"Sullivan County, Pennsylvania",54074,42,113,2021
"Susquehanna County, Pennsylvania",59391,42,115,2021
"Tioga County, Pennsylvania",54671,42,117,2021
"Union County, Pennsylvania",61807,42,119,2021
"Venango County, Pennsylvania",55899,42,121,2021
"Warren County, Pennsylvania",55796,42,123,2021
"Washington County, Pennsylvania",68787,42,125,2021
"Wayne County, Pennsylvania",56744,42,127,2021
"Westmoreland County, Pennsylvania",64708,42,129,2021
"Wyoming County, Pennsylvania",62795,42,131,2021
"York County, Pennsylvania",72543,42,133,2021
"Bristol County, Rhode Island",95102,44,001,2021
"Kent County, Rhode Island",79880,44,003,2021
"Newport County, Rhode Island",90435,44,005,2021
"Providence County, Rhode Island",65797,44,007,2021
"Washington County, Rhode Island",92001,44,009,2021
"Abbeville County, South Carolina",45710,45,001,2021
"Aiken County, South Carolina",57572,45,003,2021
"Allendale County, South Carolina",31800,45,005,2021
"Anderson County, South Carolina",56796,45,007,2021
"Bamberg County, South Carolina",44408,45,009,2021
"Barnwell County, South Carolina",38237,45,011,2021
"Beaufort County, South Carolina",74199,45,013,2021
"Berkeley County, South Carolina",70786,45,015,2021
"Calhoun County, South Carolina",52491,45,017,2021
"Charleston County, South Carolina",70807,45,019,2021
"Cherokee County, South Carolina",41330,45,021,2021
"Chester County, South Carolina",46441,45,023,2021
"Chesterfield County, South Carolina",45046,45,025,2021
"Clarendon County, South Carolina",45542,45,027,2021
"Colleton County, South Carolina",41419,45,029,2021
"Darlington County, South Carolina",40704,45,031,2021
"Dillon County, South Carolina",39780,45,033,2021
"Dorchester County, South Carolina",68046,45,035,2021
"Edgefield County, South Carolina",55183,45,037,2021
"Fairfield County, South Carolina",41755,45,039,2021
"Florence County, South Carolina",51902,45,041,2021
"Georgetown County, South Carolina",55719,45,043,2021
"Greenville County, South Carolina",65513,45,045,2021
"Greenwood County, South Carolina",44513,45,047,2021
"Hampton County, South Carolina",38298,45,049,2021
"Horry County, South Carolina",54688,45,051,2021
"Jasper County, South Carolina",47811,45,053,2021
"Kershaw County, South Carolina",56449,45,055,2021
"Lancaster County, South Carolina",67407,45,057,2021
"Laurens County, South Carolina",46754,45,059,2021
"Lee County, South Carolina",36195,45,061,2021
"Lexington County, South Carolina",65623,45,063,2021
"McCormick County, South Carolina",53193,45,065,2021
"Marion County, South Carolina",34465,45,067,2021
"Marlboro County, South Carolina",32136,45,069,2021
"Newberry County, South Carolina",50950,45,071,2021
"Oconee County, South Carolina",52842,45,073,2021
"Orangeburg County, South Carolina",38052,45,075,2021
"Pickens County, South Carolina",53188,45,077,2021
"Richland County, South Carolina",56137,45,079,2021
"Saluda County, South Carolina",46451,45,081,2021
"Spartanburg County, South Carolina",57627,45,083,2021
"Sumter County, South Carolina",49040,45,085,2021
"Union County, South Carolina",40048,45,087,2021
"Williamsburg County, South Carolina",40124,45,089,2021
"York County, South Carolina",72234,45,091,2021
"Aurora County, South Dakota",64960,46,003,2021
"Beadle County, South Dakota",56692,46,005,2021
"Bennett County, South Dakota",40664,46,007,2021
"Bon Homme County, South Dakota",53575,46,009,2021
"Brookings County, South Dakota",59178,46,011,2021
"Brown County, South Dakota",63805,46,013,2021
"Brule County, South Dakota",60857,46,015,2021
"Buffalo County, South Dakota",38523,46,017,2021
"Butte County, South Dakota",48941,46,019,2021
"Campbell County, South Dakota",58026,46,021,2021
"Charles Mix County, South Dakota",52981,46,023,2021
"Clark County, South Dakota",54473,46,025,2021
"Clay County, South Dakota",56077,46,027,2021
"Codington County, South Dakota",61496,46,029,2021
"Corson County, South Dakota",38281,46,031,2021
"Custer County, South Dakota",68736,46,033,2021
"Davison County, South Dakota",50900,46,035,2021
"Day County, South Dakota",52775,46,037,2021
"Deuel County, South Dakota",70808,46,039,2021
"Dewey County, South Dakota",46087,46,041,2021
"Douglas County, South Dakota",66750,46,043,2021
"Edmunds County, South Dakota",69732,46,045,2021
"Fall River County, South Dakota",51007,46,047,2021
"Faulk County, South Dakota",53056,46,049,2021
"Grant County, South Dakota",70483,46,051,2021
"Gregory County, South Dakota",44654,46,053,2021
"Haakon County, South Dakota",51016,46,055,2021
"Hamlin County, South Dakota",71923,46,057,2021
"Hand County, South Dakota",61121,46,059,2021
"Hanson County, South Dakota",75132,46,061,2021
"Harding County, South Dakota",64250,46,063,2021
"Hughes County, South Dakota",77725,46,065,2021
"Hutchinson County, South Dakota",62448,46,067,2021
"Hyde County, South Dakota",66328,46,069,2021
"Jackson County, South Dakota",25357,46,071,2021
"Jerauld County, South Dakota",58375,46,073,2021
"Jones County, South Dakota",52321,46,075,2021
"Kingsbury County, South Dakota",62634,46,077,2021
"Lake County, South Dakota",67297,46,079,2021
"Lawrence County, South Dakota",56166,46,081,2021
"Lincoln County, South Dakota",87560,46,083,2021
"Lyman County, South Dakota",55977,46,085,2021
"McCook County, South Dakota",72063,46,087,2021
"McPherson County, South Dakota",54324,46,089,2021
"Marshall County, South Dakota",69236,46,091,2021
"Meade County, South Dakota",68242,46,093,2021
"Mellette County, South Dakota",35726,46,095,2021
"Miner County, South Dakota",56351,46,097,2021
"Minnehaha County, South Dakota",66502,46,099,2021
"Moody County, South Dakota",66000,46,101,2021
"Oglala Lakota County, South Dakota",33192,46,102,2021
"Pennington County, South Dakota",62546,46,103,2021
"Perkins County, South Dakota",59432,46,105,2021
"Potter County, South Dakota",59408,46,107,2021
"Roberts County, South Dakota",53618,46,109,2021
"Sanborn County, South Dakota",58409,46,111,2021
"Spink County, South Dakota",63802,46,115,2021
"Stanley County, South Dakota",76402,46,117,2021
"Sully County, South Dakota",59688,46,119,2021
"Todd County, South Dakota",26250,46,121,2021
"Tripp County, South Dakota",52274,46,123,2021
"Turner County, South Dakota",66199,46,125,2021
"Union County, South Dakota",80238,46,127,2021
"Walworth County, South Dakota",51746,46,129,2021
"Yankton County, South Dakota",67052,46,135,2021
"Ziebach County, South Dakota",38750,46,137,2021
"Anderson County, Tennessee",55414,47,001,2021
"Bedford County, Tennessee",55354,47,003,2021
"Benton County, Tennessee",40258,47,005,2021
"Bledsoe County, Tennessee",51884,47,007,2021
"Blount County, Tennessee",64593,47,009,2021
"Bradley County, Tennessee",55426,47,011,2021
"Campbell County, Tennessee",46110,47,013,2021
"Cannon County, Tennessee",54223,47,015,2021
"Carroll County, Tennessee",44794,47,017,2021
"Carter County, Tennessee",44280,47,019,2021
"Cheatham County, Tennessee",69132,47,021,2021
"Chester County, Tennessee",52692,47,023,2021
"Claiborne County, Tennessee",41938,47,025,2021
"Clay County, Tennessee",38709,47,027,2021
"Cocke County, Tennessee",41558,47,029,2021
"Coffee County, Tennessee",52626,47,031,2021
"Crockett County, Tennessee",52136,47,033,2021
"Cumberland County, Tennessee",52630,47,035,2021
"Davidson County, Tennessee",66047,47,037,2021
"Decatur County, Tennessee",43817,47,039,2021
"DeKalb County, Tennessee",45728,47,041,2021
"Dickson County, Tennessee",61388,47,043,2021
"Dyer County, Tennessee",50245,47,045,2021
"Fayette County, Tennessee",69729,47,047,2021
"Fentress County, Tennessee",43464,47,049,2021
"Franklin County, Tennessee",52189,47,051,2021
"Gibson County, Tennessee",49615,47,053,2021
"Giles County, Tennessee",54061,47,055,2021
"Grainger County, Tennessee",44917,47,057,2021
"Greene County, Tennessee",47361,47,059,2021
"Grundy County, Tennessee",45150,47,061,2021
"Hamblen County, Tennessee",45275,47,063,2021
"Hamilton County, Tennessee",61050,47,065,2021
"Hancock County, Tennessee",29650,47,067,2021
"Hardeman County, Tennessee",41138,47,069,2021
"Hardin County, Tennessee",45092,47,071,2021
"Hawkins County, Tennessee",49101,47,073,2021
"Haywood County, Tennessee",39952,47,075,2021
"Henderson County, Tennessee",47885,47,077,2021
"Henry County, Tennessee",43444,47,079,2021
"Hickman County, Tennessee",48527,47,081,2021
"Houston County, Tennessee",46535,47,083,2021
"Humphreys County, Tennessee",49745,47,085,2021
"Jackson County, Tennessee",41890,47,087,2021
"Jefferson County, Tennessee",54371,47,089,2021
"Johnson County, Tennessee",42552,47,091,2021
"Knox County, Tennessee",62911,47,093,2021
"Lake County, Tennessee",34923,47,095,2021
"Lauderdale County, Tennessee",43025,47,097,2021
"Lawrence County, Tennessee",45721,47,099,2021
"Lewis County, Tennessee",38664,47,101,2021
"Lincoln County, Tennessee",57455,47,103,2021
"Loudon County, Tennessee",66151,47,105,2021
"McMinn County, Tennessee",51253,47,107,2021
"McNairy County, Tennessee",42691,47,109,2021
"Macon County, Tennessee",43605,47,111,2021
"Madison County, Tennessee",51526,47,113,2021
"Marion County, Tennessee",53148,47,115,2021
"Marshall County, Tennessee",60036,47,117,2021
"Maury County, Tennessee",66353,47,119,2021
"Meigs County, Tennessee",54420,47,121,2021
"Monroe County, Tennessee",48488,47,123,2021
"Montgomery County, Tennessee",63768,47,125,2021
"Moore County, Tennessee",64926,47,127,2021
"Morgan County, Tennessee",45133,47,129,2021
"Obion County, Tennessee",45606,47,131,2021
"Overton County, Tennessee",39737,47,133,2021
"Perry County, Tennessee",51786,47,135,2021
"Pickett County, Tennessee",42931,47,137,2021
"Polk County, Tennessee",49446,47,139,2021
"Putnam County, Tennessee",49228,47,141,2021
"Rhea County, Tennessee",48872,47,143,2021
"Roane County, Tennessee",60044,47,145,2021
"Robertson County, Tennessee",67597,47,147,2021
"Rutherford County, Tennessee",72985,47,149,2021
"Scott County, Tennessee",38409,47,151,2021
"Sequatchie County, Tennessee",47835,47,153,2021
"Sevier County, Tennessee",54363,47,155,2021
"Shelby County, Tennessee",55015,47,157,2021
"Smith County, Tennessee",52018,47,159,2021
"Stewart County, Tennessee",51460,47,161,2021
"Sullivan County, Tennessee",49661,47,163,2021
"Sumner County, Tennessee",73517,47,165,2021
"Tipton County, Tennessee",63783,47,167,2021
"Trousdale County, Tennessee",58274,47,169,2021
"Unicoi County, Tennessee",47610,47,171,2021
"Union County, Tennessee",50868,47,173,2021
"Van Buren County, Tennessee",44444,47,175,2021
"Warren County, Tennessee",46189,47,177,2021
"Washington County, Tennessee",52503,47,179,2021
"Wayne County, Tennessee",45402,47,181,2021
"Weakley County, Tennessee",43773,47,183,2021
"White County, Tennessee",44777,47,185,2021
"Williamson County, Tennessee",116492,47,187,2021
"Wilson County, Tennessee",82224,47,189,2021
"Anderson County, Texas",49736,48,001,2021
"Andrews County, Texas",80518,48,003,2021
"Angelina County, Texas",52377,48,005,2021
"Aransas County, Texas",51509,48,007,2021
"Archer County, Texas",67083,48,009,2021
"Armstrong County, Texas",71136,48,011,2021
"Atascosa County, Texas",63391,48,013,2021
"Austin County, Texas",68400,48,015,2021
"Bailey County, Texas",64044,48,017,2021
"Bandera County, Texas",64495,48,019,2021
"Bastrop County, Texas",78339,48,021,2021
"Baylor County, Texas",43705,48,023,2021
"Bee County, Texas",48822,48,025,2021
"Bell County, Texas",57932,48,027,2021
"Bexar County, Texas",62169,48,029,2021
"Blanco County, Texas",71201,48,031,2021
"Borden County, Texas",68500,48,033,2021
"Bosque County, Texas",59328,48,035,2021
"Bowie County, Texas",54949,48,037,2021
"Brazoria County, Texas",87958,48,039,2021
"Brazos County, Texas",52658,48,041,2021
"Brewster County, Texas",48679,48,043,2021
"Briscoe County, Texas",38469,48,045,2021
"Brooks County, Texas",26827,48,047,2021
"Brown County, Texas",49232,48,049,2021
"Burleson County, Texas",64109,48,051,2021
"Burnet County, Texas",65363,48,053,2021
"Caldwell County, Texas",63380,48,055,2021
"Calhoun County, Texas",61887,48,057,2021
"Callahan County, Texas",55820,48,059,2021
"Cameron County, Texas",43057,48,061,2021
"Camp County, Texas",50947,48,063,2021
"Carson County, Texas",76786,48,065,2021
"Cass County, Texas",49626,48,067,2021
"Castro County, Texas",53551,48,069,2021
"Chambers County, Texas",93707,48,071,2021
"Cherokee County, Texas",54222,48,073,2021
"Childress County, Texas",53092,48,075,2021
"Clay County, Texas",69967,48,077,2021
"Cochran County, Texas",38203,48,079,2021
"Coke County, Texas",42639,48,081,2021
"Coleman County, Texas",47216,48,083,2021
"Collin County, Texas",104327,48,085,2021
"Collingsworth County, Texas",42446,48,087,2021
"Colorado County, Texas",55945,48,089,2021
"Comal County, Texas",85912,48,091,2021
"Comanche County, Texas",55743,48,093,2021
"Concho County, Texas",46719,48,095,2021
"Cooke County, Texas",63338,48,097,2021
"Coryell County, Texas",58414,48,099,2021
"Cottle County, Texas",43654,48,101,2021
"Crane County, Texas",67804,48,103,2021
"Crockett County, Texas",52731,48,105,2021
"Crosby County, Texas",44304,48,107,2021
"Culberson County, Texas",34239,48,109,2021
"Dallam County, Texas",61069,48,111,2021
"Dallas County, Texas",65011,48,113,2021
"Dawson County, Texas",42778,48,115,2021
"Deaf Smith County, Texas",49611,48,117,2021
"Delta County, Texas",58705,48,119,2021
"Denton County, Texas",96265,48,121,2021
"DeWitt County, Texas",57873,48,123,2021
"Dickens County, Texas",42241,48,125,2021
"Dimmit County, Texas",25000,48,127,2021
"Donley County, Texas",52888,48,129,2021
"Duval County, Texas",43836,48,131,2021
"Eastland County, Texas",43953,48,133,2021
"Ector County, Texas",64975,48,135,2021
"Edwards County, Texas",40000,48,137,2021
"Ellis County, Texas",85272,48,139,2021
"El Paso County, Texas",50919,48,141,2021
"Erath County, Texas",56691,48,143,2021
"Falls County, Texas",35317,48,145,2021
"Fannin County, Texas",59686,48,147,2021
"Fayette County, Texas",66624,48,149,2021
"Fisher County, Texas",55862,48,151,2021
"Floyd County, Texas",54007,48,153,2021
"Foard County, Texas",37679,48,155,2021
"Fort Bend County, Texas",102590,48,157,2021
"Franklin County, Texas",61391,48,159,2021
"Freestone County, Texas",55910,48,161,2021
"Frio County, Texas",58456,48,163,2021
"Gaines County, Texas",67728,48,165,2021
"Galveston County, Texas",79328,48,167,2021
"Garza County, Texas",64871,48,169,2021
"Gillespie County, Texas",64438,48,171,2021
"Glasscock County, Texas",85417,48,173,2021
"Goliad County, Texas",52335,48,175,2021
"Gonzales County, Texas",55698,48,177,2021
"Gray County, Texas",50635,48,179,2021
"Grayson County, Texas",62078,48,181,2021
"Gregg County, Texas",56566,48,183,2021
"Grimes County, Texas",59086,48,185,2021
"Guadalupe County, Texas",80047,48,187,2021
"Hale County, Texas",48649,48,189,2021
"Hall County, Texas",41467,48,191,2021
"Hamilton County, Texas",44030,48,193,2021
"Hansford County, Texas",47500,48,195,2021
"Hardeman County, Texas",56400,48,197,2021
"Hardin County, Texas",65347,48,199,2021
"Harris County, Texas",65788,48,201,2021
"Harrison County, Texas",57996,48,203,2021
"Hartley County, Texas",61196,48,205,2021
"Haskell County, Texas",48432,48,207,2021
"Hays County, Texas",71061,48,209,2021
"Hemphill County, Texas",54867,48,211,2021
"Henderson County, Texas",51963,48,213,2021
"Hidalgo County, Texas",44666,48,215,2021
"Hill County, Texas",57800,48,217,2021
"Hockley County, Texas",49241,48,219,2021
"Hood County, Texas",75851,48,221,2021
"Hopkins County, Texas",57745,48,223,2021
"Houston County, Texas",43644,48,225,2021
"Howard County, Texas",60260,48,227,2021
"Hudspeth County, Texas",32404,48,229,2021
"Hunt County, Texas",61053,48,231,2021
"Hutchinson County, Texas",57288,48,233,2021
"Irion County, Texas",39770,48,235,2021
"Jack County, Texas",56916,48,237,2021
"Jackson County, Texas",60807,48,239,2021
"Jasper County, Texas",44356,48,241,2021
"Jeff Davis County, Texas",38659,48,243,2021
"Jefferson County, Texas",53613,48,245,2021
"Jim Hogg County, Texas",37342,48,247,2021
"Jim Wells County, Texas",47629,48,249,2021
"Johnson County, Texas",70767,48,251,2021
"Jones County, Texas",55575,48,253,2021
"Karnes County, Texas",49526,48,255,2021
"Kaufman County, Texas",75187,48,257,2021
"Kendall County, Texas",100706,48,259,2021
"Kenedy County, Texas",42778,48,261,2021
"Kent County, Texas",63994,48,263,2021
"Kerr County, Texas",62204,48,265,2021
"Kimble County, Texas",55677,48,267,2021
"King County, Texas",42125,48,269,2021
"Kinney County, Texas",58925,48,271,2021
"Kleberg County, Texas",49986,48,273,2021
"Knox County, Texas",50163,48,275,2021
"Lamar County, Texas",51561,48,277,2021
"Lamb County, Texas",50041,48,279,2021
"Lampasas County, Texas",66506,48,281,2021
"La Salle County, Texas",61042,48,283,2021
"Lavaca County, Texas",57602,48,285,2021
"Lee County, Texas",60750,48,287,2021
"Leon County, Texas",48676,48,289,2021
"Liberty County, Texas",53871,48,291,2021
"Limestone County, Texas",49507,48,293,2021
"Lipscomb County, Texas",66250,48,295,2021
"Live Oak County, Texas",52870,48,297,2021
"Llano County, Texas",62839,48,299,2021
"Loving County, Texas",-666666666,48,301,2021
"Lubbock County, Texas",56529,48,303,2021
"Lynn County, Texas",49747,48,305,2021
"McCulloch County, Texas",46552,48,307,2021
"McLennan County, Texas",53723,48,309,2021
"McMullen County, Texas",63056,48,311,2021
"Madison County, Texas",59923,48,313,2021
"Marion County, Texas",43153,48,315,2021
"Martin County, Texas",69194,48,317,2021
"Mason County, Texas",73186,48,319,2021
"Matagorda County, Texas",48566,48,321,2021
"Maverick County, Texas",44502,48,323,2021
"Medina County, Texas",67180,48,325,2021
"Menard County, Texas",40341,48,327,2021
"Midland County, Texas",88210,48,329,2021
"Milam County, Texas",52810,48,331,2021
"Mills County, Texas",53483,48,333,2021
"Mitchell County, Texas",50144,48,335,2021
"Montague County, Texas",59127,48,337,2021
"Montgomery County, Texas",88597,48,339,2021
"Moore County, Texas",55543,48,341,2021
"Morris County, Texas",46468,48,343,2021
"Motley County, Texas",59286,48,345,2021
"Nacogdoches County, Texas",47306,48,347,2021
"Navarro County, Texas",50466,48,349,2021
"Newton County, Texas",38116,48,351,2021
"Nolan County, Texas",44700,48,353,2021
"Nueces County, Texas",59477,48,355,2021
"Ochiltree County, Texas",57413,48,357,2021
"Oldham County, Texas",68077,48,359,2021
"Orange County, Texas",68756,48,361,2021
"Palo Pinto County, Texas",59796,48,363,2021
"Panola County, Texas",54853,48,365,2021
"Parker County, Texas",88535,48,367,2021
"Parmer County, Texas",62885,48,369,2021
"Pecos County, Texas",55652,48,371,2021
"Polk County, Texas",52826,48,373,2021
"Potter County, Texas",45096,48,375,2021
"Presidio County, Texas",26395,48,377,2021
"Rains County, Texas",55758,48,379,2021
"Randall County, Texas",70544,48,381,2021
"Reagan County, Texas",62829,48,383,2021
"Real County, Texas",44083,48,385,2021
"Red River County, Texas",40674,48,387,2021
"Reeves County, Texas",53548,48,389,2021
"Refugio County, Texas",50745,48,391,2021
"Roberts County, Texas",62717,48,393,2021
"Robertson County, Texas",55709,48,395,2021
"Rockwall County, Texas",111595,48,397,2021
"Runnels County, Texas",52103,48,399,2021
"Rusk County, Texas",60330,48,401,2021
"Sabine County, Texas",41308,48,403,2021
"San Augustine County, Texas",43130,48,405,2021
"San Jacinto County, Texas",46678,48,407,2021
"San Patricio County, Texas",59532,48,409,2021
"San Saba County, Texas",46927,48,411,2021
"Schleicher County, Texas",61094,48,413,2021
"Scurry County, Texas",53376,48,415,2021
"Shackelford County, Texas",54896,48,417,2021
"Shelby County, Texas",44504,48,419,2021
"Sherman County, Texas",55667,48,421,2021
"Smith County, Texas",62518,48,423,2021
"Somervell County, Texas",89253,48,425,2021
"Starr County, Texas",33334,48,427,2021
"Stephens County, Texas",46537,48,429,2021
"Sterling County, Texas",55481,48,431,2021
"Stonewall County, Texas",62273,48,433,2021
"Sutton County, Texas",61538,48,435,2021
"Swisher County, Texas",39685,48,437,2021
"Tarrant County, Texas",73545,48,439,2021
"Taylor County, Texas",57811,48,441,2021
"Terrell County, Texas",47012,48,443,2021
"Terry County, Texas",47734,48,445,2021
"Throckmorton County, Texas",47500,48,447,2021
"Titus County, Texas",53818,48,449,2021
"Tom Green County, Texas",62052,48,451,2021
"Travis County, Texas",85043,48,453,2021
"Trinity County, Texas",45392,48,455,2021
"Tyler County, Texas",49130,48,457,2021
"Upshur County, Texas",55046,48,459,2021
"Upton County, Texas",58333,48,461,2021
"Uvalde County, Texas",51602,48,463,2021
"Val Verde County, Texas",51949,48,465,2021
"Van Zandt County, Texas",61121,48,467,2021
"Victoria County, Texas",60598,48,469,2021
"Walker County, Texas",44104,48,471,2021
"Waller County, Texas",65379,48,473,2021
"Ward County, Texas",66216,48,475,2021
"Washington County, Texas",65913,48,477,2021
"Webb County, Texas",54618,48,479,2021
"Wharton County, Texas",53963,48,481,2021
"Wheeler County, Texas",52138,48,483,2021
"Wichita County, Texas",53272,48,485,2021
"Wilbarger County, Texas",45262,48,487,2021
"Willacy County, Texas",39401,48,489,2021
"Williamson County, Texas",94705,48,491,2021
"Wilson County, Texas",84042,48,493,2021
"Winkler County, Texas",67904,48,495,2021
"Wise County, Texas",75482,48,497,2021
"Wood County, Texas",58418,48,499,2021
"Yoakum County, Texas",73102,48,501,2021
"Young County, Texas",52074,48,503,2021
"Zapata County, Texas",34406,48,505,2021
"Zavala County, Texas",44573,48,507,2021
"Beaver County, Utah",74569,49,001,2021
"Box Elder County, Utah",67486,49,003,2021
"Cache County, Utah",65670,49,005,2021
"Carbon County, Utah",51725,49,007,2021
"Daggett County, Utah",49792,49,009,2021
"Davis County, Utah",92765,49,011,2021
"Duchesne County, Utah",66463,49,013,2021
"Emery County, Utah",61234,49,015,2021
"Garfield County, Utah",45724,49,017,2021
"Grand County, Utah",51433,49,019,2021
"Iron County, Utah",56308,49,021,2021
"Juab County, Utah",74741,49,023,2021
"Kane County, Utah",56395,49,025,2021
"Millard County, Utah",66304,49,027,2021
"Morgan County, Utah",112721,49,029,2021
"Piute County, Utah",33611,49,031,2021
"Rich County, Utah",67396,49,033,2021
"Salt Lake County, Utah",82206,49,035,2021
"San Juan County, Utah",52400,49,037,2021
"Sanpete County, Utah",60186,49,039,2021
"Sevier County, Utah",60262,49,041,2021
"Summit County, Utah",116351,49,043,2021
"Tooele County, Utah",87557,49,045,2021
"Uintah County, Utah",61293,49,047,2021
"Utah County, Utah",82893,49,049,2021
"Wasatch County, Utah",94044,49,051,2021
"Washington County, Utah",65040,49,053,2021
"Wayne County, Utah",55605,49,055,2021
"Weber County, Utah",74345,49,057,2021
"Addison County, Vermont",77978,50,001,2021
"Bennington County, Vermont",63448,50,003,2021
"Caledonia County, Vermont",55159,50,005,2021
"Chittenden County, Vermont",81957,50,007,2021
"Essex County, Vermont",48194,50,009,2021
"Franklin County, Vermont",68476,50,011,2021
"Grand Isle County, Vermont",85154,50,013,2021
"Lamoille County, Vermont",66016,50,015,2021
"Orange County, Vermont",67906,50,017,2021
"Orleans County, Vermont",58037,50,019,2021
"Rutland County, Vermont",59751,50,021,2021
"Washington County, Vermont",70128,50,023,2021
"Windham County, Vermont",59195,50,025,2021
"Windsor County, Vermont",63787,50,027,2021
"Accomack County, Virginia",50601,51,001,2021
"Albemarle County, Virginia",90568,51,003,2021
"Alleghany County, Virginia",49705,51,005,2021
"Amelia County, Virginia",57420,51,007,2021
"Amherst County, Virginia",60876,51,009,2021
"Appomattox County, Virginia",55268,51,011,2021
"Arlington County, Virginia",128145,51,013,2021
"Augusta County, Virginia",69082,51,015,2021
"Bath County, Virginia",55807,51,017,2021
"Bedford County, Virginia",70870,51,019,2021
"Bland County, Virginia",54556,51,021,2021
"Botetourt County, Virginia",72941,51,023,2021
"Brunswick County, Virginia",49597,51,025,2021
"Buchanan County, Virginia",37093,51,027,2021
"Buckingham County, Virginia",49841,51,029,2021
"Campbell County, Virginia",53918,51,031,2021
"Caroline County, Virginia",76528,51,033,2021
"Carroll County, Virginia",45220,51,035,2021
"Charles City County, Virginia",59543,51,036,2021
"Charlotte County, Virginia",45567,51,037,2021
"Chesterfield County, Virginia",88315,51,041,2021
"Clarke County, Virginia",86633,51,043,2021
"Craig County, Virginia",60283,51,045,2021
"Culpeper County, Virginia",85274,51,047,2021
"Cumberland County, Virginia",57568,51,049,2021
"Dickenson County, Virginia",33905,51,051,2021
"Dinwiddie County, Virginia",68918,51,053,2021
"Essex County, Virginia",54375,51,057,2021
"Fairfax County, Virginia",133974,51,059,2021
"Fauquier County, Virginia",111368,51,061,2021
"Floyd County, Virginia",51612,51,063,2021
"Fluvanna County, Virginia",82983,51,065,2021
"Franklin County, Virginia",59667,51,067,2021
"Frederick County, Virginia",84317,51,069,2021
"Giles County, Virginia",57911,51,071,2021
"Gloucester County, Virginia",77733,51,073,2021
"Goochland County, Virginia",100517,51,075,2021
"Grayson County, Virginia",43022,51,077,2021
"Greene County, Virginia",73844,51,079,2021
"Greensville County, Virginia",53063,51,081,2021
"Halifax County, Virginia",45962,51,083,2021
"Hanover County, Virginia",96911,51,085,2021
"Henrico County, Virginia",76345,51,087,2021
"Henry County, Virginia",41103,51,089,2021
"Highland County, Virginia",52901,51,091,2021
"Isle of Wight County, Virginia",84673,51,093,2021
"James City County, Virginia",94907,51,095,2021
"King and Queen County, Virginia",61672,51,097,2021
"King George County, Virginia",101599,51,099,2021
"King William County, Virginia",74592,51,101,2021
"Lancaster County, Virginia",64460,51,103,2021
"Lee County, Virginia",37574,51,105,2021
"Loudoun County, Virginia",156821,51,107,2021
"Louisa County, Virginia",70974,51,109,2021
"Lunenburg County, Virginia",47269,51,111,2021
"Madison County, Virginia",72349,51,113,2021
"Mathews County, Virginia",73229,51,115,2021
"Mecklenburg County, Virginia",46378,51,117,2021
"Middlesex County, Virginia",63782,51,119,2021
"Montgomery County, Virginia",60666,51,121,2021
"Nelson County, Virginia",67707,51,125,2021
"New Kent County, Virginia",101628,51,127,2021
"Northampton County, Virginia",50347,51,131,2021
"Northumberland County, Virginia",61291,51,133,2021
"Nottoway County, Virginia",54614,51,135,2021
"Orange County, Virginia",79211,51,137,2021
"Page County, Virginia",53168,51,139,2021
"Patrick County, Virginia",47215,51,141,2021
"Pittsylvania County, Virginia",49486,51,143,2021
"Powhatan County, Virginia",101395,51,145,2021
"Prince Edward County, Virginia",49019,51,147,2021
"Prince George County, Virginia",78895,51,149,2021
"Prince William County, Virginia",113831,51,153,2021
"Pulaski County, Virginia",55446,51,155,2021
"Rappahannock County, Virginia",90307,51,157,2021
"Richmond County, Virginia",57697,51,159,2021
"Roanoke County, Virginia",74622,51,161,2021
"Rockbridge County, Virginia",57828,51,163,2021
"Rockingham County, Virginia",67484,51,165,2021
"Russell County, Virginia",41100,51,167,2021
"Scott County, Virginia",42561,51,169,2021
"Shenandoah County, Virginia",58609,51,171,2021
"Smyth County, Virginia",42588,51,173,2021
"Southampton County, Virginia",65079,51,175,2021
"Spotsylvania County, Virginia",98973,51,177,2021
"Stafford County, Virginia",119818,51,179,2021
"Surry County, Virginia",61105,51,181,2021
"Sussex County, Virginia",56968,51,183,2021
"Tazewell County, Virginia",42937,51,185,2021
"Warren County, Virginia",72840,51,187,2021
"Washington County, Virginia",54737,51,191,2021
"Westmoreland County, Virginia",53113,51,193,2021
"Wise County, Virginia",44884,51,195,2021
"Wythe County, Virginia",52726,51,197,2021
"York County, Virginia",96144,51,199,2021
"Alexandria city, Virginia",105450,51,510,2021
"Bristol city, Virginia",43879,51,520,2021
"Buena Vista city, Virginia",42156,51,530,2021
"Charlottesville city, Virginia",63470,51,540,2021
"Chesapeake city, Virginia",85563,51,550,2021
"Colonial Heights city, Virginia",65570,51,570,2021
"Covington city, Virginia",41242,51,580,2021
"Danville city, Virginia",38904,51,590,2021
"Emporia city, Virginia",36111,51,595,2021
"Fairfax city, Virginia",118492,51,600,2021
"Falls Church city, Virginia",155071,51,610,2021
"Franklin city, Virginia",49424,51,620,2021
"Fredericksburg city, Virginia",72293,51,630,2021
"Galax city, Virginia",39808,51,640,2021
"Hampton city, Virginia",59380,51,650,2021
"Harrisonburg city, Virginia",51055,51,660,2021
"Hopewell city, Virginia",44209,51,670,2021
"Lexington city, Virginia",66114,51,678,2021
"Lynchburg city, Virginia",54015,51,680,2021
"Manassas city, Virginia",101934,51,683,2021
"Manassas Park city, Virginia",90544,51,685,2021
"Martinsville city, Virginia",36832,51,690,2021
"Newport News city, Virginia",57463,51,700,2021
"Norfolk city, Virginia",56244,51,710,2021
"Norton city, Virginia",35592,51,720,2021
"Petersburg city, Virginia",44890,51,730,2021
"Poquoson city, Virginia",112026,51,735,2021
"Portsmouth city, Virginia",54020,51,740,2021
"Radford city, Virginia",44360,51,750,2021
"Richmond city, Virginia",54795,51,760,2021
"Roanoke city, Virginia",48476,51,770,2021
"Salem city, Virginia",66472,51,775,2021
"Staunton city, Virginia",53041,51,790,2021
"Suffolk city, Virginia",81883,51,800,2021
"Virginia Beach city, Virginia",81810,51,810,2021
"Waynesboro city, Virginia",47238,51,820,2021
"Williamsburg city, Virginia",65297,51,830,2021
"Winchester city, Virginia",61321,51,840,2021
"Adams County, Washington",54573,53,001,2021
"Asotin County, Washington",57263,53,003,2021
"Benton County, Washington",76612,53,005,2021
"Chelan County, Washington",64895,53,007,2021
"Clallam County, Washington",60044,53,009,2021
"Clark County, Washington",82719,53,011,2021
"Columbia County, Washington",64688,53,013,2021
"Cowlitz County, Washington",64506,53,015,2021
"Douglas County, Washington",68979,53,017,2021
"Ferry County, Washington",45907,53,019,2021
"Franklin County, Washington",72452,53,021,2021
"Garfield County, Washington",50625,53,023,2021
"Grant County, Washington",63566,53,025,2021
"Grays Harbor County, Washington",53615,53,027,2021
"Island County, Washington",75628,53,029,2021
"Jefferson County, Washington",59968,53,031,2021
"King County, Washington",106326,53,033,2021
"Kitsap County, Washington",84600,53,035,2021
"Kittitas County, Washington",64134,53,037,2021
"Klickitat County, Washington",59583,53,039,2021
"Lewis County, Washington",60581,53,041,2021
"Lincoln County, Washington",62810,53,043,2021
"Mason County, Washington",66325,53,045,2021
"Okanogan County, Washington",51992,53,047,2021
"Pacific County, Washington",54598,53,049,2021
"Pend Oreille County, Washington",59134,53,051,2021
"Pierce County, Washington",82574,53,053,2021
"San Juan County, Washington",68577,53,055,2021
"Skagit County, Washington",75308,53,057,2021
"Skamania County, Washington",75565,53,059,2021
"Snohomish County, Washington",95618,53,061,2021
"Spokane County, Washington",64079,53,063,2021
"Stevens County, Washington",57206,53,065,2021
"Thurston County, Washington",81501,53,067,2021
"Wahkiakum County, Washington",54422,53,069,2021
"Walla Walla County, Washington",63686,53,071,2021
"Whatcom County, Washington",70011,53,073,2021
"Whitman County, Washington",43613,53,075,2021
"Yakima County, Washington",58380,53,077,2021
"Barbour County, West Virginia",42260,54,001,2021
"Berkeley County, West Virginia",68101,54,003,2021
"Boone County, West Virginia",50598,54,005,2021
"Braxton County, West Virginia",42519,54,007,2021
"Brooke County, West Virginia",51210,54,009,2021
"Cabell County, West Virginia",43779,54,011,2021
"Calhoun County, West Virginia",37428,54,013,2021
"Clay County, West Virginia",37197,54,015,2021
"Doddridge County, West Virginia",58750,54,017,2021
"Fayette County, West Virginia",45988,54,019,2021
"Gilmer County, West Virginia",45870,54,021,2021
"Grant County, West Virginia",47224,54,023,2021
"Greenbrier County, West Virginia",41694,54,025,2021
"Hampshire County, West Virginia",50890,54,027,2021
"Hancock County, West Virginia",52062,54,029,2021
"Hardy County, West Virginia",46592,54,031,2021
"Harrison County, West Virginia",54124,54,033,2021
"Jackson County, West Virginia",53165,54,035,2021
"Jefferson County, West Virginia",86711,54,037,2021
"Kanawha County, West Virginia",50574,54,039,2021
"Lewis County, West Virginia",45345,54,041,2021
"Lincoln County, West Virginia",46683,54,043,2021
"Logan County, West Virginia",38493,54,045,2021
"McDowell County, West Virginia",30127,54,047,2021
"Marion County, West Virginia",55094,54,049,2021
"Marshall County, West Virginia",52371,54,051,2021
"Mason County, West Virginia",49957,54,053,2021
"Mercer County, West Virginia",43293,54,055,2021
"Mineral County, West Virginia",57345,54,057,2021
"Mingo County, West Virginia",35349,54,059,2021
"Monongalia County, West Virginia",56466,54,061,2021
"Monroe County, West Virginia",47417,54,063,2021
"Morgan County, West Virginia",56616,54,065,2021
"Nicholas County, West Virginia",42946,54,067,2021
"Ohio County, West Virginia",51516,54,069,2021
"Pendleton County, West Virginia",46506,54,071,2021
"Pleasants County, West Virginia",58433,54,073,2021
"Pocahontas County, West Virginia",37225,54,075,2021
"Preston County, West Virginia",55755,54,077,2021
"Putnam County, West Virginia",68740,54,079,2021
"Raleigh County, West Virginia",43150,54,081,2021
"Randolph County, West Virginia",47343,54,083,2021
"Ritchie County, West Virginia",45184,54,085,2021
"Roane County, West Virginia",38608,54,087,2021
"Summers County, West Virginia",41077,54,089,2021
"Taylor County, West Virginia",52823,54,091,2021
"Tucker County, West Virginia",49808,54,093,2021
"Tyler County, West Virginia",50601,54,095,2021
"Upshur County, West Virginia",44470,54,097,2021
"Wayne County, West Virginia",45591,54,099,2021
"Webster County, West Virginia",37720,54,101,2021
"Wetzel County, West Virginia",47611,54,103,2021
"Wirt County, West Virginia",49441,54,105,2021
"Wood County, West Virginia",50231,54,107,2021
"Wyoming County, West Virginia",44630,54,109,2021
"Adams County, Wisconsin",51878,55,001,2021
"Ashland County, Wisconsin",55070,55,003,2021
"Barron County, Wisconsin",55256,55,005,2021
"Bayfield County, Wisconsin",62859,55,007,2021
"Brown County, Wisconsin",68799,55,009,2021
"Buffalo County, Wisconsin",61167,55,011,2021
"Burnett County, Wisconsin",55890,55,013,2021
"Calumet County, Wisconsin",78453,55,015,2021
"Chippewa County, Wisconsin",63172,55,017,2021
"Clark County, Wisconsin",57547,55,019,2021
"Columbia County, Wisconsin",73786,55,021,2021
"Crawford County, Wisconsin",54526,55,023,2021
"Dane County, Wisconsin",78452,55,025,2021
"Dodge County, Wisconsin",66403,55,027,2021
"Door County, Wisconsin",63856,55,029,2021
"Douglas County, Wisconsin",59688,55,031,2021
"Dunn County, Wisconsin",64420,55,033,2021
"Eau Claire County, Wisconsin",64777,55,035,2021
"Florence County, Wisconsin",52143,55,037,2021
"Fond du Lac County, Wisconsin",66390,55,039,2021
"Forest County, Wisconsin",51959,55,041,2021
"Grant County, Wisconsin",58289,55,043,2021
"Green County, Wisconsin",70267,55,045,2021
"Green Lake County, Wisconsin",60597,55,047,2021
"Iowa County, Wisconsin",73716,55,049,2021
"Iron County, Wisconsin",48908,55,051,2021
"Jackson County, Wisconsin",59422,55,053,2021
"Jefferson County, Wisconsin",71735,55,055,2021
"Juneau County, Wisconsin",58561,55,057,2021
"Kenosha County, Wisconsin",70073,55,059,2021
"Kewaunee County, Wisconsin",72328,55,061,2021
"La Crosse County, Wisconsin",62817,55,063,2021
"Lafayette County, Wisconsin",65009,55,065,2021
"Langlade County, Wisconsin",53313,55,067,2021
"Lincoln County, Wisconsin",61363,55,069,2021
"Manitowoc County, Wisconsin",61454,55,071,2021
"Marathon County, Wisconsin",67940,55,073,2021
"Marinette County, Wisconsin",55694,55,075,2021
"Marquette County, Wisconsin",55386,55,077,2021
"Menominee County, Wisconsin",54940,55,078,2021
"Milwaukee County, Wisconsin",54793,55,079,2021
"Monroe County, Wisconsin",63061,55,081,2021
"Oconto County, Wisconsin",68426,55,083,2021
"Oneida County, Wisconsin",62660,55,085,2021
"Outagamie County, Wisconsin",72695,55,087,2021
"Ozaukee County, Wisconsin",86915,55,089,2021
"Pepin County, Wisconsin",63015,55,091,2021
"Pierce County, Wisconsin",78341,55,093,2021
"Polk County, Wisconsin",67878,55,095,2021
"Portage County, Wisconsin",65550,55,097,2021
"Price County, Wisconsin",52052,55,099,2021
"Racine County, Wisconsin",67224,55,101,2021
"Richland County, Wisconsin",56089,55,103,2021
"Rock County, Wisconsin",65518,55,105,2021
"Rusk County, Wisconsin",51978,55,107,2021
"St. Croix County, Wisconsin",91320,55,109,2021
"Sauk County, Wisconsin",67702,55,111,2021
"Sawyer County, Wisconsin",53011,55,113,2021
"Shawano County, Wisconsin",59767,55,115,2021
"Sheboygan County, Wisconsin",65352,55,117,2021
"Taylor County, Wisconsin",56350,55,119,2021
"Trempealeau County, Wisconsin",64336,55,121,2021
"Vernon County, Wisconsin",57933,55,123,2021
"Vilas County, Wisconsin",56837,55,125,2021
"Walworth County, Wisconsin",69382,55,127,2021
"Washburn County, Wisconsin",54550,55,129,2021
"Washington County, Wisconsin",85574,55,131,2021
"Waukesha County, Wisconsin",94310,55,133,2021
"Waupaca County, Wisconsin",65070,55,135,2021
"Waushara County, Wisconsin",57224,55,137,2021
"Winnebago County, Wisconsin",63938,55,139,2021
"Wood County, Wisconsin",57996,55,141,2021
"Albany County, Wyoming",50733,56,001,2021
"Big Horn County, Wyoming",56059,56,003,2021
"Campbell County, Wyoming",87547,56,005,2021
"Carbon County, Wyoming",62654,56,007,2021
"Converse County, Wyoming",73698,56,009,2021
"Crook County, Wyoming",67835,56,011,2021
"Fremont County, Wyoming",57887,56,013,2021
"Goshen County, Wyoming",58318,56,015,2021
"Hot Springs County, Wyoming",60805,56,017,2021
"Johnson County, Wyoming",58020,56,019,2021
"Laramie County, Wyoming",71550,56,021,2021
"Lincoln County, Wyoming",74835,56,023,2021
"Natrona County, Wyoming",64100,56,025,2021
"Niobrara County, Wyoming",48688,56,027,2021
"Park County, Wyoming",62586,56,029,2021
"Platte County, Wyoming",59402,56,031,2021
"Sheridan County, Wyoming",62531,56,033,2021
"Sublette County, Wyoming",82342,56,035,2021
"Sweetwater County, Wyoming",76668,56,037,2021
"Teton County, Wyoming",94498,56,039,2021
"Uinta County, Wyoming",75106,56,041,2021
"Washakie County, Wyoming",62271,56,043,2021
"Weston County, Wyoming",65566,56,045,2021
"Adjuntas Municipio, Puerto Rico",15375,72,001,2021
"Aguada Municipio, Puerto Rico",18733,72,003,2021
"Aguadilla Municipio, Puerto Rico",16940,72,005,2021
"Aguas Buenas Municipio, Puerto Rico",21844,72,007,2021
"Aibonito Municipio, Puerto Rico",21139,72,009,2021
"Añasco Municipio, Puerto Rico",21189,72,011,2021
"Arecibo Municipio, Puerto Rico",19311,72,013,2021
"Arroyo Municipio, Puerto Rico",14933,72,015,2021
"Barceloneta Municipio, Puerto Rico",19051,72,017,2021
"Barranquitas Municipio, Puerto Rico",20290,72,019,2021
"Bayamón Municipio, Puerto Rico",27812,72,021,2021
"Cabo Rojo Municipio, Puerto Rico",18581,72,023,2021
"Caguas Municipio, Puerto Rico",27062,72,025,2021
"Camuy Municipio, Puerto Rico",19745,72,027,2021
"Canóvanas Municipio, Puerto Rico",23517,72,029,2021
"Carolina Municipio, Puerto Rico",30678,72,031,2021
"Cataño Municipio, Puerto Rico",20089,72,033,2021
"Cayey Municipio, Puerto Rico",23823,72,035,2021
"Ceiba Municipio, Puerto Rico",20748,72,037,2021
"Ciales Municipio, Puerto Rico",18990,72,039,2021
"Cidra Municipio, Puerto Rico",23327,72,041,2021
"Coamo Municipio, Puerto Rico",19267,72,043,2021
"Comerío Municipio, Puerto Rico",14666,72,045,2021
"Corozal Municipio, Puerto Rico",19285,72,047,2021
"Culebra Municipio, Puerto Rico",25104,72,049,2021
"Dorado Municipio, Puerto Rico",29744,72,051,2021
"Fajardo Municipio, Puerto Rico",21701,72,053,2021
"Florida Municipio, Puerto Rico",21487,72,054,2021
"Guánica Municipio, Puerto Rico",12856,72,055,2021
"Guayama Municipio, Puerto Rico",17815,72,057,2021
"Guayanilla Municipio, Puerto Rico",19023,72,059,2021
"Guaynabo Municipio, Puerto Rico",39176,72,061,2021
"Gurabo Municipio, Puerto Rico",35470,72,063,2021
"Hatillo Municipio, Puerto Rico",20955,72,065,2021
"Hormigueros Municipio, Puerto Rico",20811,72,067,2021
"Humacao Municipio, Puerto Rico",22431,72,069,2021
"Isabela Municipio, Puerto Rico",17123,72,071,2021
"Jayuya Municipio, Puerto Rico",16780,72,073,2021
"Juana Díaz Municipio, Puerto Rico",21420,72,075,2021
"Juncos Municipio, Puerto Rico",22283,72,077,2021
"Lajas Municipio, Puerto Rico",15593,72,079,2021
"Lares Municipio, Puerto Rico",17629,72,081,2021
"Las Marías Municipio, Puerto Rico",15353,72,083,2021
"Las Piedras Municipio, Puerto Rico",24466,72,085,2021
"Loíza Municipio, Puerto Rico",19541,72,087,2021
"Luquillo Municipio, Puerto Rico",22216,72,089,2021
"Manatí Municipio, Puerto Rico",19427,72,091,2021
"Maricao Municipio, Puerto Rico",19223,72,093,2021
"Maunabo Municipio, Puerto Rico",21678,72,095,2021
"Mayagüez Municipio, Puerto Rico",15501,72,097,2021
"Moca Municipio, Puerto Rico",17685,72,099,2021
"Morovis Municipio, Puerto Rico",21598,72,101,2021
"Naguabo Municipio, Puerto Rico",18412,72,103,2021
"Naranjito Municipio, Puerto Rico",19156,72,105,2021
"Orocovis Municipio, Puerto Rico",15637,72,107,2021
"Patillas Municipio, Puerto Rico",17783,72,109,2021
"Peñuelas Municipio, Puerto Rico",18123,72,111,2021
"Ponce Municipio, Puerto Rico",17747,72,113,2021
"Quebradillas Municipio, Puerto Rico",18947,72,115,2021
"Rincón Municipio, Puerto Rico",24744,72,117,2021
"Río Grande Municipio, Puerto Rico",23679,72,119,2021
"Sabana Grande Municipio, Puerto Rico",18857,72,121,2021
"Salinas Municipio, Puerto Rico",18563,72,123,2021
"San Germán Municipio, Puerto Rico",16492,72,125,2021
"San Juan Municipio, Puerto Rico",24347,72,127,2021
"San Lorenzo Municipio, Puerto Rico",19339,72,129,2021
"San Sebastián Municipio, Puerto Rico",16812,72,131,2021
"Santa Isabel Municipio, Puerto Rico",20784,72,133,2021
"Toa Alta Municipio, Puerto Rico",28098,72,135,2021
"Toa Baja Municipio, Puerto Rico",26587,72,137,2021
"Trujillo Alto Municipio, Puerto Rico",33948,72,139,2021
"Utuado Municipio, Puerto Rico",15812,72,141,2021
"Vega Alta Municipio, Puerto Rico",21828,72,143,2021
"Vega Baja Municipio, Puerto Rico",21507,72,145,2021
"Vieques Municipio, Puerto Rico",14942,72,147,2021
"Villalba Municipio, Puerto Rico",20722,72,149,2021
"Yabucoa Municipio, Puerto Rico",17267,72,151,2021
"Yauco Municipio, Puerto Rico",16444,72,153,2021
"Autauga County, Alabama",68315,01,001,2022
"Baldwin County, Alabama",71039,01,003,2022
"Barbour County, Alabama",39712,01,005,2022
"Bibb County, Alabama",50669,01,007,2022
"Blount County, Alabama",57440,01,009,2022
"Bullock County, Alabama",36136,01,011,2022
"Butler County, Alabama",44429,01,013,2022
"Calhoun County, Alabama",54339,01,015,2022
"Chambers County, Alabama",48805,01,017,2022
"Cherokee County, Alabama",46621,01,019,2022
"Chilton County, Alabama",62471,01,021,2022
"Choctaw County, Alabama",43299,01,023,2022
"Clarke County, Alabama",47549,01,025,2022
"Clay County, Alabama",48074,01,027,2022
"Cleburne County, Alabama",51553,01,029,2022
"Coffee County, Alabama",62199,01,031,2022
"Colbert County, Alabama",56149,01,033,2022
"Conecuh County, Alabama",39888,01,035,2022
"Coosa County, Alabama",52279,01,037,2022
"Covington County, Alabama",48772,01,039,2022
"Crenshaw County, Alabama",48557,01,041,2022
"Cullman County, Alabama",58119,01,043,2022
"Dale County, Alabama",52813,01,045,2022
"Dallas County, Alabama",37180,01,047,2022
"DeKalb County, Alabama",47920,01,049,2022
"Elmore County, Alabama",73258,01,051,2022
"Escambia County, Alabama",41153,01,053,2022
"Etowah County, Alabama",52177,01,055,2022
"Fayette County, Alabama",45650,01,057,2022
"Franklin County, Alabama",47359,01,059,2022
"Geneva County, Alabama",47608,01,061,2022
"Greene County, Alabama",32796,01,063,2022
"Hale County, Alabama",35851,01,065,2022
"Henry County, Alabama",58395,01,067,2022
"Houston County, Alabama",55064,01,069,2022
"Jackson County, Alabama",46748,01,071,2022
"Jefferson County, Alabama",63595,01,073,2022
"Lamar County, Alabama",49565,01,075,2022
"Lauderdale County, Alabama",56081,01,077,2022
"Lawrence County, Alabama",54786,01,079,2022
"Lee County, Alabama",59288,01,081,2022
"Limestone County, Alabama",80146,01,083,2022
"Lowndes County, Alabama",33125,01,085,2022
"Macon County, Alabama",41206,01,087,2022
"Madison County, Alabama",78058,01,089,2022
"Marengo County, Alabama",42975,01,091,2022
"Marion County, Alabama",49743,01,093,2022
"Marshall County, Alabama",58272,01,095,2022
"Mobile County, Alabama",55352,01,097,2022
"Monroe County, Alabama",39965,01,099,2022
"Montgomery County, Alabama",56707,01,101,2022
"Morgan County, Alabama",61588,01,103,2022
"Perry County, Alabama",32332,01,105,2022
"Pickens County, Alabama",45339,01,107,2022
"Pike County, Alabama",42616,01,109,2022
"Randolph County, Alabama",49879,01,111,2022
"Russell County, Alabama",47420,01,113,2022
"St. Clair County, Alabama",73218,01,115,2022
"Shelby County, Alabama",90618,01,117,2022
"Sumter County, Alabama",31726,01,119,2022
"Talladega County, Alabama",52457,01,121,2022
"Tallapoosa County, Alabama",53282,01,123,2022
"Tuscaloosa County, Alabama",61645,01,125,2022
"Walker County, Alabama",52987,01,127,2022
"Washington County, Alabama",51184,01,129,2022
"Wilcox County, Alabama",38208,01,131,2022
"Winston County, Alabama",49494,01,133,2022
"Aleutians East Borough, Alaska",79961,02,013,2022
"Aleutians West Census Area, Alaska",100662,02,016,2022
"Anchorage Municipality, Alaska",95731,02,020,2022
"Bethel Census Area, Alaska",64094,02,050,2022
"Bristol Bay Borough, Alaska",94167,02,060,2022
"Chugach Census Area, Alaska",83068,02,063,2022
"Copper River Census Area, Alaska",70606,02,066,2022
"Denali Borough, Alaska",87292,02,068,2022
"Dillingham Census Area, Alaska",69412,02,070,2022
"Fairbanks North Star Borough, Alaska",81655,02,090,2022
"Haines Borough, Alaska",68276,02,100,2022
"Hoonah-Angoon Census Area, Alaska",62344,02,105,2022
"Juneau City and Borough, Alaska",95711,02,110,2022
"Kenai Peninsula Borough, Alaska",76272,02,122,2022
"Ketchikan Gateway Borough, Alaska",82763,02,130,2022
"Kodiak Island Borough, Alaska",91138,02,150,2022
"Kusilvak Census Area, Alaska",42663,02,158,2022
"Lake and Peninsula Borough, Alaska",61607,02,164,2022
"Matanuska-Susitna Borough, Alaska",86435,02,170,2022
"Nome Census Area, Alaska",70121,02,180,2022
"North Slope Borough, Alaska",83472,02,185,2022
"Northwest Arctic Borough, Alaska",77647,02,188,2022
"Petersburg Borough, Alaska",77826,02,195,2022
"Prince of Wales-Hyder Census Area, Alaska",61779,02,198,2022
"Sitka City and Borough, Alaska",95261,02,220,2022
"Skagway Municipality, Alaska",79583,02,230,2022
"Southeast Fairbanks Census Area, Alaska",75378,02,240,2022
"Wrangell City and Borough, Alaska",61000,02,275,2022
"Yakutat City and Borough, Alaska",76875,02,282,2022
"Yukon-Koyukuk Census Area, Alaska",47826,02,290,2022
"Apache County, Arizona",37483,04,001,2022
"Cochise County, Arizona",58421,04,003,2022
"Coconino County, Arizona",67266,04,005,2022
"Gila County, Arizona",55242,04,007,2022
"Graham County, Arizona",64089,04,009,2022
"Greenlee County, Arizona",73756,04,011,2022
"La Paz County, Arizona",46634,04,012,2022
"Maricopa County, Arizona",80675,04,013,2022
"Mohave County, Arizona",53592,04,015,2022
"Navajo County, Arizona",50335,04,017,2022
"Pima County, Arizona",64323,04,019,2022
"Pinal County, Arizona",73313,04,021,2022
"Santa Cruz County, Arizona",51885,04,023,2022
"Yavapai County, Arizona",62430,04,025,2022
"Yuma County, Arizona",56439,04,027,2022
"Arkansas County, Arkansas",58695,05,001,2022
"Ashley County, Arkansas",44804,05,003,2022
"Baxter County, Arkansas",47403,05,005,2022
"Benton County, Arkansas",85269,05,007,2022
"Boone County, Arkansas",52275,05,009,2022
"Bradley County, Arkansas",43688,05,011,2022
"Calhoun County, Arkansas",60237,05,013,2022
"Carroll County, Arkansas",56826,05,015,2022
"Chicot County, Arkansas",36593,05,017,2022
"Clark County, Arkansas",48071,05,019,2022
"Clay County, Arkansas",44685,05,021,2022
"Cleburne County, Arkansas",52780,05,023,2022
"Cleveland County, Arkansas",48913,05,025,2022
"Columbia County, Arkansas",47441,05,027,2022
"Conway County, Arkansas",50282,05,029,2022
"Craighead County, Arkansas",55169,05,031,2022
"Crawford County, Arkansas",56702,05,033,2022
"Crittenden County, Arkansas",51860,05,035,2022
"Cross County, Arkansas",48129,05,037,2022
"Dallas County, Arkansas",40085,05,039,2022
"Desha County, Arkansas",38067,05,041,2022
"Drew County, Arkansas",44968,05,043,2022
"Faulkner County, Arkansas",61273,05,045,2022
"Franklin County, Arkansas",47695,05,047,2022
"Fulton County, Arkansas",38917,05,049,2022
"Garland County, Arkansas",54229,05,051,2022
"Grant County, Arkansas",68598,05,053,2022
"Greene County, Arkansas",54879,05,055,2022
"Hempstead County, Arkansas",45049,05,057,2022
"Hot Spring County, Arkansas",50260,05,059,2022
"Howard County, Arkansas",44824,05,061,2022
"Independence County, Arkansas",52361,05,063,2022
"Izard County, Arkansas",46159,05,065,2022
"Jackson County, Arkansas",41929,05,067,2022
"Jefferson County, Arkansas",46855,05,069,2022
"Johnson County, Arkansas",42470,05,071,2022
"Lafayette County, Arkansas",40262,05,073,2022
"Lawrence County, Arkansas",43606,05,075,2022
"Lee County, Arkansas",33801,05,077,2022
"Lincoln County, Arkansas",50526,05,079,2022
"Little River County, Arkansas",58627,05,081,2022
"Logan County, Arkansas",51131,05,083,2022
"Lonoke County, Arkansas",68078,05,085,2022
"Madison County, Arkansas",51514,05,087,2022
"Marion County, Arkansas",42891,05,089,2022
"Miller County, Arkansas",47613,05,091,2022
"Mississippi County, Arkansas",50012,05,093,2022
"Monroe County, Arkansas",41786,05,095,2022
"Montgomery County, Arkansas",47103,05,097,2022
"Nevada County, Arkansas",43421,05,099,2022
"Newton County, Arkansas",50699,05,101,2022
"Ouachita County, Arkansas",47348,05,103,2022
"Perry County, Arkansas",53980,05,105,2022
"Phillips County, Arkansas",37458,05,107,2022
"Pike County, Arkansas",49248,05,109,2022
"Poinsett County, Arkansas",43440,05,111,2022
"Polk County, Arkansas",48449,05,113,2022
"Pope County, Arkansas",51678,05,115,2022
"Prairie County, Arkansas",47045,05,117,2022
"Pulaski County, Arkansas",58326,05,119,2022
"Randolph County, Arkansas",45993,05,121,2022
"St. Francis County, Arkansas",39822,05,123,2022
"Saline County, Arkansas",73236,05,125,2022
"Scott County, Arkansas",45340,05,127,2022
"Searcy County, Arkansas",42063,05,129,2022
"Sebastian County, Arkansas",54047,05,131,2022
"Sevier County, Arkansas",53567,05,133,2022
"Sharp County, Arkansas",43332,05,135,2022
"Stone County, Arkansas",37664,05,137,2022
"Union County, Arkansas",49745,05,139,2022
"Van Buren County, Arkansas",45768,05,141,2022
"Washington County, Arkansas",61985,05,143,2022
"White County, Arkansas",51144,05,145,2022
"Woodruff County, Arkansas",49608,05,147,2022
"Yell County, Arkansas",55879,05,149,2022
"Alameda County, California",122488,06,001,2022
"Alpine County, California",101125,06,003,2022
"Amador County, California",74853,06,005,2022
"Butte County, California",66085,06,007,2022
"Calaveras County, California",77526,06,009,2022
"Colusa County, California",69619,06,011,2022
"Contra Costa County, California",120020,06,013,2022
"Del Norte County, California",61149,06,015,2022
"El Dorado County, California",99246,06,017,2022
"Fresno County, California",67756,06,019,2022
"Glenn County, California",64033,06,021,2022
"Humboldt County, California",57881,06,023,2022
"Imperial County, California",53847,06,025,2022
"Inyo County, California",63417,06,027,2022
"Kern County, California",63883,06,029,2022
"Kings County, California",68540,06,031,2022
"Lake County, California",56259,06,033,2022
"Lassen County, California",59515,06,035,2022
"Los Angeles County, California",83411,06,037,2022
"Madera County, California",73543,06,039,2022
"Marin County, California",142019,06,041,2022
"Mariposa County, California",60021,06,043,2022
"Mendocino County, California",61335,06,045,2022
"Merced County, California",64772,06,047,2022
"Modoc County, California",54962,06,049,2022
"Mono County, California",82038,06,051,2022
"Monterey County, California",91043,06,053,2022
"Napa County, California",105809,06,055,2022
"Nevada County, California",79395,06,057,2022
"Orange County, California",109361,06,059,2022
"Placer County, California",109375,06,061,2022
"Plumas County, California",67885,06,063,2022
"Riverside County, California",84505,06,065,2022
"Sacramento County, California",84010,06,067,2022
"San Benito County, California",104451,06,069,2022
"San Bernardino County, California",77423,06,071,2022
"San Diego County, California",96974,06,073,2022
"San Francisco County, California",136689,06,075,2022
"San Joaquin County, California",82837,06,077,2022
"San Luis Obispo County, California",90158,06,079,2022
"San Mateo County, California",149907,06,081,2022
"Santa Barbara County, California",92332,06,083,2022
"Santa Clara County, California",153792,06,085,2022
"Santa Cruz County, California",104409,06,087,2022
"Shasta County, California",68347,06,089,2022
"Sierra County, California",61108,06,091,2022
"Siskiyou County, California",53898,06,093,2022
"Solano County, California",97037,06,095,2022
"Sonoma County, California",99266,06,097,2022
"Stanislaus County, California",74872,06,099,2022
"Sutter County, California",72654,06,101,2022
"Tehama County, California",59029,06,103,2022
"Trinity County, California",47317,06,105,2022
"Tulare County, California",64474,06,107,2022
"Tuolumne County, California",70432,06,109,2022
"Ventura County, California",102141,06,111,2022
"Yolo County, California",85097,06,113,2022
"Yuba County, California",66693,06,115,2022
"Adams County, Colorado",86297,08,001,2022
"Alamosa County, Colorado",52271,08,003,2022
"Arapahoe County, Colorado",92292,08,005,2022
"Archuleta County, Colorado",66813,08,007,2022
"Baca County, Colorado",42115,08,009,2022
"Bent County, Colorado",45776,08,011,2022
"Boulder County, Colorado",99770,08,013,2022
"Broomfield County, Colorado",117541,08,014,2022
"Chaffee County, Colorado",65703,08,015,2022
"Cheyenne County, Colorado",65577,08,017,2022
"Clear Creek County, Colorado",87169,08,019,2022
"Conejos County, Colorado",44093,08,021,2022
"Costilla County, Colorado",34578,08,023,2022
"Crowley County, Colorado",40685,08,025,2022
"Custer County, Colorado",66250,08,027,2022
"Delta County, Colorado",56349,08,029,2022
"Denver County, Colorado",85853,08,031,2022
"Dolores County, Colorado",64708,08,033,2022
"Douglas County, Colorado",139010,08,035,2022
"Eagle County, Colorado",98887,08,037,2022
"Elbert County, Colorado",124360,08,039,2022
"El Paso County, Colorado",82748,08,041,2022
"Fremont County, Colorado",56165,08,043,2022
"Garfield County, Colorado",82772,08,045,2022
"Gilpin County, Colorado",95902,08,047,2022
"Grand County, Colorado",79367,08,049,2022
"Gunnison County, Colorado",76538,08,051,2022
"Hinsdale County, Colorado",58712,08,053,2022
"Huerfano County, Colorado",49631,08,055,2022
"Jackson County, Colorado",38686,08,057,2022
"Jefferson County, Colorado",103167,08,059,2022
"Kiowa County, Colorado",45250,08,061,2022
"Kit Carson County, Colorado",58992,08,063,2022
"Lake County, Colorado",78942,08,065,2022
"La Plata County, Colorado",81936,08,067,2022
"Larimer County, Colorado",87199,08,069,2022
"Las Animas County, Colorado",48965,08,071,2022
"Lincoln County, Colorado",59167,08,073,2022
"Logan County, Colorado",54864,08,075,2022
"Mesa County, Colorado",68077,08,077,2022
"Mineral County, Colorado",58929,08,079,2022
"Moffat County, Colorado",63983,08,081,2022
"Montezuma County, Colorado",61377,08,083,2022
"Montrose County, Colorado",62817,08,085,2022
"Morgan County, Colorado",70471,08,087,2022
"Otero County, Colorado",47500,08,089,2022
"Ouray County, Colorado",78750,08,091,2022
"Park County, Colorado",85019,08,093,2022
"Phillips County, Colorado",58474,08,095,2022
"Pitkin County, Colorado",96123,08,097,2022
"Prowers County, Colorado",49422,08,099,2022
"Pueblo County, Colorado",59436,08,101,2022
"Rio Blanco County, Colorado",69882,08,103,2022
"Rio Grande County, Colorado",57591,08,105,2022
"Routt County, Colorado",95144,08,107,2022
"Saguache County, Colorado",51946,08,109,2022
"San Juan County, Colorado",67344,08,111,2022
"San Miguel County, Colorado",72829,08,113,2022
"Sedgwick County, Colorado",45855,08,115,2022
"Summit County, Colorado",100611,08,117,2022
"Teller County, Colorado",69655,08,119,2022
"Washington County, Colorado",59087,08,121,2022
"Weld County, Colorado",89182,08,123,2022
"Yuma County, Colorado",60118,08,125,2022
"Capitol Planning Region, Connecticut",88190,09,110,2022
"Greater Bridgeport Planning Region, Connecticut",83147,09,120,2022
"Lower Connecticut River Valley Planning Region, Connecticut",99742,09,130,2022
"Naugatuck Valley Planning Region, Connecticut",82939,09,140,2022
"Northeastern Connecticut Planning Region, Connecticut",83119,09,150,2022
"Northwest Hills Planning Region, Connecticut",87971,09,160,2022
"South Central Connecticut Planning Region, Connecticut",83617,09,170,2022
"Southeastern Connecticut Planning Region, Connecticut",80330,09,180,2022
"Western Connecticut Planning Region, Connecticut",118930,09,190,2022
"Kent County, Delaware",69278,10,001,2022
"New Castle County, Delaware",85309,10,003,2022
"Sussex County, Delaware",75406,10,005,2022
"District of Columbia, District of Columbia",101722,11,001,2022
"Alachua County, Florida",57566,12,001,2022
"Baker County, Florida",67872,12,003,2022
"Bay County, Florida",65999,12,005,2022
"Bradford County, Florida",54759,12,007,2022
"Brevard County, Florida",71308,12,009,2022
"Broward County, Florida",70331,12,011,2022
"Calhoun County, Florida",41526,12,013,2022
"Charlotte County, Florida",62164,12,015,2022
"Citrus County, Florida",52569,12,017,2022
"Clay County, Florida",82242,12,019,2022
"Collier County, Florida",82011,12,021,2022
"Columbia County, Florida",53501,12,023,2022
"DeSoto County, Florida",45000,12,027,2022
"Dixie County, Florida",45057,12,029,2022
"Duval County, Florida",65579,12,031,2022
"Escambia County, Florida",61642,12,033,2022
"Flagler County, Florida",69251,12,035,2022
"Franklin County, Florida",58107,12,037,2022
"Gadsden County, Florida",45721,12,039,2022
"Gilchrist County, Florida",56823,12,041,2022
"Glades County, Florida",37221,12,043,2022
"Gulf County, Florida",56250,12,045,2022
"Hamilton County, Florida",47668,12,047,2022
"Hardee County, Florida",44665,12,049,2022
"Hendry County, Florida",49259,12,051,2022
"Hernando County, Florida",59202,12,053,2022
"Highlands County, Florida",53679,12,055,2022
"Hillsborough County, Florida",70612,12,057,2022
"Holmes County, Florida",46063,12,059,2022
"Indian River County, Florida",67543,12,061,2022
"Jackson County, Florida",46144,12,063,2022
"Jefferson County, Florida",51573,12,065,2022
"Lafayette County, Florida",57852,12,067,2022
"Lake County, Florida",66239,12,069,2022
"Lee County, Florida",69368,12,071,2022
"Leon County, Florida",61317,12,073,2022
"Levy County, Florida",49933,12,075,2022
"Liberty County, Florida",51723,12,077,2022
"Madison County, Florida",43386,12,079,2022
"Manatee County, Florida",71385,12,081,2022
"Marion County, Florida",55265,12,083,2022
"Martin County, Florida",77894,12,085,2022
"Miami-Dade County, Florida",64215,12,086,2022
"Monroe County, Florida",80111,12,087,2022
"Nassau County, Florida",84085,12,089,2022
"Okaloosa County, Florida",73988,12,091,2022
"Okeechobee County, Florida",50476,12,093,2022
"Orange County, Florida",72629,12,095,2022
"Osceola County, Florida",64312,12,097,2022
"Palm Beach County, Florida",76066,12,099,2022
"Pasco County, Florida",63187,12,101,2022
"Pinellas County, Florida",66406,12,103,2022
"Polk County, Florida",60901,12,105,2022
"Putnam County, Florida",44852,12,107,2022
"St. Johns County, Florida",100020,12,109,2022
"St. Lucie County, Florida",66154,12,111,2022
"Santa Rosa County, Florida",84715,12,113,2022
"Sarasota County, Florida",77213,12,115,2022
"Seminole County, Florida",79490,12,117,2022
"Sumter County, Florida",70105,12,119,2022
"Suwannee County, Florida",49729,12,121,2022
"Taylor County, Florida",46239,12,123,2022
"Union County, Florida",64043,12,125,2022
"Volusia County, Florida",63075,12,127,2022
"Wakulla County, Florida",72035,12,129,2022
"Walton County, Florida",74832,12,131,2022
"Washington County, Florida",47536,12,133,2022
"Appling County, Georgia",43268,13,001,2022
"Atkinson County, Georgia",38007,13,003,2022
"Bacon County, Georgia",43938,13,005,2022
"Baker County, Georgia",45417,13,007,2022
"Baldwin County, Georgia",54699,13,009,2022
"Banks County, Georgia",69096,13,011,2022
"Barrow County, Georgia",75053,13,013,2022
"Bartow County, Georgia",74812,13,015,2022
"Ben Hill County, Georgia",38255,13,017,2022
"Berrien County, Georgia",48670,13,019,2022
"Bibb County, Georgia",48897,13,021,2022
"Bleckley County, Georgia",56021,13,023,2022
"Brantley County, Georgia",40166,13,025,2022
"Brooks County, Georgia",42263,13,027,2022
"Bryan County, Georgia",90627,13,029,2022
"Bulloch County, Georgia",53675,13,031,2022
"Burke County, Georgia",50321,13,033,2022
"Butts County, Georgia",60076,13,035,2022
"Calhoun County, Georgia",48663,13,037,2022
"Camden County, Georgia",68104,13,039,2022
"Candler County, Georgia",45519,13,043,2022
"Carroll County, Georgia",66895,13,045,2022
"Catoosa County, Georgia",68896,13,047,2022
"Charlton County, Georgia",45770,13,049,2022
"Chatham County, Georgia",66171,13,051,2022
"Chattahoochee County, Georgia",52943,13,053,2022
"Chattooga County, Georgia",43556,13,055,2022
"Cherokee County, Georgia",100824,13,057,2022
"Clarke County, Georgia",48692,13,059,2022
"Clay County, Georgia",43264,13,061,2022
"Clayton County, Georgia",56207,13,063,2022
"Clinch County, Georgia",53350,13,065,2022
"Cobb County, Georgia",94244,13,067,2022
"Coffee County, Georgia",48398,13,069,2022
"Colquitt County, Georgia",47235,13,071,2022
"Columbia County, Georgia",92571,13,073,2022
"Cook County, Georgia",46706,13,075,2022
"Coweta County, Georgia",90031,13,077,2022
"Crawford County, Georgia",56948,13,079,2022
"Crisp County, Georgia",47463,13,081,2022
"Dade County, Georgia",59531,13,083,2022
"Dawson County, Georgia",84516,13,085,2022
"Decatur County, Georgia",47383,13,087,2022
"DeKalb County, Georgia",76044,13,089,2022
"Dodge County, Georgia",46091,13,091,2022
"Dooly County, Georgia",54109,13,093,2022
"Dougherty County, Georgia",45640,13,095,2022
"Douglas County, Georgia",76930,13,097,2022
"Early County, Georgia",48355,13,099,2022
"Echols County, Georgia",61184,13,101,2022
"Effingham County, Georgia",79474,13,103,2022
"Elbert County, Georgia",48190,13,105,2022
"Emanuel County, Georgia",47905,13,107,2022
"Evans County, Georgia",55222,13,109,2022
"Fannin County, Georgia",54857,13,111,2022
"Fayette County, Georgia",105910,13,113,2022
"Floyd County, Georgia",57868,13,115,2022
"Forsyth County, Georgia",131660,13,117,2022
"Franklin County, Georgia",52597,13,119,2022
"Fulton County, Georgia",86267,13,121,2022
"Gilmer County, Georgia",70334,13,123,2022
"Glascock County, Georgia",60469,13,125,2022
"Glynn County, Georgia",65970,13,127,2022
"Gordon County, Georgia",57555,13,129,2022
"Grady County, Georgia",51929,13,131,2022
"Greene County, Georgia",77527,13,133,2022
"Gwinnett County, Georgia",82296,13,135,2022
"Habersham County, Georgia",61292,13,137,2022
"Hall County, Georgia",74153,13,139,2022
"Hancock County, Georgia",31767,13,141,2022
"Haralson County, Georgia",65940,13,143,2022
"Harris County, Georgia",85936,13,145,2022
"Hart County, Georgia",61765,13,147,2022
"Heard County, Georgia",62965,13,149,2022
"Henry County, Georgia",79663,13,151,2022
"Houston County, Georgia",76968,13,153,2022
"Irwin County, Georgia",46383,13,155,2022
"Jackson County, Georgia",82056,13,157,2022
"Jasper County, Georgia",57374,13,159,2022
"Jeff Davis County, Georgia",41780,13,161,2022
"Jefferson County, Georgia",46865,13,163,2022
"Jenkins County, Georgia",31463,13,165,2022
"Johnson County, Georgia",47796,13,167,2022
"Jones County, Georgia",66288,13,169,2022
"Lamar County, Georgia",64966,13,171,2022
"Lanier County, Georgia",39971,13,173,2022
"Laurens County, Georgia",46776,13,175,2022
"Lee County, Georgia",83632,13,177,2022
"Liberty County, Georgia",55149,13,179,2022
"Lincoln County, Georgia",50754,13,181,2022
"Long County, Georgia",56819,13,183,2022
"Lowndes County, Georgia",52821,13,185,2022
"Lumpkin County, Georgia",67592,13,187,2022
"McDuffie County, Georgia",54752,13,189,2022
"McIntosh County, Georgia",51262,13,191,2022
"Macon County, Georgia",33960,13,193,2022
"Madison County, Georgia",53626,13,195,2022
"Marion County, Georgia",48836,13,197,2022
"Meriwether County, Georgia",52392,13,199,2022
"Miller County, Georgia",52132,13,201,2022
"Mitchell County, Georgia",45966,13,205,2022
"Monroe County, Georgia",74867,13,207,2022
"Montgomery County, Georgia",49138,13,209,2022
"Morgan County, Georgia",81524,13,211,2022
"Murray County, Georgia",60617,13,213,2022
"Muscogee County, Georgia",54561,13,215,2022
"Newton County, Georgia",70732,13,217,2022
"Oconee County, Georgia",116221,13,219,2022
"Oglethorpe County, Georgia",66672,13,221,2022
"Paulding County, Georgia",89237,13,223,2022
"Peach County, Georgia",60940,13,225,2022
"Pickens County, Georgia",72558,13,227,2022
"Pierce County, Georgia",54861,13,229,2022
"Pike County, Georgia",83866,13,231,2022
"Polk County, Georgia",51956,13,233,2022
"Pulaski County, Georgia",42545,13,235,2022
"Putnam County, Georgia",60825,13,237,2022
"Quitman County, Georgia",38889,13,239,2022
"Rabun County, Georgia",57261,13,241,2022
"Randolph County, Georgia",24638,13,243,2022
"Richmond County, Georgia",50605,13,245,2022
"Rockdale County, Georgia",68999,13,247,2022
"Schley County, Georgia",53274,13,249,2022
"Screven County, Georgia",49941,13,251,2022
"Seminole County, Georgia",46063,13,253,2022
"Spalding County, Georgia",57367,13,255,2022
"Stephens County, Georgia",52901,13,257,2022
"Stewart County, Georgia",43094,13,259,2022
"Sumter County, Georgia",38899,13,261,2022
"Talbot County, Georgia",48065,13,263,2022
"Taliaferro County, Georgia",45881,13,265,2022
"Tattnall County, Georgia",51868,13,267,2022
"Taylor County, Georgia",40727,13,269,2022
"Telfair County, Georgia",41801,13,271,2022
"Terrell County, Georgia",43507,13,273,2022
"Thomas County, Georgia",55958,13,275,2022
"Tift County, Georgia",52561,13,277,2022
"Toombs County, Georgia",47310,13,279,2022
"Towns County, Georgia",55574,13,281,2022
"Treutlen County, Georgia",38641,13,283,2022
"Troup County, Georgia",53599,13,285,2022
"Turner County, Georgia",39666,13,287,2022
"Twiggs County, Georgia",50446,13,289,2022
"Union County, Georgia",59783,13,291,2022
"Upson County, Georgia",48740,13,293,2022
"Walker County, Georgia",52276,13,295,2022
"Walton County, Georgia",79425,13,297,2022
"Ware County, Georgia",44138,13,299,2022
"Warren County, Georgia",45091,13,301,2022
"Washington County, Georgia",43810,13,303,2022
"Wayne County, Georgia",49847,13,305,2022
"Webster County, Georgia",35000,13,307,2022
"Wheeler County, Georgia",36354,13,309,2022
"White County, Georgia",66256,13,311,2022
"Whitfield County, Georgia",59659,13,313,2022
"Wilcox County, Georgia",46759,13,315,2022
"Wilkes County, Georgia",51780,13,317,2022
"Wilkinson County, Georgia",40757,13,319,2022
"Worth County, Georgia",56496,13,321,2022
"Hawaii County, Hawaii",74238,15,001,2022
"Honolulu County, Hawaii",99816,15,003,2022
"Kalawao County, Hawaii",87813,15,005,2022
"Kauai County, Hawaii",88869,15,007,2022
"Maui County, Hawaii",95379,15,009,2022
"Ada County, Idaho",83881,16,001,2022
"Adams County, Idaho",55891,16,003,2022
"Bannock County, Idaho",60998,16,005,2022
"Bear Lake County, Idaho",63244,16,007,2022
"Benewah County, Idaho",54191,16,009,2022
"Bingham County, Idaho",69433,16,011,2022
"Blaine County, Idaho",81794,16,013,2022
"Boise County, Idaho",70776,16,015,2022
"Bonner County, Idaho",61816,16,017,2022
"Bonneville County, Idaho",73103,16,019,2022
"Boundary County, Idaho",58810,16,021,2022
"Butte County, Idaho",37358,16,023,2022
"Camas County, Idaho",63750,16,025,2022
"Canyon County, Idaho",68473,16,027,2022
"Caribou County, Idaho",65380,16,029,2022
"Cassia County, Idaho",63525,16,031,2022
"Clark County, Idaho",53500,16,033,2022
"Clearwater County, Idaho",55885,16,035,2022
"Custer County, Idaho",60357,16,037,2022
"Elmore County, Idaho",55000,16,039,2022
"Franklin County, Idaho",61679,16,041,2022
"Fremont County, Idaho",67015,16,043,2022
"Gem County, Idaho",65204,16,045,2022
"Gooding County, Idaho",60938,16,047,2022
"Idaho County, Idaho",54745,16,049,2022
"Jefferson County, Idaho",77491,16,051,2022
"Jerome County, Idaho",67347,16,053,2022
"Kootenai County, Idaho",71949,16,055,2022
"Latah County, Idaho",62258,16,057,2022
"Lemhi County, Idaho",49216,16,059,2022
"Lewis County, Idaho",46484,16,061,2022
"Lincoln County, Idaho",62250,16,063,2022
"Madison County, Idaho",53025,16,065,2022
"Minidoka County, Idaho",63594,16,067,2022
"Nez Perce County, Idaho",65023,16,069,2022
"Oneida County, Idaho",67383,16,071,2022
"Owyhee County, Idaho",58440,16,073,2022
"Payette County, Idaho",62721,16,075,2022
"Power County, Idaho",56671,16,077,2022
"Shoshone County, Idaho",44807,16,079,2022
"Teton County, Idaho",88906,16,081,2022
"Twin Falls County, Idaho",61183,16,083,2022
"Valley County, Idaho",72878,16,085,2022
"Washington County, Idaho",50046,16,087,2022
"Adams County, Illinois",63767,17,001,2022
"Alexander County, Illinois",40365,17,003,2022
"Bond County, Illinois",58617,17,005,2022
"Boone County, Illinois",80502,17,007,2022
"Brown County, Illinois",64760,17,009,2022
"Bureau County, Illinois",64165,17,011,2022
"Calhoun County, Illinois",88059,17,013,2022
"Carroll County, Illinois",61539,17,015,2022
"Cass County, Illinois",64826,17,017,2022
"Champaign County, Illinois",61090,17,019,2022
"Christian County, Illinois",56933,17,021,2022
"Clark County, Illinois",65874,17,023,2022
"Clay County, Illinois",58028,17,025,2022
"Clinton County, Illinois",78054,17,027,2022
"Coles County, Illinois",53732,17,029,2022
"Cook County, Illinois",78304,17,031,2022
"Crawford County, Illinois",64163,17,033,2022
"Cumberland County, Illinois",71274,17,035,2022
"DeKalb County, Illinois",68617,17,037,2022
"De Witt County, Illinois",61823,17,039,2022
"Douglas County, Illinois",67177,17,041,2022
"DuPage County, Illinois",107035,17,043,2022
"Edgar County, Illinois",56687,17,045,2022
"Edwards County, Illinois",60784,17,047,2022
"Effingham County, Illinois",73181,17,049,2022
"Fayette County, Illinois",51962,17,051,2022
"Ford County, Illinois",58930,17,053,2022
"Franklin County, Illinois",51031,17,055,2022
"Fulton County, Illinois",57223,17,057,2022
"Gallatin County, Illinois",51868,17,059,2022
"Greene County, Illinois",58900,17,061,2022
"Grundy County, Illinois",89993,17,063,2022
"Hamilton County, Illinois",60574,17,065,2022
"Hancock County, Illinois",61026,17,067,2022
"Hardin County, Illinois",53026,17,069,2022
"Henderson County, Illinois",64946,17,071,2022
"Henry County, Illinois",66313,17,073,2022
"Iroquois County, Illinois",62866,17,075,2022
"Jackson County, Illinois",44847,17,077,2022
"Jasper County, Illinois",67429,17,079,2022
"Jefferson County, Illinois",58384,17,081,2022
"Jersey County, Illinois",77607,17,083,2022
"Jo Daviess County, Illinois",67729,17,085,2022
"Johnson County, Illinois",63295,17,087,2022
"Kane County, Illinois",96400,17,089,2022
"Kankakee County, Illinois",65489,17,091,2022
"Kendall County, Illinois",106358,17,093,2022
"Knox County, Illinois",50263,17,095,2022
"Lake County, Illinois",104553,17,097,2022
"LaSalle County, Illinois",67942,17,099,2022
"Lawrence County, Illinois",55811,17,101,2022
"Lee County, Illinois",64588,17,103,2022
"Livingston County, Illinois",68175,17,105,2022
"Logan County, Illinois",62547,17,107,2022
"McDonough County, Illinois",48904,17,109,2022
"McHenry County, Illinois",100101,17,111,2022
"McLean County, Illinois",75356,17,113,2022
"Macon County, Illinois",59622,17,115,2022
"Macoupin County, Illinois",64706,17,117,2022
"Madison County, Illinois",71759,17,119,2022
"Marion County, Illinois",59099,17,121,2022
"Marshall County, Illinois",64940,17,123,2022
"Mason County, Illinois",58479,17,125,2022
"Massac County, Illinois",57365,17,127,2022
"Menard County, Illinois",84846,17,129,2022
"Mercer County, Illinois",67028,17,131,2022
"Monroe County, Illinois",100685,17,133,2022
"Montgomery County, Illinois",61796,17,135,2022
"Morgan County, Illinois",61188,17,137,2022
"Moultrie County, Illinois",72833,17,139,2022
"Ogle County, Illinois",75782,17,141,2022
"Peoria County, Illinois",63409,17,143,2022
"Perry County, Illinois",56338,17,145,2022
"Piatt County, Illinois",81151,17,147,2022
"Pike County, Illinois",55514,17,149,2022
"Pope County, Illinois",57582,17,151,2022
"Pulaski County, Illinois",41038,17,153,2022
"Putnam County, Illinois",75726,17,155,2022
"Randolph County, Illinois",63860,17,157,2022
"Richland County, Illinois",61607,17,159,2022
"Rock Island County, Illinois",64435,17,161,2022
"St. Clair County, Illinois",68915,17,163,2022
"Saline County, Illinois",51710,17,165,2022
"Sangamon County, Illinois",71653,17,167,2022
"Schuyler County, Illinois",63737,17,169,2022
"Scott County, Illinois",70500,17,171,2022
"Shelby County, Illinois",65585,17,173,2022
"Stark County, Illinois",58125,17,175,2022
"Stephenson County, Illinois",57527,17,177,2022
"Tazewell County, Illinois",74606,17,179,2022
"Union County, Illinois",54090,17,181,2022
"Vermilion County, Illinois",52787,17,183,2022
"Wabash County, Illinois",54074,17,185,2022
"Warren County, Illinois",62700,17,187,2022
"Washington County, Illinois",75111,17,189,2022
"Wayne County, Illinois",53522,17,191,2022
"White County, Illinois",54605,17,193,2022
"Whiteside County, Illinois",62828,17,195,2022
"Will County, Illinois",103678,17,197,2022
"Williamson County, Illinois",60325,17,199,2022
"Winnebago County, Illinois",61738,17,201,2022
"Woodford County, Illinois",80093,17,203,2022
"Adams County, Indiana",61731,18,001,2022
"Allen County, Indiana",66222,18,003,2022
"Bartholomew County, Indiana",76912,18,005,2022
"Benton County, Indiana",58620,18,007,2022
"Blackford County, Indiana",51108,18,009,2022
"Boone County, Indiana",103038,18,011,2022
"Brown County, Indiana",73933,18,013,2022
"Carroll County, Indiana",61464,18,015,2022
"Cass County, Indiana",55862,18,017,2022
"Clark County, Indiana",69005,18,019,2022
"Clay County, Indiana",68364,18,021,2022
"Clinton County, Indiana",59515,18,023,2022
"Crawford County, Indiana",46706,18,025,2022
"Daviess County, Indiana",64113,18,027,2022
"Dearborn County, Indiana",80352,18,029,2022
"Decatur County, Indiana",71566,18,031,2022
"DeKalb County, Indiana",68110,18,033,2022
"Delaware County, Indiana",53377,18,035,2022
"Dubois County, Indiana",68945,18,037,2022
"Elkhart County, Indiana",63978,18,039,2022
"Fayette County, Indiana",52219,18,041,2022
"Floyd County, Indiana",75686,18,043,2022
"Fountain County, Indiana",60559,18,045,2022
"Franklin County, Indiana",75985,18,047,2022
"Fulton County, Indiana",62644,18,049,2022
"Gibson County, Indiana",64153,18,051,2022
"Grant County, Indiana",53033,18,053,2022
"Greene County, Indiana",57771,18,055,2022
"Hamilton County, Indiana",114866,18,057,2022
"Hancock County, Indiana",85262,18,059,2022
"Harrison County, Indiana",71302,18,061,2022
"Hendricks County, Indiana",95261,18,063,2022
"Henry County, Indiana",57632,18,065,2022
"Howard County, Indiana",62014,18,067,2022
"Huntington County, Indiana",59894,18,069,2022
"Jackson County, Indiana",65609,18,071,2022
"Jasper County, Indiana",77777,18,073,2022
"Jay County, Indiana",52231,18,075,2022
"Jefferson County, Indiana",57801,18,077,2022
"Jennings County, Indiana",66892,18,079,2022
"Johnson County, Indiana",82730,18,081,2022
"Knox County, Indiana",58173,18,083,2022
"Kosciusko County, Indiana",70945,18,085,2022
"LaGrange County, Indiana",81658,18,087,2022
"Lake County, Indiana",66375,18,089,2022
"LaPorte County, Indiana",66854,18,091,2022
"Lawrence County, Indiana",64210,18,093,2022
"Madison County, Indiana",60060,18,095,2022
"Marion County, Indiana",59504,18,097,2022
"Marshall County, Indiana",66016,18,099,2022
"Martin County, Indiana",65489,18,101,2022
"Miami County, Indiana",59551,18,103,2022
"Monroe County, Indiana",60308,18,105,2022
"Montgomery County, Indiana",62937,18,107,2022
"Morgan County, Indiana",79134,18,109,2022
"Newton County, Indiana",63673,18,111,2022
"Noble County, Indiana",70286,18,113,2022
"Ohio County, Indiana",66333,18,115,2022
"Orange County, Indiana",60775,18,117,2022
"Owen County, Indiana",57947,18,119,2022
"Parke County, Indiana",63393,18,121,2022
"Perry County, Indiana",58936,18,123,2022
"Pike County, Indiana",64182,18,125,2022
"Porter County, Indiana",82915,18,127,2022
"Posey County, Indiana",75594,18,129,2022
"Pulaski County, Indiana",56823,18,131,2022
"Putnam County, Indiana",70609,18,133,2022
"Randolph County, Indiana",59674,18,135,2022
"Ripley County, Indiana",70285,18,137,2022
"Rush County, Indiana",62386,18,139,2022
"St. Joseph County, Indiana",61877,18,141,2022
"Scott County, Indiana",49343,18,143,2022
"Shelby County, Indiana",66449,18,145,2022
"Spencer County, Indiana",66168,18,147,2022
"Starke County, Indiana",59916,18,149,2022
"Steuben County, Indiana",68837,18,151,2022
"Sullivan County, Indiana",54556,18,153,2022
"Switzerland County, Indiana",66525,18,155,2022
"Tippecanoe County, Indiana",55728,18,157,2022
"Tipton County, Indiana",71947,18,159,2022
"Union County, Indiana",68514,18,161,2022
"Vanderburgh County, Indiana",58839,18,163,2022
"Vermillion County, Indiana",59567,18,165,2022
"Vigo County, Indiana",52789,18,167,2022
"Wabash County, Indiana",66194,18,169,2022
"Warren County, Indiana",72833,18,171,2022
"Warrick County, Indiana",91105,18,173,2022
"Washington County, Indiana",60695,18,175,2022
"Wayne County, Indiana",54854,18,177,2022
"Wells County, Indiana",68074,18,179,2022
"White County, Indiana",65345,18,181,2022
"Whitley County, Indiana",73636,18,183,2022
"Adair County, Iowa",63172,19,001,2022
"Adams County, Iowa",64750,19,003,2022
"Allamakee County, Iowa",64049,19,005,2022
"Appanoose County, Iowa",50684,19,007,2022
"Audubon County, Iowa",54973,19,009,2022
"Benton County, Iowa",79444,19,011,2022
"Black Hawk County, Iowa",62329,19,013,2022
"Boone County, Iowa",75759,19,015,2022
"Bremer County, Iowa",84727,19,017,2022
"Buchanan County, Iowa",73493,19,019,2022
"Buena Vista County, Iowa",62662,19,021,2022
"Butler County, Iowa",65743,19,023,2022
"Calhoun County, Iowa",65614,19,025,2022
"Carroll County, Iowa",68041,19,027,2022
"Cass County, Iowa",60815,19,029,2022
"Cedar County, Iowa",76959,19,031,2022
"Cerro Gordo County, Iowa",63149,19,033,2022
"Cherokee County, Iowa",63638,19,035,2022
"Chickasaw County, Iowa",72734,19,037,2022
"Clarke County, Iowa",63120,19,039,2022
"Clay County, Iowa",61756,19,041,2022
"Clayton County, Iowa",60441,19,043,2022
"Clinton County, Iowa",61080,19,045,2022
"Crawford County, Iowa",61188,19,047,2022
"Dallas County, Iowa",99533,19,049,2022
"Davis County, Iowa",77176,19,051,2022
"Decatur County, Iowa",56068,19,053,2022
"Delaware County, Iowa",75896,19,055,2022
"Des Moines County, Iowa",58084,19,057,2022
"Dickinson County, Iowa",72446,19,059,2022
"Dubuque County, Iowa",73495,19,061,2022
"Emmet County, Iowa",64461,19,063,2022
"Fayette County, Iowa",56043,19,065,2022
"Floyd County, Iowa",62356,19,067,2022
"Franklin County, Iowa",62214,19,069,2022
"Fremont County, Iowa",69375,19,071,2022
"Greene County, Iowa",56884,19,073,2022
"Grundy County, Iowa",80701,19,075,2022
"Guthrie County, Iowa",75795,19,077,2022
"Hamilton County, Iowa",66685,19,079,2022
"Hancock County, Iowa",67865,19,081,2022
"Hardin County, Iowa",64656,19,083,2022
"Harrison County, Iowa",75830,19,085,2022
"Henry County, Iowa",62365,19,087,2022
"Howard County, Iowa",63947,19,089,2022
"Humboldt County, Iowa",66617,19,091,2022
"Ida County, Iowa",63125,19,093,2022
"Iowa County, Iowa",69787,19,095,2022
"Jackson County, Iowa",69709,19,097,2022
"Jasper County, Iowa",67784,19,099,2022
"Jefferson County, Iowa",52210,19,101,2022
"Johnson County, Iowa",72977,19,103,2022
"Jones County, Iowa",68781,19,105,2022
"Keokuk County, Iowa",60016,19,107,2022
"Kossuth County, Iowa",62553,19,109,2022
"Lee County, Iowa",58094,19,111,2022
"Linn County, Iowa",75457,19,113,2022
"Louisa County, Iowa",72500,19,115,2022
"Lucas County, Iowa",63405,19,117,2022
"Lyon County, Iowa",73735,19,119,2022
"Madison County, Iowa",88110,19,121,2022
"Mahaska County, Iowa",65200,19,123,2022
"Marion County, Iowa",74193,19,125,2022
"Marshall County, Iowa",70828,19,127,2022
"Mills County, Iowa",81907,19,129,2022
"Mitchell County, Iowa",66056,19,131,2022
"Monona County, Iowa",59897,19,133,2022
"Monroe County, Iowa",76324,19,135,2022
"Montgomery County, Iowa",61261,19,137,2022
"Muscatine County, Iowa",67427,19,139,2022
"O'Brien County, Iowa",65076,19,141,2022
"Osceola County, Iowa",67561,19,143,2022
"Page County, Iowa",58264,19,145,2022
"Palo Alto County, Iowa",67306,19,147,2022
"Plymouth County, Iowa",79963,19,149,2022
"Pocahontas County, Iowa",61434,19,151,2022
"Polk County, Iowa",78827,19,153,2022
"Pottawattamie County, Iowa",68718,19,155,2022
"Poweshiek County, Iowa",61192,19,157,2022
"Ringgold County, Iowa",67898,19,159,2022
"Sac County, Iowa",68778,19,161,2022
"Scott County, Iowa",72792,19,163,2022
"Shelby County, Iowa",70295,19,165,2022
"Sioux County, Iowa",81914,19,167,2022
"Story County, Iowa",66197,19,169,2022
"Tama County, Iowa",65483,19,171,2022
"Taylor County, Iowa",65926,19,173,2022
"Union County, Iowa",56495,19,175,2022
"Van Buren County, Iowa",58417,19,177,2022
"Wapello County, Iowa",56209,19,179,2022
"Warren County, Iowa",89741,19,181,2022
"Washington County, Iowa",71122,19,183,2022
"Wayne County, Iowa",58257,19,185,2022
"Webster County, Iowa",65335,19,187,2022
"Winnebago County, Iowa",62853,19,189,2022
"Winneshiek County, Iowa",67770,19,191,2022
"Woodbury County, Iowa",68399,19,193,2022
"Worth County, Iowa",69897,19,195,2022
"Wright County, Iowa",58240,19,197,2022
"Allen County, Kansas",55059,20,001,2022
"Anderson County, Kansas",67651,20,003,2022
"Atchison County, Kansas",55281,20,005,2022
"Barber County, Kansas",53774,20,007,2022
"Barton County, Kansas",54634,20,009,2022
"Bourbon County, Kansas",55826,20,011,2022
"Brown County, Kansas",55876,20,013,2022
"Butler County, Kansas",77724,20,015,2022
"Chase County, Kansas",52481,20,017,2022
"Chautauqua County, Kansas",51210,20,019,2022
"Cherokee County, Kansas",53382,20,021,2022
"Cheyenne County, Kansas",52730,20,023,2022
"Clark County, Kansas",58287,20,025,2022
"Clay County, Kansas",57765,20,027,2022
"Cloud County, Kansas",51197,20,029,2022
"Coffey County, Kansas",67645,20,031,2022
"Comanche County, Kansas",49754,20,033,2022
"Cowley County, Kansas",55726,20,035,2022
"Crawford County, Kansas",49779,20,037,2022
"Decatur County, Kansas",49412,20,039,2022
"Dickinson County, Kansas",62971,20,041,2022
"Doniphan County, Kansas",66358,20,043,2022
"Douglas County, Kansas",66153,20,045,2022
"Edwards County, Kansas",52750,20,047,2022
"Elk County, Kansas",50000,20,049,2022
"Ellis County, Kansas",59665,20,051,2022
"Ellsworth County, Kansas",59844,20,053,2022
"Finney County, Kansas",68481,20,055,2022
"Ford County, Kansas",67997,20,057,2022
"Franklin County, Kansas",68217,20,059,2022
"Geary County, Kansas",57992,20,061,2022
"Gove County, Kansas",59417,20,063,2022
"Graham County, Kansas",47071,20,065,2022
"Grant County, Kansas",84808,20,067,2022
"Gray County, Kansas",74500,20,069,2022
"Greeley County, Kansas",69948,20,071,2022
"Greenwood County, Kansas",51812,20,073,2022
"Hamilton County, Kansas",58750,20,075,2022
"Harper County, Kansas",53032,20,077,2022
"Harvey County, Kansas",70685,20,079,2022
"Haskell County, Kansas",66458,20,081,2022
"Hodgeman County, Kansas",63125,20,083,2022
"Jackson County, Kansas",70385,20,085,2022
"Jefferson County, Kansas",74562,20,087,2022
"Jewell County, Kansas",47109,20,089,2022
"Johnson County, Kansas",103644,20,091,2022
"Kearny County, Kansas",68750,20,093,2022
"Kingman County, Kansas",59640,20,095,2022
"Kiowa County, Kansas",70347,20,097,2022
"Labette County, Kansas",56143,20,099,2022
"Lane County, Kansas",52222,20,101,2022
"Leavenworth County, Kansas",84307,20,103,2022
"Lincoln County, Kansas",52540,20,105,2022
"Linn County, Kansas",56697,20,107,2022
"Logan County, Kansas",70382,20,109,2022
"Lyon County, Kansas",56415,20,111,2022
"McPherson County, Kansas",71250,20,113,2022
"Marion County, Kansas",60011,20,115,2022
"Marshall County, Kansas",64306,20,117,2022
"Meade County, Kansas",74063,20,119,2022
"Miami County, Kansas",85564,20,121,2022
"Mitchell County, Kansas",63008,20,123,2022
"Montgomery County, Kansas",51513,20,125,2022
"Morris County, Kansas",52866,20,127,2022
"Morton County, Kansas",57943,20,129,2022
"Nemaha County, Kansas",72788,20,131,2022
"Neosho County, Kansas",54894,20,133,2022
"Ness County, Kansas",64907,20,135,2022
"Norton County, Kansas",52710,20,137,2022
"Osage County, Kansas",66155,20,139,2022
"Osborne County, Kansas",58750,20,141,2022
"Ottawa County, Kansas",74551,20,143,2022
"Pawnee County, Kansas",54141,20,145,2022
"Phillips County, Kansas",57611,20,147,2022
"Pottawatomie County, Kansas",85241,20,149,2022
"Pratt County, Kansas",61685,20,151,2022
"Rawlins County, Kansas",61827,20,153,2022
"Reno County, Kansas",57390,20,155,2022
"Republic County, Kansas",54531,20,157,2022
"Rice County, Kansas",58523,20,159,2022
"Riley County, Kansas",56327,20,161,2022
"Rooks County, Kansas",60821,20,163,2022
"Rush County, Kansas",53523,20,165,2022
"Russell County, Kansas",49929,20,167,2022
"Saline County, Kansas",59887,20,169,2022
"Scott County, Kansas",53365,20,171,2022
"Sedgwick County, Kansas",65372,20,173,2022
"Seward County, Kansas",57131,20,175,2022
"Shawnee County, Kansas",63463,20,177,2022
"Sheridan County, Kansas",66719,20,179,2022
"Sherman County, Kansas",61404,20,181,2022
"Smith County, Kansas",50943,20,183,2022
"Stafford County, Kansas",60000,20,185,2022
"Stanton County, Kansas",66000,20,187,2022
"Stevens County, Kansas",67950,20,189,2022
"Sumner County, Kansas",59397,20,191,2022
"Thomas County, Kansas",72417,20,193,2022
"Trego County, Kansas",77500,20,195,2022
"Wabaunsee County, Kansas",70000,20,197,2022
"Wallace County, Kansas",57708,20,199,2022
"Washington County, Kansas",59432,20,201,2022
"Wichita County, Kansas",69551,20,203,2022
"Wilson County, Kansas",55439,20,205,2022
"Woodson County, Kansas",50670,20,207,2022
"Wyandotte County, Kansas",57771,20,209,2022
"Adair County, Kentucky",49690,21,001,2022
"Allen County, Kentucky",57159,21,003,2022
"Anderson County, Kentucky",69885,21,005,2022
"Ballard County, Kentucky",57111,21,007,2022
"Barren County, Kentucky",48141,21,009,2022
"Bath County, Kentucky",51471,21,011,2022
"Bell County, Kentucky",33658,21,013,2022
"Boone County, Kentucky",91697,21,015,2022
"Bourbon County, Kentucky",54580,21,017,2022
"Boyd County, Kentucky",58327,21,019,2022
"Boyle County, Kentucky",56568,21,021,2022
"Bracken County, Kentucky",59911,21,023,2022
"Breathitt County, Kentucky",38209,21,025,2022
"Breckinridge County, Kentucky",51756,21,027,2022
"Bullitt County, Kentucky",73900,21,029,2022
"Butler County, Kentucky",47589,21,031,2022
"Caldwell County, Kentucky",52488,21,033,2022
"Calloway County, Kentucky",48276,21,035,2022
"Campbell County, Kentucky",71979,21,037,2022
"Carlisle County, Kentucky",53065,21,039,2022
"Carroll County, Kentucky",50625,21,041,2022
"Carter County, Kentucky",47004,21,043,2022
"Casey County, Kentucky",42190,21,045,2022
"Christian County, Kentucky",48920,21,047,2022
"Clark County, Kentucky",61878,21,049,2022
"Clay County, Kentucky",37888,21,051,2022
"Clinton County, Kentucky",41180,21,053,2022
"Crittenden County, Kentucky",45810,21,055,2022
"Cumberland County, Kentucky",40515,21,057,2022
"Daviess County, Kentucky",64021,21,059,2022
"Edmonson County, Kentucky",53029,21,061,2022
"Elliott County, Kentucky",39469,21,063,2022
"Estill County, Kentucky",39980,21,065,2022
"Fayette County, Kentucky",66087,21,067,2022
"Fleming County, Kentucky",46885,21,069,2022
"Floyd County, Kentucky",38723,21,071,2022
"Franklin County, Kentucky",62929,21,073,2022
"Fulton County, Kentucky",35449,21,075,2022
"Gallatin County, Kentucky",58641,21,077,2022
"Garrard County, Kentucky",58263,21,079,2022
"Grant County, Kentucky",65461,21,081,2022
"Graves County, Kentucky",52526,21,083,2022
"Grayson County, Kentucky",47024,21,085,2022
"Green County, Kentucky",38595,21,087,2022
"Greenup County, Kentucky",58562,21,089,2022
"Hancock County, Kentucky",68102,21,091,2022
"Hardin County, Kentucky",64136,21,093,2022
"Harlan County, Kentucky",35128,21,095,2022
"Harrison County, Kentucky",58840,21,097,2022
"Hart County, Kentucky",45561,21,099,2022
"Henderson County, Kentucky",56912,21,101,2022
"Henry County, Kentucky",58294,21,103,2022
"Hickman County, Kentucky",68589,21,105,2022
"Hopkins County, Kentucky",54466,21,107,2022
"Jackson County, Kentucky",38516,21,109,2022
"Jefferson County, Kentucky",66296,21,111,2022
"Jessamine County, Kentucky",69905,21,113,2022
"Johnson County, Kentucky",44231,21,115,2022
"Kenton County, Kentucky",76016,21,117,2022
"Knott County, Kentucky",38336,21,119,2022
"Knox County, Kentucky",34254,21,121,2022
"Larue County, Kentucky",57867,21,123,2022
"Laurel County, Kentucky",53693,21,125,2022
"Lawrence County, Kentucky",42488,21,127,2022
"Lee County, Kentucky",31682,21,129,2022
"Leslie County, Kentucky",37019,21,131,2022
"Letcher County, Kentucky",38466,21,133,2022
"Lewis County, Kentucky",36662,21,135,2022
"Lincoln County, Kentucky",49487,21,137,2022
"Livingston County, Kentucky",56125,21,139,2022
"Logan County, Kentucky",58869,21,141,2022
"Lyon County, Kentucky",64081,21,143,2022
"McCracken County, Kentucky",58490,21,145,2022
"McCreary County, Kentucky",35000,21,147,2022
"McLean County, Kentucky",64020,21,149,2022
"Madison County, Kentucky",59797,21,151,2022
"Magoffin County, Kentucky",31927,21,153,2022
"Marion County, Kentucky",49627,21,155,2022
"Marshall County, Kentucky",64597,21,157,2022
"Martin County, Kentucky",45265,21,159,2022
"Mason County, Kentucky",48460,21,161,2022
"Meade County, Kentucky",68518,21,163,2022
"Menifee County, Kentucky",43797,21,165,2022
"Mercer County, Kentucky",60728,21,167,2022
"Metcalfe County, Kentucky",46932,21,169,2022
"Monroe County, Kentucky",47252,21,171,2022
"Montgomery County, Kentucky",53436,21,173,2022
"Morgan County, Kentucky",46018,21,175,2022
"Muhlenberg County, Kentucky",50935,21,177,2022
"Nelson County, Kentucky",66212,21,179,2022
"Nicholas County, Kentucky",57539,21,181,2022
"Ohio County, Kentucky",52474,21,183,2022
"Oldham County, Kentucky",117334,21,185,2022
"Owen County, Kentucky",56485,21,187,2022
"Owsley County, Kentucky",32844,21,189,2022
"Pendleton County, Kentucky",58723,21,191,2022
"Perry County, Kentucky",45330,21,193,2022
"Pike County, Kentucky",41271,21,195,2022
"Powell County, Kentucky",38415,21,197,2022
"Pulaski County, Kentucky",48768,21,199,2022
"Robertson County, Kentucky",53798,21,201,2022
"Rockcastle County, Kentucky",45693,21,203,2022
"Rowan County, Kentucky",50038,21,205,2022
"Russell County, Kentucky",48220,21,207,2022
"Scott County, Kentucky",80782,21,209,2022
"Shelby County, Kentucky",81012,21,211,2022
"Simpson County, Kentucky",55907,21,213,2022
"Spencer County, Kentucky",101118,21,215,2022
"Taylor County, Kentucky",63211,21,217,2022
"Todd County, Kentucky",57891,21,219,2022
"Trigg County, Kentucky",55864,21,221,2022
"Trimble County, Kentucky",66492,21,223,2022
"Union County, Kentucky",58260,21,225,2022
"Warren County, Kentucky",63074,21,227,2022
"Washington County, Kentucky",65456,21,229,2022
"Wayne County, Kentucky",41583,21,231,2022
"Webster County, Kentucky",55451,21,233,2022
"Whitley County, Kentucky",44332,21,235,2022
"Wolfe County, Kentucky",28666,21,237,2022
"Woodford County, Kentucky",78295,21,239,2022
"Acadia Parish, Louisiana",44977,22,001,2022
"Allen Parish, Louisiana",52755,22,003,2022
"Ascension Parish, Louisiana",93800,22,005,2022
"Assumption Parish, Louisiana",47023,22,007,2022
"Avoyelles Parish, Louisiana",38696,22,009,2022
"Beauregard Parish, Louisiana",68525,22,011,2022
"Bienville Parish, Louisiana",34268,22,013,2022
"Bossier Parish, Louisiana",64598,22,015,2022
"Caddo Parish, Louisiana",47572,22,017,2022
"Calcasieu Parish, Louisiana",64370,22,019,2022
"Caldwell Parish, Louisiana",45707,22,021,2022
"Cameron Parish, Louisiana",69847,22,023,2022
"Catahoula Parish, Louisiana",48259,22,025,2022
"Claiborne Parish, Louisiana",32034,22,027,2022
"Concordia Parish, Louisiana",38929,22,029,2022
"De Soto Parish, Louisiana",49807,22,031,2022
"East Baton Rouge Parish, Louisiana",62083,22,033,2022
"East Carroll Parish, Louisiana",30856,22,035,2022
"East Feliciana Parish, Louisiana",64709,22,037,2022
"Evangeline Parish, Louisiana",34526,22,039,2022
"Franklin Parish, Louisiana",41129,22,041,2022
"Grant Parish, Louisiana",57362,22,043,2022
"Iberia Parish, Louisiana",55190,22,045,2022
"Iberville Parish, Louisiana",59410,22,047,2022
"Jackson Parish, Louisiana",40406,22,049,2022
"Jefferson Parish, Louisiana",63257,22,051,2022
"Jefferson Davis Parish, Louisiana",52470,22,053,2022
"Lafayette Parish, Louisiana",66617,22,055,2022
"Lafourche Parish, Louisiana",61381,22,057,2022
"LaSalle Parish, Louisiana",59926,22,059,2022
"Lincoln Parish, Louisiana",37001,22,061,2022
"Livingston Parish, Louisiana",77978,22,063,2022
"Madison Parish, Louisiana",34508,22,065,2022
"Morehouse Parish, Louisiana",37875,22,067,2022
"Natchitoches Parish, Louisiana",41310,22,069,2022
"Orleans Parish, Louisiana",51116,22,071,2022
"Ouachita Parish, Louisiana",49261,22,073,2022
"Plaquemines Parish, Louisiana",77996,22,075,2022
"Pointe Coupee Parish, Louisiana",53045,22,077,2022
"Rapides Parish, Louisiana",55407,22,079,2022
"Red River Parish, Louisiana",43821,22,081,2022
"Richland Parish, Louisiana",48125,22,083,2022
"Sabine Parish, Louisiana",40777,22,085,2022
"St. Bernard Parish, Louisiana",55857,22,087,2022
"St. Charles Parish, Louisiana",79191,22,089,2022
"St. Helena Parish, Louisiana",46402,22,091,2022
"St. James Parish, Louisiana",62946,22,093,2022
"St. John the Baptist Parish, Louisiana",65114,22,095,2022
"St. Landry Parish, Louisiana",44478,22,097,2022
"St. Martin Parish, Louisiana",50806,22,099,2022
"St. Mary Parish, Louisiana",47322,22,101,2022
"St. Tammany Parish, Louisiana",76914,22,103,2022
"Tangipahoa Parish, Louisiana",55274,22,105,2022
"Tensas Parish, Louisiana",35653,22,107,2022
"Terrebonne Parish, Louisiana",63088,22,109,2022
"Union Parish, Louisiana",47068,22,111,2022
"Vermilion Parish, Louisiana",56194,22,113,2022
"Vernon Parish, Louisiana",56547,22,115,2022
"Washington Parish, Louisiana",41803,22,117,2022
"Webster Parish, Louisiana",34263,22,119,2022
"West Baton Rouge Parish, Louisiana",80510,22,121,2022
"West Carroll Parish, Louisiana",45035,22,123,2022
"West Feliciana Parish, Louisiana",71985,22,125,2022
"Winn Parish, Louisiana",44922,22,127,2022
"Androscoggin County, Maine",64500,23,001,2022
"Aroostook County, Maine",50843,23,003,2022
"Cumberland County, Maine",87710,23,005,2022
"Franklin County, Maine",56890,23,007,2022
"Hancock County, Maine",64149,23,009,2022
"Kennebec County, Maine",62118,23,011,2022
"Knox County, Maine",68904,23,013,2022
"Lincoln County, Maine",69638,23,015,2022
"Oxford County, Maine",54780,23,017,2022
"Penobscot County, Maine",59438,23,019,2022
"Piscataquis County, Maine",51805,23,021,2022
"Sagadahoc County, Maine",77591,23,023,2022
"Somerset County, Maine",53527,23,025,2022
"Waldo County, Maine",62694,23,027,2022
"Washington County, Maine",51669,23,029,2022
"York County, Maine",79743,23,031,2022
"Allegany County, Maryland",55248,24,001,2022
"Anne Arundel County, Maryland",116009,24,003,2022
"Baltimore County, Maryland",88157,24,005,2022
"Calvert County, Maryland",128078,24,009,2022
"Caroline County, Maryland",65326,24,011,2022
"Carroll County, Maryland",111672,24,013,2022
"Cecil County, Maryland",86869,24,015,2022
"Charles County, Maryland",116882,24,017,2022
"Dorchester County, Maryland",57490,24,019,2022
"Frederick County, Maryland",115724,24,021,2022
"Garrett County, Maryland",64447,24,023,2022
"Harford County, Maryland",106417,24,025,2022
"Howard County, Maryland",140971,24,027,2022
"Kent County, Maryland",71635,24,029,2022
"Montgomery County, Maryland",125583,24,031,2022
"Prince George's County, Maryland",97935,24,033,2022
"Queen Anne's County, Maryland",108332,24,035,2022
"St. Mary's County, Maryland",113668,24,037,2022
"Somerset County, Maryland",52149,24,039,2022
"Talbot County, Maryland",81667,24,041,2022
"Washington County, Maryland",73017,24,043,2022
"Wicomico County, Maryland",69421,24,045,2022
"Worcester County, Maryland",76689,24,047,2022
"Baltimore city, Maryland",58349,24,510,2022
"Barnstable County, Massachusetts",90447,25,001,2022
"Berkshire County, Massachusetts",69744,25,003,2022
"Bristol County, Massachusetts",80628,25,005,2022
"Dukes County, Massachusetts",93225,25,007,2022
"Essex County, Massachusetts",94378,25,009,2022
"Franklin County, Massachusetts",70383,25,011,2022
"Hampden County, Massachusetts",66619,25,013,2022
"Hampshire County, Massachusetts",84025,25,015,2022
"Middlesex County, Massachusetts",121304,25,017,2022
"Nantucket County, Massachusetts",135590,25,019,2022
"Norfolk County, Massachusetts",120621,25,021,2022
"Plymouth County, Massachusetts",105387,25,023,2022
"Suffolk County, Massachusetts",87669,25,025,2022
"Worcester County, Massachusetts",88524,25,027,2022
"Alcona County, Michigan",50295,26,001,2022
"Alger County, Michigan",55528,26,003,2022
"Allegan County, Michigan",75543,26,005,2022
"Alpena County, Michigan",49133,26,007,2022
"Antrim County, Michigan",68850,26,009,2022
"Arenac County, Michigan",53487,26,011,2022
"Baraga County, Michigan",51911,26,013,2022
"Barry County, Michigan",75182,26,015,2022
"Bay County, Michigan",57887,26,017,2022
"Benzie County, Michigan",71327,26,019,2022
"Berrien County, Michigan",60379,26,021,2022
"Branch County, Michigan",60600,26,023,2022
"Calhoun County, Michigan",58191,26,025,2022
"Cass County, Michigan",65183,26,027,2022
"Charlevoix County, Michigan",69764,26,029,2022
"Cheboygan County, Michigan",59557,26,031,2022
"Chippewa County, Michigan",58408,26,033,2022
"Clare County, Michigan",47816,26,035,2022
"Clinton County, Michigan",82594,26,037,2022
"Crawford County, Michigan",57998,26,039,2022
"Delta County, Michigan",53852,26,041,2022
"Dickinson County, Michigan",59651,26,043,2022
"Eaton County, Michigan",77158,26,045,2022
"Emmet County, Michigan",69690,26,047,2022
"Genesee County, Michigan",58594,26,049,2022
"Gladwin County, Michigan",53717,26,051,2022
"Gogebic County, Michigan",47913,26,053,2022
"Grand Traverse County, Michigan",75553,26,055,2022
"Gratiot County, Michigan",57934,26,057,2022
"Hillsdale County, Michigan",59425,26,059,2022
"Houghton County, Michigan",52736,26,061,2022
"Huron County, Michigan",54475,26,063,2022
"Ingham County, Michigan",62548,26,065,2022
"Ionia County, Michigan",71720,26,067,2022
"Iosco County, Michigan",46224,26,069,2022
"Iron County, Michigan",52241,26,071,2022
"Isabella County, Michigan",52638,26,073,2022
"Jackson County, Michigan",62581,26,075,2022
"Kalamazoo County, Michigan",67905,26,077,2022
"Kalkaska County, Michigan",56380,26,079,2022
"Kent County, Michigan",76247,26,081,2022
"Keweenaw County, Michigan",55560,26,083,2022
"Lake County, Michigan",45946,26,085,2022
"Lapeer County, Michigan",75402,26,087,2022
"Leelanau County, Michigan",82345,26,089,2022
"Lenawee County, Michigan",65484,26,091,2022
"Livingston County, Michigan",96135,26,093,2022
"Luce County, Michigan",51015,26,095,2022
"Mackinac County, Michigan",60620,26,097,2022
"Macomb County, Michigan",73876,26,099,2022
"Manistee County, Michigan",59467,26,101,2022
"Marquette County, Michigan",63115,26,103,2022
"Mason County, Michigan",60744,26,105,2022
"Mecosta County, Michigan",54132,26,107,2022
"Menominee County, Michigan",54074,26,109,2022
"Midland County, Michigan",73643,26,111,2022
"Missaukee County, Michigan",57667,26,113,2022
"Monroe County, Michigan",72573,26,115,2022
"Montcalm County, Michigan",61250,26,117,2022
"Montmorency County, Michigan",46345,26,119,2022
"Muskegon County, Michigan",61347,26,121,2022
"Newaygo County, Michigan",59065,26,123,2022
"Oakland County, Michigan",92620,26,125,2022
"Oceana County, Michigan",60691,26,127,2022
"Ogemaw County, Michigan",50377,26,129,2022
"Ontonagon County, Michigan",48316,26,131,2022
"Osceola County, Michigan",54875,26,133,2022
"Oscoda County, Michigan",48692,26,135,2022
"Otsego County, Michigan",62865,26,137,2022
"Ottawa County, Michigan",83932,26,139,2022
"Presque Isle County, Michigan",55986,26,141,2022
"Roscommon County, Michigan",49898,26,143,2022
"Saginaw County, Michigan",56579,26,145,2022
"St. Clair County, Michigan",66887,26,147,2022
"St. Joseph County, Michigan",62281,26,149,2022
"Sanilac County, Michigan",55740,26,151,2022
"Schoolcraft County, Michigan",55071,26,153,2022
"Shiawassee County, Michigan",62498,26,155,2022
"Tuscola County, Michigan",59815,26,157,2022
"Van Buren County, Michigan",65531,26,159,2022
"Washtenaw County, Michigan",84245,26,161,2022
"Wayne County, Michigan",57223,26,163,2022
"Wexford County, Michigan",58652,26,165,2022
"Aitkin County, Minnesota",56406,27,001,2022
"Anoka County, Minnesota",95782,27,003,2022
"Becker County, Minnesota",68683,27,005,2022
"Beltrami County, Minnesota",62173,27,007,2022
"Benton County, Minnesota",70346,27,009,2022
"Big Stone County, Minnesota",63024,27,011,2022
"Blue Earth County, Minnesota",70906,27,013,2022
"Brown County, Minnesota",67038,27,015,2022
"Carlton County, Minnesota",74660,27,017,2022
"Carver County, Minnesota",116308,27,019,2022
"Cass County, Minnesota",61970,27,021,2022
"Chippewa County, Minnesota",62112,27,023,2022
"Chisago County, Minnesota",97446,27,025,2022
"Clay County, Minnesota",75006,27,027,2022
"Clearwater County, Minnesota",62723,27,029,2022
"Cook County, Minnesota",71937,27,031,2022
"Cottonwood County, Minnesota",63586,27,033,2022
"Crow Wing County, Minnesota",65975,27,035,2022
"Dakota County, Minnesota",101360,27,037,2022
"Dodge County, Minnesota",92890,27,039,2022
"Douglas County, Minnesota",72472,27,041,2022
"Faribault County, Minnesota",64000,27,043,2022
"Fillmore County, Minnesota",73234,27,045,2022
"Freeborn County, Minnesota",65679,27,047,2022
"Goodhue County, Minnesota",78338,27,049,2022
"Grant County, Minnesota",67600,27,051,2022
"Hennepin County, Minnesota",92595,27,053,2022
"Houston County, Minnesota",71580,27,055,2022
"Hubbard County, Minnesota",67197,27,057,2022
"Isanti County, Minnesota",84063,27,059,2022
"Itasca County, Minnesota",63962,27,061,2022
"Jackson County, Minnesota",68368,27,063,2022
"Kanabec County, Minnesota",68995,27,065,2022
"Kandiyohi County, Minnesota",73285,27,067,2022
"Kittson County, Minnesota",66000,27,069,2022
"Koochiching County, Minnesota",59779,27,071,2022
"Lac qui Parle County, Minnesota",66967,27,073,2022
"Lake County, Minnesota",73860,27,075,2022
"Lake of the Woods County, Minnesota",61667,27,077,2022
"Le Sueur County, Minnesota",87180,27,079,2022
"Lincoln County, Minnesota",64750,27,081,2022
"Lyon County, Minnesota",68919,27,083,2022
"McLeod County, Minnesota",73296,27,085,2022
"Mahnomen County, Minnesota",52739,27,087,2022
"Marshall County, Minnesota",69396,27,089,2022
"Martin County, Minnesota",61674,27,091,2022
"Meeker County, Minnesota",75926,27,093,2022
"Mille Lacs County, Minnesota",68088,27,095,2022
"Morrison County, Minnesota",66264,27,097,2022
"Mower County, Minnesota",66972,27,099,2022
"Murray County, Minnesota",71500,27,101,2022
"Nicollet County, Minnesota",79113,27,103,2022
"Nobles County, Minnesota",62973,27,105,2022
"Norman County, Minnesota",65278,27,107,2022
"Olmsted County, Minnesota",90420,27,109,2022
"Otter Tail County, Minnesota",67990,27,111,2022
"Pennington County, Minnesota",71504,27,113,2022
"Pine County, Minnesota",65059,27,115,2022
"Pipestone County, Minnesota",68341,27,117,2022
"Polk County, Minnesota",69540,27,119,2022
"Pope County, Minnesota",71212,27,121,2022
"Ramsey County, Minnesota",78108,27,123,2022
"Red Lake County, Minnesota",73889,27,125,2022
"Redwood County, Minnesota",65617,27,127,2022
"Renville County, Minnesota",66313,27,129,2022
"Rice County, Minnesota",78214,27,131,2022
"Rock County, Minnesota",75060,27,133,2022
"Roseau County, Minnesota",70122,27,135,2022
"St. Louis County, Minnesota",66491,27,137,2022
"Scott County, Minnesota",118268,27,139,2022
"Sherburne County, Minnesota",99431,27,141,2022
"Sibley County, Minnesota",74781,27,143,2022
"Stearns County, Minnesota",73105,27,145,2022
"Steele County, Minnesota",79722,27,147,2022
"Stevens County, Minnesota",69737,27,149,2022
"Swift County, Minnesota",58362,27,151,2022
"Todd County, Minnesota",63216,27,153,2022
"Traverse County, Minnesota",63456,27,155,2022
"Wabasha County, Minnesota",75063,27,157,2022
"Wadena County, Minnesota",54747,27,159,2022
"Waseca County, Minnesota",71856,27,161,2022
"Washington County, Minnesota",110828,27,163,2022
"Watonwan County, Minnesota",65197,27,165,2022
"Wilkin County, Minnesota",67114,27,167,2022
"Winona County, Minnesota",66162,27,169,2022
"Wright County, Minnesota",102980,27,171,2022
"Yellow Medicine County, Minnesota",70605,27,173,2022
"Adams County, Mississippi",37271,28,001,2022
"Alcorn County, Mississippi",47716,28,003,2022
"Amite County, Mississippi",34866,28,005,2022
"Attala County, Mississippi",42680,28,007,2022
"Benton County, Mississippi",38750,28,009,2022
"Bolivar County, Mississippi",37845,28,011,2022
"Calhoun County, Mississippi",44505,28,013,2022
"Carroll County, Mississippi",42285,28,015,2022
"Chickasaw County, Mississippi",40224,28,017,2022
"Choctaw County, Mississippi",41887,28,019,2022
"Claiborne County, Mississippi",34282,28,021,2022
"Clarke County, Mississippi",46329,28,023,2022
"Clay County, Mississippi",37412,28,025,2022
"Coahoma County, Mississippi",36075,28,027,2022
"Copiah County, Mississippi",46889,28,029,2022
"Covington County, Mississippi",40164,28,031,2022
"DeSoto County, Mississippi",79666,28,033,2022
"Forrest County, Mississippi",49340,28,035,2022
"Franklin County, Mississippi",43942,28,037,2022
"George County, Mississippi",51349,28,039,2022
"Greene County, Mississippi",50000,28,041,2022
"Grenada County, Mississippi",45745,28,043,2022
"Hancock County, Mississippi",63623,28,045,2022
"Harrison County, Mississippi",55211,28,047,2022
"Hinds County, Mississippi",48596,28,049,2022
"Holmes County, Mississippi",28818,28,051,2022
"Humphreys County, Mississippi",31907,28,053,2022
"Issaquena County, Mississippi",17900,28,055,2022
"Itawamba County, Mississippi",57252,28,057,2022
"Jackson County, Mississippi",60045,28,059,2022
"Jasper County, Mississippi",43914,28,061,2022
"Jefferson County, Mississippi",31544,28,063,2022
"Jefferson Davis County, Mississippi",36473,28,065,2022
"Jones County, Mississippi",49451,28,067,2022
"Kemper County, Mississippi",42947,28,069,2022
"Lafayette County, Mississippi",59748,28,071,2022
"Lamar County, Mississippi",67972,28,073,2022
"Lauderdale County, Mississippi",45649,28,075,2022
"Lawrence County, Mississippi",41096,28,077,2022
"Leake County, Mississippi",46669,28,079,2022
"Lee County, Mississippi",64479,28,081,2022
"Leflore County, Mississippi",33115,28,083,2022
"Lincoln County, Mississippi",47069,28,085,2022
"Lowndes County, Mississippi",53687,28,087,2022
"Madison County, Mississippi",79105,28,089,2022
"Marion County, Mississippi",38399,28,091,2022
"Marshall County, Mississippi",51431,28,093,2022
"Monroe County, Mississippi",51190,28,095,2022
"Montgomery County, Mississippi",36845,28,097,2022
"Neshoba County, Mississippi",47400,28,099,2022
"Newton County, Mississippi",49160,28,101,2022
"Noxubee County, Mississippi",42298,28,103,2022
"Oktibbeha County, Mississippi",42953,28,105,2022
"Panola County, Mississippi",47894,28,107,2022
"Pearl River County, Mississippi",54220,28,109,2022
"Perry County, Mississippi",48333,28,111,2022
"Pike County, Mississippi",40131,28,113,2022
"Pontotoc County, Mississippi",54414,28,115,2022
"Prentiss County, Mississippi",51578,28,117,2022
"Quitman County, Mississippi",31192,28,119,2022
"Rankin County, Mississippi",76460,28,121,2022
"Scott County, Mississippi",44968,28,123,2022
"Sharkey County, Mississippi",41000,28,125,2022
"Simpson County, Mississippi",50867,28,127,2022
"Smith County, Mississippi",51983,28,129,2022
"Stone County, Mississippi",55894,28,131,2022
"Sunflower County, Mississippi",37403,28,133,2022
"Tallahatchie County, Mississippi",35428,28,135,2022
"Tate County, Mississippi",61286,28,137,2022
"Tippah County, Mississippi",47968,28,139,2022
"Tishomingo County, Mississippi",45545,28,141,2022
"Tunica County, Mississippi",41676,28,143,2022
"Union County, Mississippi",55970,28,145,2022
"Walthall County, Mississippi",37145,28,147,2022
"Warren County, Mississippi",54117,28,149,2022
"Washington County, Mississippi",38394,28,151,2022
"Wayne County, Mississippi",34875,28,153,2022
"Webster County, Mississippi",55657,28,155,2022
"Wilkinson County, Mississippi",34928,28,157,2022
"Winston County, Mississippi",45516,28,159,2022
"Yalobusha County, Mississippi",47006,28,161,2022
"Yazoo County, Mississippi",41867,28,163,2022
"Adair County, Missouri",51020,29,001,2022
"Andrew County, Missouri",68774,29,003,2022
"Atchison County, Missouri",58521,29,005,2022
"Audrain County, Missouri",51745,29,007,2022
"Barry County, Missouri",55592,29,009,2022
"Barton County, Missouri",48105,29,011,2022
"Bates County, Missouri",54122,29,013,2022
"Benton County, Missouri",50229,29,015,2022
"Bollinger County, Missouri",52306,29,017,2022
"Boone County, Missouri",66564,29,019,2022
"Buchanan County, Missouri",58303,29,021,2022
"Butler County, Missouri",47245,29,023,2022
"Caldwell County, Missouri",58269,29,025,2022
"Callaway County, Missouri",70599,29,027,2022
"Camden County, Missouri",59834,29,029,2022
"Cape Girardeau County, Missouri",65070,29,031,2022
"Carroll County, Missouri",59101,29,033,2022
"Carter County, Missouri",45737,29,035,2022
"Cass County, Missouri",82473,29,037,2022
"Cedar County, Missouri",43589,29,039,2022
"Chariton County, Missouri",61910,29,041,2022
"Christian County, Missouri",75787,29,043,2022
"Clark County, Missouri",53362,29,045,2022
"Clay County, Missouri",82264,29,047,2022
"Clinton County, Missouri",66494,29,049,2022
"Cole County, Missouri",70667,29,051,2022
"Cooper County, Missouri",62239,29,053,2022
"Crawford County, Missouri",52367,29,055,2022
"Dade County, Missouri",46806,29,057,2022
"Dallas County, Missouri",46547,29,059,2022
"Daviess County, Missouri",59706,29,061,2022
"DeKalb County, Missouri",67910,29,063,2022
"Dent County, Missouri",51410,29,065,2022
"Douglas County, Missouri",47848,29,067,2022
"Dunklin County, Missouri",44868,29,069,2022
"Franklin County, Missouri",70111,29,071,2022
"Gasconade County, Missouri",62638,29,073,2022
"Gentry County, Missouri",53799,29,075,2022
"Greene County, Missouri",54968,29,077,2022
"Grundy County, Missouri",51045,29,079,2022
"Harrison County, Missouri",51809,29,081,2022
"Henry County, Missouri",54903,29,083,2022
"Hickory County, Missouri",33302,29,085,2022
"Holt County, Missouri",55153,29,087,2022
"Howard County, Missouri",59023,29,089,2022
"Howell County, Missouri",46401,29,091,2022
"Iron County, Missouri",53401,29,093,2022
"Jackson County, Missouri",65169,29,095,2022
"Jasper County, Missouri",54963,29,097,2022
"Jefferson County, Missouri",77217,29,099,2022
"Johnson County, Missouri",62503,29,101,2022
"Knox County, Missouri",49167,29,103,2022
"Laclede County, Missouri",49202,29,105,2022
"Lafayette County, Missouri",78397,29,107,2022
"Lawrence County, Missouri",52225,29,109,2022
"Lewis County, Missouri",49779,29,111,2022
"Lincoln County, Missouri",82543,29,113,2022
"Linn County, Missouri",58435,29,115,2022
"Livingston County, Missouri",58772,29,117,2022
"McDonald County, Missouri",46494,29,119,2022
"Macon County, Missouri",54113,29,121,2022
"Madison County, Missouri",54042,29,123,2022
"Maries County, Missouri",56491,29,125,2022
"Marion County, Missouri",62492,29,127,2022
"Mercer County, Missouri",55592,29,129,2022
"Miller County, Missouri",53490,29,131,2022
"Mississippi County, Missouri",40833,29,133,2022
"Moniteau County, Missouri",66792,29,135,2022
"Monroe County, Missouri",50245,29,137,2022
"Montgomery County, Missouri",58660,29,139,2022
"Morgan County, Missouri",48841,29,141,2022
"New Madrid County, Missouri",44092,29,143,2022
"Newton County, Missouri",60313,29,145,2022
"Nodaway County, Missouri",53917,29,147,2022
"Oregon County, Missouri",41365,29,149,2022
"Osage County, Missouri",70313,29,151,2022
"Ozark County, Missouri",39125,29,153,2022
"Pemiscot County, Missouri",37426,29,155,2022
"Perry County, Missouri",61486,29,157,2022
"Pettis County, Missouri",57581,29,159,2022
"Phelps County, Missouri",53242,29,161,2022
"Pike County, Missouri",53363,29,163,2022
"Platte County, Missouri",92543,29,165,2022
"Polk County, Missouri",54487,29,167,2022
"Pulaski County, Missouri",62541,29,169,2022
"Putnam County, Missouri",50950,29,171,2022
"Ralls County, Missouri",62615,29,173,2022
"Randolph County, Missouri",51480,29,175,2022
"Ray County, Missouri",69779,29,177,2022
"Reynolds County, Missouri",43856,29,179,2022
"Ripley County, Missouri",42541,29,181,2022
"St. Charles County, Missouri",99596,29,183,2022
"St. Clair County, Missouri",43483,29,185,2022
"Ste. Genevieve County, Missouri",61215,29,186,2022
"St. Francois County, Missouri",53083,29,187,2022
"St. Louis County, Missouri",78067,29,189,2022
"Saline County, Missouri",55396,29,195,2022
"Schuyler County, Missouri",53728,29,197,2022
"Scotland County, Missouri",58656,29,199,2022
"Scott County, Missouri",54621,29,201,2022
"Shannon County, Missouri",46767,29,203,2022
"Shelby County, Missouri",50387,29,205,2022
"Stoddard County, Missouri",51703,29,207,2022
"Stone County, Missouri",58392,29,209,2022
"Sullivan County, Missouri",53438,29,211,2022
"Taney County, Missouri",54467,29,213,2022
"Texas County, Missouri",42870,29,215,2022
"Vernon County, Missouri",53318,29,217,2022
"Warren County, Missouri",75531,29,219,2022
"Washington County, Missouri",49364,29,221,2022
"Wayne County, Missouri",42758,29,223,2022
"Webster County, Missouri",65103,29,225,2022
"Worth County, Missouri",43536,29,227,2022
"Wright County, Missouri",43573,29,229,2022
"St. Louis city, Missouri",52941,29,510,2022
"Beaverhead County, Montana",55867,30,001,2022
"Big Horn County, Montana",52463,30,003,2022
"Blaine County, Montana",58507,30,005,2022
"Broadwater County, Montana",61679,30,007,2022
"Carbon County, Montana",66780,30,009,2022
"Carter County, Montana",46486,30,011,2022
"Cascade County, Montana",61351,30,013,2022
"Chouteau County, Montana",51791,30,015,2022
"Custer County, Montana",61114,30,017,2022
"Daniels County, Montana",47378,30,019,2022
"Dawson County, Montana",68168,30,021,2022
"Deer Lodge County, Montana",46436,30,023,2022
"Fallon County, Montana",79750,30,025,2022
"Fergus County, Montana",58321,30,027,2022
"Flathead County, Montana",68025,30,029,2022
"Gallatin County, Montana",83434,30,031,2022
"Garfield County, Montana",61786,30,033,2022
"Glacier County, Montana",41078,30,035,2022
"Golden Valley County, Montana",54792,30,037,2022
"Granite County, Montana",53917,30,039,2022
"Hill County, Montana",58427,30,041,2022
"Jefferson County, Montana",73875,30,043,2022
"Judith Basin County, Montana",58750,30,045,2022
"Lake County, Montana",58009,30,047,2022
"Lewis and Clark County, Montana",71967,30,049,2022
"Liberty County, Montana",48047,30,051,2022
"Lincoln County, Montana",44593,30,053,2022
"McCone County, Montana",79022,30,055,2022
"Madison County, Montana",61226,30,057,2022
"Meagher County, Montana",55753,30,059,2022
"Mineral County, Montana",56098,30,061,2022
"Missoula County, Montana",66840,30,063,2022
"Musselshell County, Montana",54875,30,065,2022
"Park County, Montana",67602,30,067,2022
"Petroleum County, Montana",57981,30,069,2022
"Phillips County, Montana",61250,30,071,2022
"Pondera County, Montana",59861,30,073,2022
"Powder River County, Montana",60313,30,075,2022
"Powell County, Montana",60994,30,077,2022
"Prairie County, Montana",44107,30,079,2022
"Ravalli County, Montana",67424,30,081,2022
"Richland County, Montana",67515,30,083,2022
"Roosevelt County, Montana",51038,30,085,2022
"Rosebud County, Montana",57656,30,087,2022
"Sanders County, Montana",47110,30,089,2022
"Sheridan County, Montana",67457,30,091,2022
"Silver Bow County, Montana",56297,30,093,2022
"Stillwater County, Montana",78380,30,095,2022
"Sweet Grass County, Montana",64872,30,097,2022
"Teton County, Montana",65224,30,099,2022
"Toole County, Montana",54040,30,101,2022
"Treasure County, Montana",70096,30,103,2022
"Valley County, Montana",59725,30,105,2022
"Wheatland County, Montana",48272,30,107,2022
"Wibaux County, Montana",58750,30,109,2022
"Yellowstone County, Montana",72300,30,111,2022
"Adams County, Nebraska",61502,31,001,2022
"Antelope County, Nebraska",61924,31,003,2022
"Arthur County, Nebraska",66667,31,005,2022
"Banner County, Nebraska",62375,31,007,2022
"Blaine County, Nebraska",52083,31,009,2022
"Boone County, Nebraska",66800,31,011,2022
"Box Butte County, Nebraska",67893,31,013,2022
"Boyd County, Nebraska",57120,31,015,2022
"Brown County, Nebraska",44267,31,017,2022
"Buffalo County, Nebraska",70093,31,019,2022
"Burt County, Nebraska",54950,31,021,2022
"Butler County, Nebraska",75690,31,023,2022
"Cass County, Nebraska",87673,31,025,2022
"Cedar County, Nebraska",72035,31,027,2022
"Chase County, Nebraska",57313,31,029,2022
"Cherry County, Nebraska",62373,31,031,2022
"Cheyenne County, Nebraska",54038,31,033,2022
"Clay County, Nebraska",73933,31,035,2022
"Colfax County, Nebraska",71205,31,037,2022
"Cuming County, Nebraska",68917,31,039,2022
"Custer County, Nebraska",62288,31,041,2022
"Dakota County, Nebraska",66112,31,043,2022
"Dawes County, Nebraska",53760,31,045,2022
"Dawson County, Nebraska",67462,31,047,2022
"Deuel County, Nebraska",58875,31,049,2022
"Dixon County, Nebraska",60568,31,051,2022
"Dodge County, Nebraska",66793,31,053,2022
"Douglas County, Nebraska",76083,31,055,2022
"Dundy County, Nebraska",58977,31,057,2022
"Fillmore County, Nebraska",72335,31,059,2022
"Franklin County, Nebraska",55625,31,061,2022
"Frontier County, Nebraska",62928,31,063,2022
"Furnas County, Nebraska",58895,31,065,2022
"Gage County, Nebraska",60035,31,067,2022
"Garden County, Nebraska",47139,31,069,2022
"Garfield County, Nebraska",64957,31,071,2022
"Gosper County, Nebraska",76583,31,073,2022
"Grant County, Nebraska",65139,31,075,2022
"Greeley County, Nebraska",52813,31,077,2022
"Hall County, Nebraska",63553,31,079,2022
"Hamilton County, Nebraska",73254,31,081,2022
"Harlan County, Nebraska",64583,31,083,2022
"Hayes County, Nebraska",59405,31,085,2022
"Hitchcock County, Nebraska",49456,31,087,2022
"Holt County, Nebraska",66325,31,089,2022
"Hooker County, Nebraska",43333,31,091,2022
"Howard County, Nebraska",70766,31,093,2022
"Jefferson County, Nebraska",54494,31,095,2022
"Johnson County, Nebraska",64352,31,097,2022
"Kearney County, Nebraska",74276,31,099,2022
"Keith County, Nebraska",59511,31,101,2022
"Keya Paha County, Nebraska",63977,31,103,2022
"Kimball County, Nebraska",53151,31,105,2022
"Knox County, Nebraska",61250,31,107,2022
"Lancaster County, Nebraska",70387,31,109,2022
"Lincoln County, Nebraska",63019,31,111,2022
"Logan County, Nebraska",69250,31,113,2022
"Loup County, Nebraska",50000,31,115,2022
"McPherson County, Nebraska",58250,31,117,2022
"Madison County, Nebraska",61139,31,119,2022
"Merrick County, Nebraska",57873,31,121,2022
"Morrill County, Nebraska",57325,31,123,2022
"Nance County, Nebraska",60054,31,125,2022
"Nemaha County, Nebraska",57196,31,127,2022
"Nuckolls County, Nebraska",66000,31,129,2022
"Otoe County, Nebraska",73031,31,131,2022
"Pawnee County, Nebraska",55833,31,133,2022
"Perkins County, Nebraska",61786,31,135,2022
"Phelps County, Nebraska",65114,31,137,2022
"Pierce County, Nebraska",65603,31,139,2022
"Platte County, Nebraska",69943,31,141,2022
"Polk County, Nebraska",67695,31,143,2022
"Red Willow County, Nebraska",58344,31,145,2022
"Richardson County, Nebraska",50321,31,147,2022
"Rock County, Nebraska",57566,31,149,2022
"Saline County, Nebraska",71104,31,151,2022
"Sarpy County, Nebraska",95911,31,153,2022
"Saunders County, Nebraska",84474,31,155,2022
"Scotts Bluff County, Nebraska",60137,31,157,2022
"Seward County, Nebraska",79677,31,159,2022
"Sheridan County, Nebraska",53609,31,161,2022
"Sherman County, Nebraska",60194,31,163,2022
"Sioux County, Nebraska",50833,31,165,2022
"Stanton County, Nebraska",76035,31,167,2022
"Thayer County, Nebraska",60305,31,169,2022
"Thomas County, Nebraska",70069,31,171,2022
"Thurston County, Nebraska",63459,31,173,2022
"Valley County, Nebraska",62321,31,175,2022
"Washington County, Nebraska",89671,31,177,2022
"Wayne County, Nebraska",64951,31,179,2022
"Webster County, Nebraska",62571,31,181,2022
"Wheeler County, Nebraska",59167,31,183,2022
"York County, Nebraska",72914,31,185,2022
"Churchill County, Nevada",69922,32,001,2022
"Clark County, Nevada",69911,32,003,2022
"Douglas County, Nevada",84262,32,005,2022
"Elko County, Nevada",87755,32,007,2022
"Esmeralda County, Nevada",40694,32,009,2022
"Eureka County, Nevada",73929,32,011,2022
"Humboldt County, Nevada",75574,32,013,2022
"Lander County, Nevada",92388,32,015,2022
"Lincoln County, Nevada",67412,32,017,2022
"Lyon County, Nevada",70026,32,019,2022
"Mineral County, Nevada",46625,32,021,2022
"Nye County, Nevada",53602,32,023,2022
"Pershing County, Nevada",66304,32,027,2022
"Storey County, Nevada",86932,32,029,2022
"Washoe County, Nevada",81531,32,031,2022
"White Pine County, Nevada",71297,32,033,2022
"Carson City, Nevada",67465,32,510,2022
"Belknap County, New Hampshire",80719,33,001,2022
"Carroll County, New Hampshire",77049,33,003,2022
"Cheshire County, New Hampshire",76551,33,005,2022
"Coos County, New Hampshire",55247,33,007,2022
"Grafton County, New Hampshire",79949,33,009,2022
"Hillsborough County, New Hampshire",95112,33,011,2022
"Merrimack County, New Hampshire",88806,33,013,2022
"Rockingham County, New Hampshire",110225,33,015,2022
"Strafford County, New Hampshire",83212,33,017,2022
"Sullivan County, New Hampshire",70788,33,019,2022
"Atlantic County, New Jersey",73113,34,001,2022
"Bergen County, New Jersey",118714,34,003,2022
"Burlington County, New Jersey",102615,34,005,2022
"Camden County, New Jersey",82005,34,007,2022
"Cape May County, New Jersey",83870,34,009,2022
"Cumberland County, New Jersey",62310,34,011,2022
"Essex County, New Jersey",73785,34,013,2022
"Gloucester County, New Jersey",99668,34,015,2022
"Hudson County, New Jersey",86854,34,017,2022
"Hunterdon County, New Jersey",133534,34,019,2022
"Mercer County, New Jersey",92697,34,021,2022
"Middlesex County, New Jersey",105206,34,023,2022
"Monmouth County, New Jersey",118527,34,025,2022
"Morris County, New Jersey",130808,34,027,2022
"Ocean County, New Jersey",82379,34,029,2022
"Passaic County, New Jersey",84465,34,031,2022
"Salem County, New Jersey",73378,34,033,2022
"Somerset County, New Jersey",131948,34,035,2022
"Sussex County, New Jersey",111094,34,037,2022
"Union County, New Jersey",95000,34,039,2022
"Warren County, New Jersey",92620,34,041,2022
"Bernalillo County, New Mexico",62220,35,001,2022
"Catron County, New Mexico",44777,35,003,2022
"Chaves County, New Mexico",49673,35,005,2022
"Cibola County, New Mexico",49866,35,006,2022
"Colfax County, New Mexico",46286,35,007,2022
"Curry County, New Mexico",55427,35,009,2022
"De Baca County, New Mexico",34702,35,011,2022
"Doña Ana County, New Mexico",51232,35,013,2022
"Eddy County, New Mexico",77458,35,015,2022
"Grant County, New Mexico",44895,35,017,2022
"Guadalupe County, New Mexico",38713,35,019,2022
"Harding County, New Mexico",39489,35,021,2022
"Hidalgo County, New Mexico",53651,35,023,2022
"Lea County, New Mexico",65855,35,025,2022
"Lincoln County, New Mexico",47919,35,027,2022
"Los Alamos County, New Mexico",135801,35,028,2022
"Luna County, New Mexico",38241,35,029,2022
"McKinley County, New Mexico",44029,35,031,2022
"Mora County, New Mexico",40231,35,033,2022
"Otero County, New Mexico",50833,35,035,2022
"Quay County, New Mexico",38998,35,037,2022
"Rio Arriba County, New Mexico",52031,35,039,2022
"Roosevelt County, New Mexico",52644,35,041,2022
"Sandoval County, New Mexico",76424,35,043,2022
"San Juan County, New Mexico",50734,35,045,2022
"San Miguel County, New Mexico",43490,35,047,2022
"Santa Fe County, New Mexico",70522,35,049,2022
"Sierra County, New Mexico",35256,35,051,2022
"Socorro County, New Mexico",40699,35,053,2022
"Taos County, New Mexico",55145,35,055,2022
"Torrance County, New Mexico",50727,35,057,2022
"Union County, New Mexico",41714,35,059,2022
"Valencia County, New Mexico",56246,35,061,2022
"Albany County, New York",78829,36,001,2022
"Allegany County, New York",58725,36,003,2022
"Bronx County, New York",47036,36,005,2022
"Broome County, New York",58317,36,007,2022
"Cattaraugus County, New York",56889,36,009,2022
"Cayuga County, New York",63227,36,011,2022
"Chautauqua County, New York",54625,36,013,2022
"Chemung County, New York",61358,36,015,2022
"Chenango County, New York",61741,36,017,2022
"Clinton County, New York",67097,36,019,2022
"Columbia County, New York",81741,36,021,2022
"Cortland County, New York",65029,36,023,2022
"Delaware County, New York",58338,36,025,2022
"Dutchess County, New York",94578,36,027,2022
"Erie County, New York",68014,36,029,2022
"Essex County, New York",68090,36,031,2022
"Franklin County, New York",60270,36,033,2022
"Fulton County, New York",60557,36,035,2022
"Genesee County, New York",68178,36,037,2022
"Greene County, New York",70294,36,039,2022
"Hamilton County, New York",66891,36,041,2022
"Herkimer County, New York",68104,36,043,2022
"Jefferson County, New York",62782,36,045,2022
"Kings County, New York",74692,36,047,2022
"Lewis County, New York",64401,36,049,2022
"Livingston County, New York",70443,36,051,2022
"Madison County, New York",68869,36,053,2022
"Monroe County, New York",71450,36,055,2022
"Montgomery County, New York",58033,36,057,2022
"Nassau County, New York",137709,36,059,2022
"New York County, New York",99880,36,061,2022
"Niagara County, New York",65882,36,063,2022
"Oneida County, New York",66402,36,065,2022
"Onondaga County, New York",71479,36,067,2022
"Ontario County, New York",76603,36,069,2022
"Orange County, New York",91806,36,071,2022
"Orleans County, New York",61069,36,073,2022
"Oswego County, New York",65054,36,075,2022
"Otsego County, New York",65778,36,077,2022
"Putnam County, New York",120970,36,079,2022
"Queens County, New York",82431,36,081,2022
"Rensselaer County, New York",83734,36,083,2022
"Richmond County, New York",96185,36,085,2022
"Rockland County, New York",106173,36,087,2022
"St. Lawrence County, New York",58339,36,089,2022
"Saratoga County, New York",97038,36,091,2022
"Schenectady County, New York",75056,36,093,2022
"Schoharie County, New York",71479,36,095,2022
"Schuyler County, New York",61316,36,097,2022
"Seneca County, New York",64050,36,099,2022
"Steuben County, New York",62506,36,101,2022
"Suffolk County, New York",122498,36,103,2022
"Sullivan County, New York",67841,36,105,2022
"Tioga County, New York",70427,36,107,2022
"Tompkins County, New York",69995,36,109,2022
"Ulster County, New York",77197,36,111,2022
"Warren County, New York",74531,36,113,2022
"Washington County, New York",68703,36,115,2022
"Wayne County, New York",71007,36,117,2022
"Westchester County, New York",114651,36,119,2022
"Wyoming County, New York",65066,36,121,2022
"Yates County, New York",63974,36,123,2022
"Alamance County, North Carolina",60866,37,001,2022
"Alexander County, North Carolina",62764,37,003,2022
"Alleghany County, North Carolina",42115,37,005,2022
"Anson County, North Carolina",42000,37,007,2022
"Ashe County, North Carolina",49176,37,009,2022
"Avery County, North Carolina",53513,37,011,2022
"Beaufort County, North Carolina",56081,37,013,2022
"Bertie County, North Carolina",41652,37,015,2022
"Bladen County, North Carolina",40476,37,017,2022
"Brunswick County, North Carolina",71193,37,019,2022
"Buncombe County, North Carolina",66531,37,021,2022
"Burke County, North Carolina",53732,37,023,2022
"Cabarrus County, North Carolina",83828,37,025,2022
"Caldwell County, North Carolina",52362,37,027,2022
"Camden County, North Carolina",79120,37,029,2022
"Carteret County, North Carolina",66965,37,031,2022
"Caswell County, North Carolina",56999,37,033,2022
"Catawba County, North Carolina",62070,37,035,2022
"Chatham County, North Carolina",84222,37,037,2022
"Cherokee County, North Carolina",49254,37,039,2022
"Chowan County, North Carolina",51188,37,041,2022
"Clay County, North Carolina",57065,37,043,2022
"Cleveland County, North Carolina",50723,37,045,2022
"Columbus County, North Carolina",43206,37,047,2022
"Craven County, North Carolina",61676,37,049,2022
"Cumberland County, North Carolina",55551,37,051,2022
"Currituck County, North Carolina",82793,37,053,2022
"Dare County, North Carolina",79742,37,055,2022
"Davidson County, North Carolina",58473,37,057,2022
"Davie County, North Carolina",69105,37,059,2022
"Duplin County, North Carolina",49376,37,061,2022
"Durham County, North Carolina",74927,37,063,2022
"Edgecombe County, North Carolina",46370,37,065,2022
"Forsyth County, North Carolina",61229,37,067,2022
"Franklin County, North Carolina",70493,37,069,2022
"Gaston County, North Carolina",62628,37,071,2022
"Gates County, North Carolina",55750,37,073,2022
"Graham County, North Carolina",46010,37,075,2022
"Granville County, North Carolina",68079,37,077,2022
"Greene County, North Carolina",50320,37,079,2022
"Guilford County, North Carolina",62880,37,081,2022
"Halifax County, North Carolina",41629,37,083,2022
"Harnett County, North Carolina",64992,37,085,2022
"Haywood County, North Carolina",56596,37,087,2022
"Henderson County, North Carolina",65508,37,089,2022
"Hertford County, North Carolina",46196,37,091,2022
"Hoke County, North Carolina",57141,37,093,2022
"Hyde County, North Carolina",43724,37,095,2022
"Iredell County, North Carolina",73103,37,097,2022
"Jackson County, North Carolina",51482,37,099,2022
"Johnston County, North Carolina",75288,37,101,2022
"Jones County, North Carolina",53053,37,103,2022
"Lee County, North Carolina",60941,37,105,2022
"Lenoir County, North Carolina",43063,37,107,2022
"Lincoln County, North Carolina",75672,37,109,2022
"McDowell County, North Carolina",53532,37,111,2022
"Macon County, North Carolina",51042,37,113,2022
"Madison County, North Carolina",56664,37,115,2022
"Martin County, North Carolina",44799,37,117,2022
"Mecklenburg County, North Carolina",79265,37,119,2022
"Mitchell County, North Carolina",55534,37,121,2022
"Montgomery County, North Carolina",55523,37,123,2022
"Moore County, North Carolina",77981,37,125,2022
"Nash County, North Carolina",56770,37,127,2022
"New Hanover County, North Carolina",67515,37,129,2022
"Northampton County, North Carolina",45698,37,131,2022
"Onslow County, North Carolina",59976,37,133,2022
"Orange County, North Carolina",85785,37,135,2022
"Pamlico County, North Carolina",55867,37,137,2022
"Pasquotank County, North Carolina",61411,37,139,2022
"Pender County, North Carolina",74538,37,141,2022
"Perquimans County, North Carolina",59401,37,143,2022
"Person County, North Carolina",60688,37,145,2022
"Pitt County, North Carolina",54915,37,147,2022
"Polk County, North Carolina",60465,37,149,2022
"Randolph County, North Carolina",56423,37,151,2022
"Richmond County, North Carolina",42354,37,153,2022
"Robeson County, North Carolina",39393,37,155,2022
"Rockingham County, North Carolina",50737,37,157,2022
"Rowan County, North Carolina",59717,37,159,2022
"Rutherford County, North Carolina",50512,37,161,2022
"Sampson County, North Carolina",49963,37,163,2022
"Scotland County, North Carolina",41948,37,165,2022
"Stanly County, North Carolina",60634,37,167,2022
"Stokes County, North Carolina",57539,37,169,2022
"Surry County, North Carolina",52743,37,171,2022
"Swain County, North Carolina",52818,37,173,2022
"Transylvania County, North Carolina",62056,37,175,2022
"Tyrrell County, North Carolina",55341,37,177,2022
"Union County, North Carolina",95533,37,179,2022
"Vance County, North Carolina",48340,37,181,2022
"Wake County, North Carolina",96734,37,183,2022
"Warren County, North Carolina",42282,37,185,2022
"Washington County, North Carolina",38927,37,187,2022
"Watauga County, North Carolina",50034,37,189,2022
"Wayne County, North Carolina",54323,37,191,2022
"Wilkes County, North Carolina",49119,37,193,2022
"Wilson County, North Carolina",49827,37,195,2022
"Yadkin County, North Carolina",57486,37,197,2022
"Yancey County, North Carolina",53103,37,199,2022
"Adams County, North Dakota",57950,38,001,2022
"Barnes County, North Dakota",64447,38,003,2022
"Benson County, North Dakota",63220,38,005,2022
"Billings County, North Dakota",74000,38,007,2022
"Bottineau County, North Dakota",80113,38,009,2022
"Bowman County, North Dakota",79709,38,011,2022
"Burke County, North Dakota",94583,38,013,2022
"Burleigh County, North Dakota",82141,38,015,2022
"Cass County, North Dakota",73249,38,017,2022
"Cavalier County, North Dakota",61174,38,019,2022
"Dickey County, North Dakota",60250,38,021,2022
"Divide County, North Dakota",95938,38,023,2022
"Dunn County, North Dakota",91758,38,025,2022
"Eddy County, North Dakota",50375,38,027,2022
"Emmons County, North Dakota",63750,38,029,2022
"Foster County, North Dakota",78426,38,031,2022
"Golden Valley County, North Dakota",84750,38,033,2022
"Grand Forks County, North Dakota",64698,38,035,2022
"Grant County, North Dakota",57069,38,037,2022
"Griggs County, North Dakota",66688,38,039,2022
"Hettinger County, North Dakota",66797,38,041,2022
"Kidder County, North Dakota",57240,38,043,2022
"LaMoure County, North Dakota",70227,38,045,2022
"Logan County, North Dakota",59750,38,047,2022
"McHenry County, North Dakota",78071,38,049,2022
"McIntosh County, North Dakota",64375,38,051,2022
"McKenzie County, North Dakota",83813,38,053,2022
"McLean County, North Dakota",80556,38,055,2022
"Mercer County, North Dakota",82155,38,057,2022
"Morton County, North Dakota",79555,38,059,2022
"Mountrail County, North Dakota",81886,38,061,2022
"Nelson County, North Dakota",62219,38,063,2022
"Oliver County, North Dakota",69722,38,065,2022
"Pembina County, North Dakota",64243,38,067,2022
"Pierce County, North Dakota",59583,38,069,2022
"Ramsey County, North Dakota",61490,38,071,2022
"Ransom County, North Dakota",71462,38,073,2022
"Renville County, North Dakota",77067,38,075,2022
"Richland County, North Dakota",67089,38,077,2022
"Rolette County, North Dakota",53806,38,079,2022
"Sargent County, North Dakota",75648,38,081,2022
"Sheridan County, North Dakota",68684,38,083,2022
"Sioux County, North Dakota",41201,38,085,2022
"Slope County, North Dakota",70625,38,087,2022
"Stark County, North Dakota",78734,38,089,2022
"Steele County, North Dakota",85750,38,091,2022
"Stutsman County, North Dakota",59167,38,093,2022
"Towner County, North Dakota",61250,38,095,2022
"Traill County, North Dakota",81157,38,097,2022
"Walsh County, North Dakota",68082,38,099,2022
"Ward County, North Dakota",78143,38,101,2022
"Wells County, North Dakota",59732,38,103,2022
"Williams County, North Dakota",86139,38,105,2022
"Adams County, Ohio",46234,39,001,2022
"Allen County, Ohio",58976,39,003,2022
"Ashland County, Ohio",62254,39,005,2022
"Ashtabula County, Ohio",53663,39,007,2022
"Athens County, Ohio",48750,39,009,2022
"Auglaize County, Ohio",75231,39,011,2022
"Belmont County, Ohio",56943,39,013,2022
"Brown County, Ohio",66677,39,015,2022
"Butler County, Ohio",77062,39,017,2022
"Carroll County, Ohio",59872,39,019,2022
"Champaign County, Ohio",70486,39,021,2022
"Clark County, Ohio",58954,39,023,2022
"Clermont County, Ohio",79573,39,025,2022
"Clinton County, Ohio",64210,39,027,2022
"Columbiana County, Ohio",55473,39,029,2022
"Coshocton County, Ohio",52048,39,031,2022
"Crawford County, Ohio",52486,39,033,2022
"Cuyahoga County, Ohio",60074,39,035,2022
"Darke County, Ohio",60237,39,037,2022
"Defiance County, Ohio",69302,39,039,2022
"Delaware County, Ohio",123995,39,041,2022
"Erie County, Ohio",65171,39,043,2022
"Fairfield County, Ohio",82969,39,045,2022
"Fayette County, Ohio",56773,39,047,2022
"Franklin County, Ohio",71070,39,049,2022
"Fulton County, Ohio",71453,39,051,2022
"Gallia County, Ohio",55533,39,053,2022
"Geauga County, Ohio",97162,39,055,2022
"Greene County, Ohio",81243,39,057,2022
"Guernsey County, Ohio",53901,39,059,2022
"Hamilton County, Ohio",68249,39,061,2022
"Hancock County, Ohio",67006,39,063,2022
"Hardin County, Ohio",55876,39,065,2022
"Harrison County, Ohio",54056,39,067,2022
"Henry County, Ohio",71616,39,069,2022
"Highland County, Ohio",60522,39,071,2022
"Hocking County, Ohio",59007,39,073,2022
"Holmes County, Ohio",72987,39,075,2022
"Huron County, Ohio",64144,39,077,2022
"Jackson County, Ohio",56549,39,079,2022
"Jefferson County, Ohio",53124,39,081,2022
"Knox County, Ohio",71246,39,083,2022
"Lake County, Ohio",76835,39,085,2022
"Lawrence County, Ohio",51846,39,087,2022
"Licking County, Ohio",78505,39,089,2022
"Logan County, Ohio",69125,39,091,2022
"Lorain County, Ohio",67272,39,093,2022
"Lucas County, Ohio",57265,39,095,2022
"Madison County, Ohio",77062,39,097,2022
"Mahoning County, Ohio",54279,39,099,2022
"Marion County, Ohio",55106,39,101,2022
"Medina County, Ohio",89968,39,103,2022
"Meigs County, Ohio",46255,39,105,2022
"Mercer County, Ohio",73278,39,107,2022
"Miami County, Ohio",71440,39,109,2022
"Monroe County, Ohio",55381,39,111,2022
"Montgomery County, Ohio",61942,39,113,2022
"Morgan County, Ohio",51056,39,115,2022
"Morrow County, Ohio",70412,39,117,2022
"Muskingum County, Ohio",56810,39,119,2022
"Noble County, Ohio",51547,39,121,2022
"Ottawa County, Ohio",69515,39,123,2022
"Paulding County, Ohio",65331,39,125,2022
"Perry County, Ohio",62899,39,127,2022
"Pickaway County, Ohio",67600,39,129,2022
"Pike County, Ohio",50832,39,131,2022
"Portage County, Ohio",69796,39,133,2022
"Preble County, Ohio",66355,39,135,2022
"Putnam County, Ohio",79453,39,137,2022
"Richland County, Ohio",56557,39,139,2022
"Ross County, Ohio",58048,39,141,2022
"Sandusky County, Ohio",60814,39,143,2022
"Scioto County, Ohio",46360,39,145,2022
"Seneca County, Ohio",62476,39,147,2022
"Shelby County, Ohio",73502,39,149,2022
"Stark County, Ohio",63130,39,151,2022
"Summit County, Ohio",68360,39,153,2022
"Trumbull County, Ohio",53537,39,155,2022
"Tuscarawas County, Ohio",61953,39,157,2022
"Union County, Ohio",104496,39,159,2022
"Van Wert County, Ohio",64841,39,161,2022
"Vinton County, Ohio",50967,39,163,2022
"Warren County, Ohio",103128,39,165,2022
"Washington County, Ohio",59053,39,167,2022
"Wayne County, Ohio",70320,39,169,2022
"Williams County, Ohio",60632,39,171,2022
"Wood County, Ohio",70537,39,173,2022
"Wyandot County, Ohio",68552,39,175,2022
"Adair County, Oklahoma",44955,40,001,2022
"Alfalfa County, Oklahoma",75028,40,003,2022
"Atoka County, Oklahoma",49181,40,005,2022
"Beaver County, Oklahoma",62981,40,007,2022
"Beckham County, Oklahoma",51499,40,009,2022
"Blaine County, Oklahoma",56843,40,011,2022
"Bryan County, Oklahoma",54289,40,013,2022
"Caddo County, Oklahoma",52443,40,015,2022
"Canadian County, Oklahoma",82364,40,017,2022
"Carter County, Oklahoma",56390,40,019,2022
"Cherokee County, Oklahoma",52410,40,021,2022
"Choctaw County, Oklahoma",43252,40,023,2022
"Cimarron County, Oklahoma",57100,40,025,2022
"Cleveland County, Oklahoma",71757,40,027,2022
"Coal County, Oklahoma",47117,40,029,2022
"Comanche County, Oklahoma",57150,40,031,2022
"Cotton County, Oklahoma",60208,40,033,2022
"Craig County, Oklahoma",48018,40,035,2022
"Creek County, Oklahoma",61657,40,037,2022
"Custer County, Oklahoma",58669,40,039,2022
"Delaware County, Oklahoma",53290,40,041,2022
"Dewey County, Oklahoma",61310,40,043,2022
"Ellis County, Oklahoma",57768,40,045,2022
"Garfield County, Oklahoma",64165,40,047,2022
"Garvin County, Oklahoma",53600,40,049,2022
"Grady County, Oklahoma",74349,40,051,2022
"Grant County, Oklahoma",58980,40,053,2022
"Greer County, Oklahoma",55204,40,055,2022
"Harmon County, Oklahoma",55729,40,057,2022
"Harper County, Oklahoma",59934,40,059,2022
"Haskell County, Oklahoma",46239,40,061,2022
"Hughes County, Oklahoma",44799,40,063,2022
"Jackson County, Oklahoma",60954,40,065,2022
"Jefferson County, Oklahoma",48346,40,067,2022
"Johnston County, Oklahoma",48476,40,069,2022
"Kay County, Oklahoma",53746,40,071,2022
"Kingfisher County, Oklahoma",65167,40,073,2022
"Kiowa County, Oklahoma",42679,40,075,2022
"Latimer County, Oklahoma",42735,40,077,2022
"Le Flore County, Oklahoma",46750,40,079,2022
"Lincoln County, Oklahoma",57656,40,081,2022
"Logan County, Oklahoma",80565,40,083,2022
"Love County, Oklahoma",60758,40,085,2022
"McClain County, Oklahoma",80150,40,087,2022
"McCurtain County, Oklahoma",47046,40,089,2022
"McIntosh County, Oklahoma",43467,40,091,2022
"Major County, Oklahoma",67621,40,093,2022
"Marshall County, Oklahoma",53734,40,095,2022
"Mayes County, Oklahoma",56552,40,097,2022
"Murray County, Oklahoma",60213,40,099,2022
"Muskogee County, Oklahoma",50289,40,101,2022
"Noble County, Oklahoma",66813,40,103,2022
"Nowata County, Oklahoma",50960,40,105,2022
"Okfuskee County, Oklahoma",45429,40,107,2022
"Oklahoma County, Oklahoma",62505,40,109,2022
"Okmulgee County, Oklahoma",50819,40,111,2022
"Osage County, Oklahoma",58189,40,113,2022
"Ottawa County, Oklahoma",46186,40,115,2022
"Pawnee County, Oklahoma",56279,40,117,2022
"Payne County, Oklahoma",46658,40,119,2022
"Pittsburg County, Oklahoma",53054,40,121,2022
"Pontotoc County, Oklahoma",59457,40,123,2022
"Pottawatomie County, Oklahoma",58270,40,125,2022
"Pushmataha County, Oklahoma",42274,40,127,2022
"Roger Mills County, Oklahoma",57574,40,129,2022
"Rogers County, Oklahoma",75312,40,131,2022
"Seminole County, Oklahoma",43239,40,133,2022
"Sequoyah County, Oklahoma",47494,40,135,2022
"Stephens County, Oklahoma",57065,40,137,2022
"Texas County, Oklahoma",55682,40,139,2022
"Tillman County, Oklahoma",46306,40,141,2022
"Tulsa County, Oklahoma",65229,40,143,2022
"Wagoner County, Oklahoma",75082,40,145,2022
"Washington County, Oklahoma",59426,40,147,2022
"Washita County, Oklahoma",60600,40,149,2022
"Woods County, Oklahoma",50724,40,151,2022
"Woodward County, Oklahoma",61207,40,153,2022
"Baker County, Oregon",51657,41,001,2022
"Benton County, Oregon",72882,41,003,2022
"Clackamas County, Oregon",95740,41,005,2022
"Clatsop County, Oregon",68025,41,007,2022
"Columbia County, Oregon",83265,41,009,2022
"Coos County, Oregon",57563,41,011,2022
"Crook County, Oregon",74969,41,013,2022
"Curry County, Oregon",64300,41,015,2022
"Deschutes County, Oregon",82042,41,017,2022
"Douglas County, Oregon",56440,41,019,2022
"Gilliam County, Oregon",58409,41,021,2022
"Grant County, Oregon",56045,41,023,2022
"Harney County, Oregon",45462,41,025,2022
"Hood River County, Oregon",80254,41,027,2022
"Jackson County, Oregon",67690,41,029,2022
"Jefferson County, Oregon",69345,41,031,2022
"Josephine County, Oregon",56068,41,033,2022
"Klamath County, Oregon",57219,41,035,2022
"Lake County, Oregon",54663,41,037,2022
"Lane County, Oregon",65157,41,039,2022
"Lincoln County, Oregon",57794,41,041,2022
"Linn County, Oregon",69523,41,043,2022
"Malheur County, Oregon",48371,41,045,2022
"Marion County, Oregon",70926,41,047,2022
"Morrow County, Oregon",64975,41,049,2022
"Multnomah County, Oregon",83668,41,051,2022
"Polk County, Oregon",77353,41,053,2022
"Sherman County, Oregon",57171,41,055,2022
"Tillamook County, Oregon",63098,41,057,2022
"Umatilla County, Oregon",70322,41,059,2022
"Union County, Oregon",61946,41,061,2022
"Wallowa County, Oregon",62238,41,063,2022
"Wasco County, Oregon",61316,41,065,2022
"Washington County, Oregon",100121,41,067,2022
"Wheeler County, Oregon",50774,41,069,2022
"Yamhill County, Oregon",80125,41,071,2022
"Adams County, Pennsylvania",78975,42,001,2022
"Allegheny County, Pennsylvania",72537,42,003,2022
"Armstrong County, Pennsylvania",61011,42,005,2022
"Beaver County, Pennsylvania",67194,42,007,2022
"Bedford County, Pennsylvania",58337,42,009,2022
"Berks County, Pennsylvania",74617,42,011,2022
"Blair County, Pennsylvania",59386,42,013,2022
"Bradford County, Pennsylvania",60650,42,015,2022
"Bucks County, Pennsylvania",107826,42,017,2022
"Butler County, Pennsylvania",82932,42,019,2022
"Cambria County, Pennsylvania",54221,42,021,2022
"Cameron County, Pennsylvania",46186,42,023,2022
"Carbon County, Pennsylvania",64538,42,025,2022
"Centre County, Pennsylvania",70087,42,027,2022
"Chester County, Pennsylvania",118574,42,029,2022
"Clarion County, Pennsylvania",58690,42,031,2022
"Clearfield County, Pennsylvania",56982,42,033,2022
"Clinton County, Pennsylvania",59011,42,035,2022
"Columbia County, Pennsylvania",59457,42,037,2022
"Crawford County, Pennsylvania",58734,42,039,2022
"Cumberland County, Pennsylvania",82849,42,041,2022
"Dauphin County, Pennsylvania",71046,42,043,2022
"Delaware County, Pennsylvania",86390,42,045,2022
"Elk County, Pennsylvania",61672,42,047,2022
"Erie County, Pennsylvania",59396,42,049,2022
"Fayette County, Pennsylvania",55579,42,051,2022
"Forest County, Pennsylvania",46188,42,053,2022
"Franklin County, Pennsylvania",71808,42,055,2022
"Fulton County, Pennsylvania",63153,42,057,2022
"Greene County, Pennsylvania",66283,42,059,2022
"Huntingdon County, Pennsylvania",61300,42,061,2022
"Indiana County, Pennsylvania",57170,42,063,2022
"Jefferson County, Pennsylvania",56607,42,065,2022
"Juniata County, Pennsylvania",61915,42,067,2022
"Lackawanna County, Pennsylvania",63739,42,069,2022
"Lancaster County, Pennsylvania",81458,42,071,2022
"Lawrence County, Pennsylvania",57585,42,073,2022
"Lebanon County, Pennsylvania",72532,42,075,2022
"Lehigh County, Pennsylvania",74973,42,077,2022
"Luzerne County, Pennsylvania",60836,42,079,2022
"Lycoming County, Pennsylvania",63437,42,081,2022
"McKean County, Pennsylvania",57861,42,083,2022
"Mercer County, Pennsylvania",57353,42,085,2022
"Mifflin County, Pennsylvania",58012,42,087,2022
"Monroe County, Pennsylvania",80656,42,089,2022
"Montgomery County, Pennsylvania",107441,42,091,2022
"Montour County, Pennsylvania",72626,42,093,2022
"Northampton County, Pennsylvania",82201,42,095,2022
"Northumberland County, Pennsylvania",55952,42,097,2022
"Perry County, Pennsylvania",76103,42,099,2022
"Philadelphia County, Pennsylvania",57537,42,101,2022
"Pike County, Pennsylvania",76416,42,103,2022
"Potter County, Pennsylvania",56491,42,105,2022
"Schuylkill County, Pennsylvania",63574,42,107,2022
"Snyder County, Pennsylvania",65914,42,109,2022
"Somerset County, Pennsylvania",57357,42,111,2022
"Sullivan County, Pennsylvania",62910,42,113,2022
"Susquehanna County, Pennsylvania",63968,42,115,2022
"Tioga County, Pennsylvania",59707,42,117,2022
"Union County, Pennsylvania",64914,42,119,2022
"Venango County, Pennsylvania",59278,42,121,2022
"Warren County, Pennsylvania",57925,42,123,2022
"Washington County, Pennsylvania",74403,42,125,2022
"Wayne County, Pennsylvania",59240,42,127,2022
"Westmoreland County, Pennsylvania",69454,42,129,2022
"Wyoming County, Pennsylvania",67968,42,131,2022
"York County, Pennsylvania",79183,42,133,2022
"Bristol County, Rhode Island",105875,44,001,2022
"Kent County, Rhode Island",85732,44,003,2022
"Newport County, Rhode Island",96319,44,005,2022
"Providence County, Rhode Island",72579,44,007,2022
"Washington County, Rhode Island",99510,44,009,2022
"Abbeville County, South Carolina",49759,45,001,2022
"Aiken County, South Carolina",63212,45,003,2022
"Allendale County, South Carolina",37096,45,005,2022
"Anderson County, South Carolina",62347,45,007,2022
"Bamberg County, South Carolina",43920,45,009,2022
"Barnwell County, South Carolina",42470,45,011,2022
"Beaufort County, South Carolina",81260,45,013,2022
"Berkeley County, South Carolina",77874,45,015,2022
"Calhoun County, South Carolina",55550,45,017,2022
"Charleston County, South Carolina",78795,45,019,2022
"Cherokee County, South Carolina",47011,45,021,2022
"Chester County, South Carolina",50022,45,023,2022
"Chesterfield County, South Carolina",46326,45,025,2022
"Clarendon County, South Carolina",48677,45,027,2022
"Colleton County, South Carolina",46795,45,029,2022
"Darlington County, South Carolina",44317,45,031,2022
"Dillon County, South Carolina",42454,45,033,2022
"Dorchester County, South Carolina",73686,45,035,2022
"Edgefield County, South Carolina",60033,45,037,2022
"Fairfield County, South Carolina",44521,45,039,2022
"Florence County, South Carolina",56088,45,041,2022
"Georgetown County, South Carolina",59782,45,043,2022
"Greenville County, South Carolina",71328,45,045,2022
"Greenwood County, South Carolina",47553,45,047,2022
"Hampton County, South Carolina",40157,45,049,2022
"Horry County, South Carolina",59880,45,051,2022
"Jasper County, South Carolina",60452,45,053,2022
"Kershaw County, South Carolina",61343,45,055,2022
"Lancaster County, South Carolina",72186,45,057,2022
"Laurens County, South Carolina",52077,45,059,2022
"Lee County, South Carolina",39099,45,061,2022
"Lexington County, South Carolina",71280,45,063,2022
"McCormick County, South Carolina",55569,45,065,2022
"Marion County, South Carolina",35972,45,067,2022
"Marlboro County, South Carolina",34275,45,069,2022
"Newberry County, South Carolina",56706,45,071,2022
"Oconee County, South Carolina",56710,45,073,2022
"Orangeburg County, South Carolina",41020,45,075,2022
"Pickens County, South Carolina",57628,45,077,2022
"Richland County, South Carolina",59850,45,079,2022
"Saluda County, South Carolina",51041,45,081,2022
"Spartanburg County, South Carolina",61955,45,083,2022
"Sumter County, South Carolina",53970,45,085,2022
"Union County, South Carolina",42305,45,087,2022
"Williamsburg County, South Carolina",40848,45,089,2022
"York County, South Carolina",80158,45,091,2022
"Aurora County, South Dakota",71490,46,003,2022
"Beadle County, South Dakota",63813,46,005,2022
"Bennett County, South Dakota",44821,46,007,2022
"Bon Homme County, South Dakota",57554,46,009,2022
"Brookings County, South Dakota",64438,46,011,2022
"Brown County, South Dakota",70379,46,013,2022
"Brule County, South Dakota",64821,46,015,2022
"Buffalo County, South Dakota",42917,46,017,2022
"Butte County, South Dakota",58106,46,019,2022
"Campbell County, South Dakota",66932,46,021,2022
"Charles Mix County, South Dakota",60729,46,023,2022
"Clark County, South Dakota",59340,46,025,2022
"Clay County, South Dakota",55963,46,027,2022
"Codington County, South Dakota",65747,46,029,2022
"Corson County, South Dakota",48125,46,031,2022
"Custer County, South Dakota",75943,46,033,2022
"Davison County, South Dakota",55606,46,035,2022
"Day County, South Dakota",57558,46,037,2022
"Deuel County, South Dakota",76997,46,039,2022
"Dewey County, South Dakota",55077,46,041,2022
"Douglas County, South Dakota",75048,46,043,2022
"Edmunds County, South Dakota",76806,46,045,2022
"Fall River County, South Dakota",54886,46,047,2022
"Faulk County, South Dakota",56734,46,049,2022
"Grant County, South Dakota",70851,46,051,2022
"Gregory County, South Dakota",48272,46,053,2022
"Haakon County, South Dakota",53109,46,055,2022
"Hamlin County, South Dakota",76995,46,057,2022
"Hand County, South Dakota",72857,46,059,2022
"Hanson County, South Dakota",86827,46,061,2022
"Harding County, South Dakota",71484,46,063,2022
"Hughes County, South Dakota",83750,46,065,2022
"Hutchinson County, South Dakota",69139,46,067,2022
"Hyde County, South Dakota",69712,46,069,2022
"Jackson County, South Dakota",26078,46,071,2022
"Jerauld County, South Dakota",66607,46,073,2022
"Jones County, South Dakota",61250,46,075,2022
"Kingsbury County, South Dakota",65964,46,077,2022
"Lake County, South Dakota",74884,46,079,2022
"Lawrence County, South Dakota",62977,46,081,2022
"Lincoln County, South Dakota",92317,46,083,2022
"Lyman County, South Dakota",60284,46,085,2022
"McCook County, South Dakota",74873,46,087,2022
"McPherson County, South Dakota",58529,46,089,2022
"Marshall County, South Dakota",74018,46,091,2022
"Meade County, South Dakota",70256,46,093,2022
"Mellette County, South Dakota",41397,46,095,2022
"Miner County, South Dakota",62037,46,097,2022
"Minnehaha County, South Dakota",73110,46,099,2022
"Moody County, South Dakota",71469,46,101,2022
"Oglala Lakota County, South Dakota",32279,46,102,2022
"Pennington County, South Dakota",67823,46,103,2022
"Perkins County, South Dakota",64410,46,105,2022
"Potter County, South Dakota",71786,46,107,2022
"Roberts County, South Dakota",59022,46,109,2022
"Sanborn County, South Dakota",65806,46,111,2022
"Spink County, South Dakota",65795,46,115,2022
"Stanley County, South Dakota",82298,46,117,2022
"Sully County, South Dakota",66875,46,119,2022
"Todd County, South Dakota",33792,46,121,2022
"Tripp County, South Dakota",56758,46,123,2022
"Turner County, South Dakota",72312,46,125,2022
"Union County, South Dakota",82036,46,127,2022
"Walworth County, South Dakota",57697,46,129,2022
"Yankton County, South Dakota",68847,46,135,2022
"Ziebach County, South Dakota",46023,46,137,2022
"Anderson County, Tennessee",60633,47,001,2022
"Bedford County, Tennessee",59955,47,003,2022
"Benton County, Tennessee",47737,47,005,2022
"Bledsoe County, Tennessee",51783,47,007,2022
"Blount County, Tennessee",70935,47,009,2022
"Bradley County, Tennessee",60692,47,011,2022
"Campbell County, Tennessee",48258,47,013,2022
"Cannon County, Tennessee",57651,47,015,2022
"Carroll County, Tennessee",49700,47,017,2022
"Carter County, Tennessee",47994,47,019,2022
"Cheatham County, Tennessee",77014,47,021,2022
"Chester County, Tennessee",57471,47,023,2022
"Claiborne County, Tennessee",42406,47,025,2022
"Clay County, Tennessee",39572,47,027,2022
"Cocke County, Tennessee",45110,47,029,2022
"Coffee County, Tennessee",57424,47,031,2022
"Crockett County, Tennessee",59136,47,033,2022
"Cumberland County, Tennessee",56002,47,035,2022
"Davidson County, Tennessee",71863,47,037,2022
"Decatur County, Tennessee",48466,47,039,2022
"DeKalb County, Tennessee",46907,47,041,2022
"Dickson County, Tennessee",68492,47,043,2022
"Dyer County, Tennessee",53150,47,045,2022
"Fayette County, Tennessee",81074,47,047,2022
"Fentress County, Tennessee",47884,47,049,2022
"Franklin County, Tennessee",57933,47,051,2022
"Gibson County, Tennessee",55455,47,053,2022
"Giles County, Tennessee",56877,47,055,2022
"Grainger County, Tennessee",47098,47,057,2022
"Greene County, Tennessee",51975,47,059,2022
"Grundy County, Tennessee",47948,47,061,2022
"Hamblen County, Tennessee",49656,47,063,2022
"Hamilton County, Tennessee",69069,47,065,2022
"Hancock County, Tennessee",31809,47,067,2022
"Hardeman County, Tennessee",43566,47,069,2022
"Hardin County, Tennessee",46902,47,071,2022
"Hawkins County, Tennessee",53647,47,073,2022
"Haywood County, Tennessee",44890,47,075,2022
"Henderson County, Tennessee",51576,47,077,2022
"Henry County, Tennessee",48025,47,079,2022
"Hickman County, Tennessee",54669,47,081,2022
"Houston County, Tennessee",51544,47,083,2022
"Humphreys County, Tennessee",54185,47,085,2022
"Jackson County, Tennessee",42357,47,087,2022
"Jefferson County, Tennessee",60393,47,089,2022
"Johnson County, Tennessee",47571,47,091,2022
"Knox County, Tennessee",68580,47,093,2022
"Lake County, Tennessee",32064,47,095,2022
"Lauderdale County, Tennessee",46702,47,097,2022
"Lawrence County, Tennessee",51038,47,099,2022
"Lewis County, Tennessee",44613,47,101,2022
"Lincoln County, Tennessee",61374,47,103,2022
"Loudon County, Tennessee",75008,47,105,2022
"McMinn County, Tennessee",57982,47,107,2022
"McNairy County, Tennessee",46920,47,109,2022
"Macon County, Tennessee",51215,47,111,2022
"Madison County, Tennessee",55280,47,113,2022
"Marion County, Tennessee",58139,47,115,2022
"Marshall County, Tennessee",65325,47,117,2022
"Maury County, Tennessee",71500,47,119,2022
"Meigs County, Tennessee",59434,47,121,2022
"Monroe County, Tennessee",52123,47,123,2022
"Montgomery County, Tennessee",67890,47,125,2022
"Moore County, Tennessee",69250,47,127,2022
"Morgan County, Tennessee",51971,47,129,2022
"Obion County, Tennessee",50638,47,131,2022
"Overton County, Tennessee",46580,47,133,2022
"Perry County, Tennessee",55978,47,135,2022
"Pickett County, Tennessee",44317,47,137,2022
"Polk County, Tennessee",53775,47,139,2022
"Putnam County, Tennessee",54371,47,141,2022
"Rhea County, Tennessee",55568,47,143,2022
"Roane County, Tennessee",66460,47,145,2022
"Robertson County, Tennessee",74440,47,147,2022
"Rutherford County, Tennessee",78291,47,149,2022
"Scott County, Tennessee",39744,47,151,2022
"Sequatchie County, Tennessee",53038,47,153,2022
"Sevier County, Tennessee",60103,47,155,2022
"Shelby County, Tennessee",59621,47,157,2022
"Smith County, Tennessee",57677,47,159,2022
"Stewart County, Tennessee",57257,47,161,2022
"Sullivan County, Tennessee",54357,47,163,2022
"Sumner County, Tennessee",81883,47,165,2022
"Tipton County, Tennessee",70674,47,167,2022
"Trousdale County, Tennessee",62018,47,169,2022
"Unicoi County, Tennessee",49855,47,171,2022
"Union County, Tennessee",57094,47,173,2022
"Van Buren County, Tennessee",44730,47,175,2022
"Warren County, Tennessee",52948,47,177,2022
"Washington County, Tennessee",58507,47,179,2022
"Wayne County, Tennessee",49360,47,181,2022
"Weakley County, Tennessee",47769,47,183,2022
"White County, Tennessee",48220,47,185,2022
"Williamson County, Tennessee",125943,47,187,2022
"Wilson County, Tennessee",89462,47,189,2022
"Anderson County, Texas",57445,48,001,2022
"Andrews County, Texas",86458,48,003,2022
"Angelina County, Texas",57055,48,005,2022
"Aransas County, Texas",58168,48,007,2022
"Archer County, Texas",69954,48,009,2022
"Armstrong County, Texas",70417,48,011,2022
"Atascosa County, Texas",67442,48,013,2022
"Austin County, Texas",73556,48,015,2022
"Bailey County, Texas",69830,48,017,2022
"Bandera County, Texas",70965,48,019,2022
"Bastrop County, Texas",80151,48,021,2022
"Baylor County, Texas",52716,48,023,2022
"Bee County, Texas",50283,48,025,2022
"Bell County, Texas",62858,48,027,2022
"Bexar County, Texas",67275,48,029,2022
"Blanco County, Texas",79717,48,031,2022
"Borden County, Texas",80625,48,033,2022
"Bosque County, Texas",63868,48,035,2022
"Bowie County, Texas",56628,48,037,2022
"Brazoria County, Texas",91972,48,039,2022
"Brazos County, Texas",57562,48,041,2022
"Brewster County, Texas",47747,48,043,2022
"Briscoe County, Texas",35446,48,045,2022
"Brooks County, Texas",30566,48,047,2022
"Brown County, Texas",53792,48,049,2022
"Burleson County, Texas",71745,48,051,2022
"Burnet County, Texas",71482,48,053,2022
"Caldwell County, Texas",66779,48,055,2022
"Calhoun County, Texas",62267,48,057,2022
"Callahan County, Texas",63906,48,059,2022
"Cameron County, Texas",47435,48,061,2022
"Camp County, Texas",53968,48,063,2022
"Carson County, Texas",83199,48,065,2022
"Cass County, Texas",54303,48,067,2022
"Castro County, Texas",59886,48,069,2022
"Chambers County, Texas",106103,48,071,2022
"Cherokee County, Texas",56971,48,073,2022
"Childress County, Texas",56063,48,075,2022
"Clay County, Texas",75227,48,077,2022
"Cochran County, Texas",41597,48,079,2022
"Coke County, Texas",40230,48,081,2022
"Coleman County, Texas",51034,48,083,2022
"Collin County, Texas",113255,48,085,2022
"Collingsworth County, Texas",52045,48,087,2022
"Colorado County, Texas",63352,48,089,2022
"Comal County, Texas",93744,48,091,2022
"Comanche County, Texas",57383,48,093,2022
"Concho County, Texas",55750,48,095,2022
"Cooke County, Texas",66374,48,097,2022
"Coryell County, Texas",63281,48,099,2022
"Cottle County, Texas",47625,48,101,2022
"Crane County, Texas",71364,48,103,2022
"Crockett County, Texas",64103,48,105,2022
"Crosby County, Texas",50268,48,107,2022
"Culberson County, Texas",35924,48,109,2022
"Dallam County, Texas",71969,48,111,2022
"Dallas County, Texas",70732,48,113,2022
"Dawson County, Texas",45268,48,115,2022
"Deaf Smith County, Texas",51942,48,117,2022
"Delta County, Texas",68491,48,119,2022
"Denton County, Texas",104180,48,121,2022
"DeWitt County, Texas",61100,48,123,2022
"Dickens County, Texas",46638,48,125,2022
"Dimmit County, Texas",27374,48,127,2022
"Donley County, Texas",51711,48,129,2022
"Duval County, Texas",50697,48,131,2022
"Eastland County, Texas",52902,48,133,2022
"Ector County, Texas",70566,48,135,2022
"Edwards County, Texas",40809,48,137,2022
"Ellis County, Texas",93248,48,139,2022
"El Paso County, Texas",55417,48,141,2022
"Erath County, Texas",59654,48,143,2022
"Falls County, Texas",45172,48,145,2022
"Fannin County, Texas",65835,48,147,2022
"Fayette County, Texas",72881,48,149,2022
"Fisher County, Texas",60461,48,151,2022
"Floyd County, Texas",49321,48,153,2022
"Foard County, Texas",41944,48,155,2022
"Fort Bend County, Texas",109987,48,157,2022
"Franklin County, Texas",67915,48,159,2022
"Freestone County, Texas",55902,48,161,2022
"Frio County, Texas",56042,48,163,2022
"Gaines County, Texas",73299,48,165,2022
"Galveston County, Texas",83913,48,167,2022
"Garza County, Texas",56215,48,169,2022
"Gillespie County, Texas",70162,48,171,2022
"Glasscock County, Texas",112188,48,173,2022
"Goliad County, Texas",58125,48,175,2022
"Gonzales County, Texas",64255,48,177,2022
"Gray County, Texas",54563,48,179,2022
"Grayson County, Texas",66608,48,181,2022
"Gregg County, Texas",63811,48,183,2022
"Grimes County, Texas",63484,48,185,2022
"Guadalupe County, Texas",88111,48,187,2022
"Hale County, Texas",50721,48,189,2022
"Hall County, Texas",43873,48,191,2022
"Hamilton County, Texas",54890,48,193,2022
"Hansford County, Texas",62350,48,195,2022
"Hardeman County, Texas",60455,48,197,2022
"Hardin County, Texas",70164,48,199,2022
"Harris County, Texas",70789,48,201,2022
"Harrison County, Texas",63427,48,203,2022
"Hartley County, Texas",78065,48,205,2022
"Haskell County, Texas",52786,48,207,2022
"Hays County, Texas",79990,48,209,2022
"Hemphill County, Texas",67798,48,211,2022
"Henderson County, Texas",59778,48,213,2022
"Hidalgo County, Texas",49371,48,215,2022
"Hill County, Texas",60669,48,217,2022
"Hockley County, Texas",53283,48,219,2022
"Hood County, Texas",80013,48,221,2022
"Hopkins County, Texas",63766,48,223,2022
"Houston County, Texas",51043,48,225,2022
"Howard County, Texas",67243,48,227,2022
"Hudspeth County, Texas",35163,48,229,2022
"Hunt County, Texas",66885,48,231,2022
"Hutchinson County, Texas",62211,48,233,2022
"Irion County, Texas",54708,48,235,2022
"Jack County, Texas",58861,48,237,2022
"Jackson County, Texas",67176,48,239,2022
"Jasper County, Texas",48818,48,241,2022
"Jeff Davis County, Texas",38125,48,243,2022
"Jefferson County, Texas",57294,48,245,2022
"Jim Hogg County, Texas",42292,48,247,2022
"Jim Wells County, Texas",46626,48,249,2022
"Johnson County, Texas",77058,48,251,2022
"Jones County, Texas",59361,48,253,2022
"Karnes County, Texas",57798,48,255,2022
"Kaufman County, Texas",84075,48,257,2022
"Kendall County, Texas",104196,48,259,2022
"Kenedy County, Texas",45455,48,261,2022
"Kent County, Texas",68553,48,263,2022
"Kerr County, Texas",66713,48,265,2022
"Kimble County, Texas",62386,48,267,2022
"King County, Texas",59375,48,269,2022
"Kinney County, Texas",52386,48,271,2022
"Kleberg County, Texas",52487,48,273,2022
"Knox County, Texas",48750,48,275,2022
"Lamar County, Texas",58246,48,277,2022
"Lamb County, Texas",54519,48,279,2022
"Lampasas County, Texas",73269,48,281,2022
"La Salle County, Texas",62798,48,283,2022
"Lavaca County, Texas",58530,48,285,2022
"Lee County, Texas",66448,48,287,2022
"Leon County, Texas",57363,48,289,2022
"Liberty County, Texas",59605,48,291,2022
"Limestone County, Texas",53102,48,293,2022
"Lipscomb County, Texas",71625,48,295,2022
"Live Oak County, Texas",55949,48,297,2022
"Llano County, Texas",64241,48,299,2022
"Loving County, Texas",-666666666,48,301,2022
"Lubbock County, Texas",61911,48,303,2022
"Lynn County, Texas",52996,48,305,2022
"McCulloch County, Texas",53214,48,307,2022
"McLennan County, Texas",59781,48,309,2022
"McMullen County, Texas",60313,48,311,2022
"Madison County, Texas",65768,48,313,2022
"Marion County, Texas",48040,48,315,2022
"Martin County, Texas",70217,48,317,2022
"Mason County, Texas",77583,48,319,2022
"Matagorda County, Texas",56412,48,321,2022
"Maverick County, Texas",48497,48,323,2022
"Medina County, Texas",73060,48,325,2022
"Menard County, Texas",40945,48,327,2022
"Midland County, Texas",90123,48,329,2022
"Milam County, Texas",56985,48,331,2022
"Mills County, Texas",59315,48,333,2022
"Mitchell County, Texas",49869,48,335,2022
"Montague County, Texas",63336,48,337,2022
"Montgomery County, Texas",95946,48,339,2022
"Moore County, Texas",59041,48,341,2022
"Morris County, Texas",51532,48,343,2022
"Motley County, Texas",66528,48,345,2022
"Nacogdoches County, Texas",51153,48,347,2022
"Navarro County, Texas",56261,48,349,2022
"Newton County, Texas",38871,48,351,2022
"Nolan County, Texas",47437,48,353,2022
"Nueces County, Texas",64027,48,355,2022
"Ochiltree County, Texas",62240,48,357,2022
"Oldham County, Texas",71103,48,359,2022
"Orange County, Texas",71910,48,361,2022
"Palo Pinto County, Texas",65242,48,363,2022
"Panola County, Texas",58205,48,365,2022
"Parker County, Texas",95721,48,367,2022
"Parmer County, Texas",65575,48,369,2022
"Pecos County, Texas",59325,48,371,2022
"Polk County, Texas",57315,48,373,2022
"Potter County, Texas",47974,48,375,2022
"Presidio County, Texas",29012,48,377,2022
"Rains County, Texas",60291,48,379,2022
"Randall County, Texas",78038,48,381,2022
"Reagan County, Texas",70319,48,383,2022
"Real County, Texas",46842,48,385,2022
"Red River County, Texas",44583,48,387,2022
"Reeves County, Texas",57487,48,389,2022
"Refugio County, Texas",54304,48,391,2022
"Roberts County, Texas",62667,48,393,2022
"Robertson County, Texas",59410,48,395,2022
"Rockwall County, Texas",121303,48,397,2022
"Runnels County, Texas",55424,48,399,2022
"Rusk County, Texas",61661,48,401,2022
"Sabine County, Texas",47061,48,403,2022
"San Augustine County, Texas",45888,48,405,2022
"San Jacinto County, Texas",54839,48,407,2022
"San Patricio County, Texas",63842,48,409,2022
"San Saba County, Texas",54087,48,411,2022
"Schleicher County, Texas",53774,48,413,2022
"Scurry County, Texas",58932,48,415,2022
"Shackelford County, Texas",60924,48,417,2022
"Shelby County, Texas",49231,48,419,2022
"Sherman County, Texas",66169,48,421,2022
"Smith County, Texas",69053,48,423,2022
"Somervell County, Texas",87899,48,425,2022
"Starr County, Texas",35979,48,427,2022
"Stephens County, Texas",44712,48,429,2022
"Sterling County, Texas",63558,48,431,2022
"Stonewall County, Texas",66591,48,433,2022
"Sutton County, Texas",56778,48,435,2022
"Swisher County, Texas",40290,48,437,2022
"Tarrant County, Texas",78872,48,439,2022
"Taylor County, Texas",61806,48,441,2022
"Terrell County, Texas",52813,48,443,2022
"Terry County, Texas",42694,48,445,2022
"Throckmorton County, Texas",55221,48,447,2022
"Titus County, Texas",57634,48,449,2022
"Tom Green County, Texas",67215,48,451,2022
"Travis County, Texas",92731,48,453,2022
"Trinity County, Texas",51165,48,455,2022
"Tyler County, Texas",50898,48,457,2022
"Upshur County, Texas",60456,48,459,2022
"Upton County, Texas",55284,48,461,2022
"Uvalde County, Texas",55000,48,463,2022
"Val Verde County, Texas",57250,48,465,2022
"Van Zandt County, Texas",62334,48,467,2022
"Victoria County, Texas",66308,48,469,2022
"Walker County, Texas",47193,48,471,2022
"Waller County, Texas",71643,48,473,2022
"Ward County, Texas",70771,48,475,2022
"Washington County, Texas",70043,48,477,2022
"Webb County, Texas",59984,48,479,2022
"Wharton County, Texas",59712,48,481,2022
"Wheeler County, Texas",58158,48,483,2022
"Wichita County, Texas",58862,48,485,2022
"Wilbarger County, Texas",50769,48,487,2022
"Willacy County, Texas",42839,48,489,2022
"Williamson County, Texas",102851,48,491,2022
"Wilson County, Texas",89708,48,493,2022
"Winkler County, Texas",89155,48,495,2022
"Wise County, Texas",85385,48,497,2022
"Wood County, Texas",61748,48,499,2022
"Yoakum County, Texas",80317,48,501,2022
"Young County, Texas",65565,48,503,2022
"Zapata County, Texas",35061,48,505,2022
"Zavala County, Texas",49243,48,507,2022
"Beaver County, Utah",80268,49,001,2022
"Box Elder County, Utah",72769,49,003,2022
"Cache County, Utah",72719,49,005,2022
"Carbon County, Utah",53734,49,007,2022
"Daggett County, Utah",61250,49,009,2022
"Davis County, Utah",101285,49,011,2022
"Duchesne County, Utah",70821,49,013,2022
"Emery County, Utah",67056,49,015,2022
"Garfield County, Utah",56481,49,017,2022
"Grand County, Utah",59171,49,019,2022
"Iron County, Utah",63005,49,021,2022
"Juab County, Utah",88048,49,023,2022
"Kane County, Utah",70327,49,025,2022
"Millard County, Utah",69403,49,027,2022
"Morgan County, Utah",120854,49,029,2022
"Piute County, Utah",33359,49,031,2022
"Rich County, Utah",69250,49,033,2022
"Salt Lake County, Utah",90011,49,035,2022
"San Juan County, Utah",52108,49,037,2022
"Sanpete County, Utah",64356,49,039,2022
"Sevier County, Utah",66972,49,041,2022
"Summit County, Utah",126392,49,043,2022
"Tooele County, Utah",95545,49,045,2022
"Uintah County, Utah",67983,49,047,2022
"Utah County, Utah",91263,49,049,2022
"Wasatch County, Utah",104855,49,051,2022
"Washington County, Utah",71976,49,053,2022
"Wayne County, Utah",64870,49,055,2022
"Weber County, Utah",82291,49,057,2022
"Addison County, Vermont",85870,50,001,2022
"Bennington County, Vermont",68558,50,003,2022
"Caledonia County, Vermont",62964,50,005,2022
"Chittenden County, Vermont",89494,50,007,2022
"Essex County, Vermont",55247,50,009,2022
"Franklin County, Vermont",73633,50,011,2022
"Grand Isle County, Vermont",86639,50,013,2022
"Lamoille County, Vermont",69886,50,015,2022
"Orange County, Vermont",74534,50,017,2022
"Orleans County, Vermont",63981,50,019,2022
"Rutland County, Vermont",62641,50,021,2022
"Washington County, Vermont",77278,50,023,2022
"Windham County, Vermont",65473,50,025,2022
"Windsor County, Vermont",69492,50,027,2022
"Accomack County, Virginia",52694,51,001,2022
"Albemarle County, Virginia",97708,51,003,2022
"Alleghany County, Virginia",52546,51,005,2022
"Amelia County, Virginia",63438,51,007,2022
"Amherst County, Virginia",64454,51,009,2022
"Appomattox County, Virginia",60041,51,011,2022
"Arlington County, Virginia",137387,51,013,2022
"Augusta County, Virginia",76124,51,015,2022
"Bath County, Virginia",55699,51,017,2022
"Bedford County, Virginia",74773,51,019,2022
"Bland County, Virginia",59901,51,021,2022
"Botetourt County, Virginia",77680,51,023,2022
"Brunswick County, Virginia",52678,51,025,2022
"Buchanan County, Virginia",39591,51,027,2022
"Buckingham County, Virginia",59894,51,029,2022
"Campbell County, Virginia",59022,51,031,2022
"Caroline County, Virginia",83562,51,033,2022
"Carroll County, Virginia",49113,51,035,2022
"Charles City County, Virginia",65573,51,036,2022
"Charlotte County, Virginia",51548,51,037,2022
"Chesterfield County, Virginia",95757,51,041,2022
"Clarke County, Virginia",107475,51,043,2022
"Craig County, Virginia",66286,51,045,2022
"Culpeper County, Virginia",92359,51,047,2022
"Cumberland County, Virginia",56497,51,049,2022
"Dickenson County, Virginia",40143,51,051,2022
"Dinwiddie County, Virginia",77225,51,053,2022
"Essex County, Virginia",52335,51,057,2022
"Fairfax County, Virginia",145165,51,059,2022
"Fauquier County, Virginia",122785,51,061,2022
"Floyd County, Virginia",57146,51,063,2022
"Fluvanna County, Virginia",90766,51,065,2022
"Franklin County, Virginia",66275,51,067,2022
"Frederick County, Virginia",92443,51,069,2022
"Giles County, Virginia",61987,51,071,2022
"Gloucester County, Virginia",83750,51,073,2022
"Goochland County, Virginia",105600,51,075,2022
"Grayson County, Virginia",43348,51,077,2022
"Greene County, Virginia",81338,51,079,2022
"Greensville County, Virginia",51823,51,081,2022
"Halifax County, Virginia",49145,51,083,2022
"Hanover County, Virginia",104678,51,085,2022
"Henrico County, Virginia",82424,51,087,2022
"Henry County, Virginia",43694,51,089,2022
"Highland County, Virginia",57070,51,091,2022
"Isle of Wight County, Virginia",91680,51,093,2022
"James City County, Virginia",100711,51,095,2022
"King and Queen County, Virginia",70147,51,097,2022
"King George County, Virginia",103264,51,099,2022
"King William County, Virginia",79398,51,101,2022
"Lancaster County, Virginia",62674,51,103,2022
"Lee County, Virginia",41619,51,105,2022
"Loudoun County, Virginia",170463,51,107,2022
"Louisa County, Virginia",76594,51,109,2022
"Lunenburg County, Virginia",54438,51,111,2022
"Madison County, Virginia",74586,51,113,2022
"Mathews County, Virginia",79054,51,115,2022
"Mecklenburg County, Virginia",51265,51,117,2022
"Middlesex County, Virginia",69389,51,119,2022
"Montgomery County, Virginia",65270,51,121,2022
"Nelson County, Virginia",64028,51,125,2022
"New Kent County, Virginia",113120,51,127,2022
"Northampton County, Virginia",54693,51,131,2022
"Northumberland County, Virginia",64655,51,133,2022
"Nottoway County, Virginia",62366,51,135,2022
"Orange County, Virginia",87309,51,137,2022
"Page County, Virginia",56760,51,139,2022
"Patrick County, Virginia",49180,51,141,2022
"Pittsylvania County, Virginia",52619,51,143,2022
"Powhatan County, Virginia",108089,51,145,2022
"Prince Edward County, Virginia",57304,51,147,2022
"Prince George County, Virginia",80318,51,149,2022
"Prince William County, Virginia",123193,51,153,2022
"Pulaski County, Virginia",59740,51,155,2022
"Rappahannock County, Virginia",98663,51,157,2022
"Richmond County, Virginia",62708,51,159,2022
"Roanoke County, Virginia",80872,51,161,2022
"Rockbridge County, Virginia",61903,51,163,2022
"Rockingham County, Virginia",73232,51,165,2022
"Russell County, Virginia",44088,51,167,2022
"Scott County, Virginia",44535,51,169,2022
"Shenandoah County, Virginia",62149,51,171,2022
"Smyth County, Virginia",45061,51,173,2022
"Southampton County, Virginia",67813,51,175,2022
"Spotsylvania County, Virginia",105068,51,177,2022
"Stafford County, Virginia",128036,51,179,2022
"Surry County, Virginia",68655,51,181,2022
"Sussex County, Virginia",59195,51,183,2022
"Tazewell County, Virginia",46508,51,185,2022
"Warren County, Virginia",79313,51,187,2022
"Washington County, Virginia",59116,51,191,2022
"Westmoreland County, Virginia",56647,51,193,2022
"Wise County, Virginia",47541,51,195,2022
"Wythe County, Virginia",53921,51,197,2022
"York County, Virginia",105154,51,199,2022
"Alexandria city, Virginia",113179,51,510,2022
"Bristol city, Virginia",45250,51,520,2022
"Buena Vista city, Virginia",48783,51,530,2022
"Charlottesville city, Virginia",67177,51,540,2022
"Chesapeake city, Virginia",92703,51,550,2022
"Colonial Heights city, Virginia",72216,51,570,2022
"Covington city, Virginia",45737,51,580,2022
"Danville city, Virginia",41484,51,590,2022
"Emporia city, Virginia",41442,51,595,2022
"Fairfax city, Virginia",128708,51,600,2022
"Falls Church city, Virginia",164536,51,610,2022
"Franklin city, Virginia",57537,51,620,2022
"Fredericksburg city, Virginia",83445,51,630,2022
"Galax city, Virginia",44612,51,640,2022
"Hampton city, Virginia",64430,51,650,2022
"Harrisonburg city, Virginia",56050,51,660,2022
"Hopewell city, Virginia",50661,51,670,2022
"Lexington city, Virginia",93651,51,678,2022
"Lynchburg city, Virginia",56243,51,680,2022
"Manassas city, Virginia",110559,51,683,2022
"Manassas Park city, Virginia",91673,51,685,2022
"Martinsville city, Virginia",39127,51,690,2022
"Newport News city, Virginia",63355,51,700,2022
"Norfolk city, Virginia",60998,51,710,2022
"Norton city, Virginia",36974,51,720,2022
"Petersburg city, Virginia",46930,51,730,2022
"Poquoson city, Virginia",114503,51,735,2022
"Portsmouth city, Virginia",57154,51,740,2022
"Radford city, Virginia",51039,51,750,2022
"Richmond city, Virginia",59606,51,760,2022
"Roanoke city, Virginia",51523,51,770,2022
"Salem city, Virginia",68402,51,775,2022
"Staunton city, Virginia",59731,51,790,2022
"Suffolk city, Virginia",87758,51,800,2022
"Virginia Beach city, Virginia",87544,51,810,2022
"Waynesboro city, Virginia",52519,51,820,2022
"Williamsburg city, Virginia",66815,51,830,2022
"Winchester city, Virginia",62495,51,840,2022
"Adams County, Washington",63105,53,001,2022
"Asotin County, Washington",63724,53,003,2022
"Benton County, Washington",83778,53,005,2022
"Chelan County, Washington",71876,53,007,2022
"Clallam County, Washington",66108,53,009,2022
"Clark County, Washington",90115,53,011,2022
"Columbia County, Washington",68825,53,013,2022
"Cowlitz County, Washington",70912,53,015,2022
"Douglas County, Washington",79422,53,017,2022
"Ferry County, Washington",50424,53,019,2022
"Franklin County, Washington",77877,53,021,2022
"Garfield County, Washington",57958,53,023,2022
"Grant County, Washington",66387,53,025,2022
"Grays Harbor County, Washington",59105,53,027,2022
"Island County, Washington",82850,53,029,2022
"Jefferson County, Washington",64796,53,031,2022
"King County, Washington",116340,53,033,2022
"Kitsap County, Washington",93675,53,035,2022
"Kittitas County, Washington",66800,53,037,2022
"Klickitat County, Washington",66581,53,039,2022
"Lewis County, Washington",67247,53,041,2022
"Lincoln County, Washington",68172,53,043,2022
"Mason County, Washington",74388,53,045,2022
"Okanogan County, Washington",58218,53,047,2022
"Pacific County, Washington",58889,53,049,2022
"Pend Oreille County, Washington",59353,53,051,2022
"Pierce County, Washington",91486,53,053,2022
"San Juan County, Washington",76745,53,055,2022
"Skagit County, Washington",82029,53,057,2022
"Skamania County, Washington",84500,53,059,2022
"Snohomish County, Washington",104083,53,061,2022
"Spokane County, Washington",70394,53,063,2022
"Stevens County, Washington",62381,53,065,2022
"Thurston County, Washington",88895,53,067,2022
"Wahkiakum County, Washington",59167,53,069,2022
"Walla Walla County, Washington",66635,53,071,2022
"Whatcom County, Washington",77581,53,073,2022
"Whitman County, Washington",49345,53,075,2022
"Yakima County, Washington",64910,53,077,2022
"Barbour County, West Virginia",44341,54,001,2022
"Berkeley County, West Virginia",73619,54,003,2022
"Boone County, West Virginia",56182,54,005,2022
"Braxton County, West Virginia",42245,54,007,2022
"Brooke County, West Virginia",51963,54,009,2022
"Cabell County, West Virginia",48944,54,011,2022
"Calhoun County, West Virginia",39031,54,013,2022
"Clay County, West Virginia",41530,54,015,2022
"Doddridge County, West Virginia",56587,54,017,2022
"Fayette County, West Virginia",50090,54,019,2022
"Gilmer County, West Virginia",51552,54,021,2022
"Grant County, West Virginia",52877,54,023,2022
"Greenbrier County, West Virginia",45519,54,025,2022
"Hampshire County, West Virginia",55222,54,027,2022
"Hancock County, West Virginia",57515,54,029,2022
"Hardy County, West Virginia",49205,54,031,2022
"Harrison County, West Virginia",56184,54,033,2022
"Jackson County, West Virginia",55173,54,035,2022
"Jefferson County, West Virginia",93744,54,037,2022
"Kanawha County, West Virginia",55226,54,039,2022
"Lewis County, West Virginia",50552,54,041,2022
"Lincoln County, West Virginia",50985,54,043,2022
"Logan County, West Virginia",42194,54,045,2022
"McDowell County, West Virginia",28235,54,047,2022
"Marion County, West Virginia",59974,54,049,2022
"Marshall County, West Virginia",58129,54,051,2022
"Mason County, West Virginia",53058,54,053,2022
"Mercer County, West Virginia",46409,54,055,2022
"Mineral County, West Virginia",64728,54,057,2022
"Mingo County, West Virginia",38305,54,059,2022
"Monongalia County, West Virginia",60893,54,061,2022
"Monroe County, West Virginia",52392,54,063,2022
"Morgan County, West Virginia",61021,54,065,2022
"Nicholas County, West Virginia",48826,54,067,2022
"Ohio County, West Virginia",55521,54,069,2022
"Pendleton County, West Virginia",52458,54,071,2022
"Pleasants County, West Virginia",59666,54,073,2022
"Pocahontas County, West Virginia",41680,54,075,2022
"Preston County, West Virginia",60136,54,077,2022
"Putnam County, West Virginia",75725,54,079,2022
"Raleigh County, West Virginia",47975,54,081,2022
"Randolph County, West Virginia",51186,54,083,2022
"Ritchie County, West Virginia",48973,54,085,2022
"Roane County, West Virginia",41299,54,087,2022
"Summers County, West Virginia",42991,54,089,2022
"Taylor County, West Virginia",52946,54,091,2022
"Tucker County, West Virginia",54053,54,093,2022
"Tyler County, West Virginia",59167,54,095,2022
"Upshur County, West Virginia",49663,54,097,2022
"Wayne County, West Virginia",52694,54,099,2022
"Webster County, West Virginia",43409,54,101,2022
"Wetzel County, West Virginia",50715,54,103,2022
"Wirt County, West Virginia",52776,54,105,2022
"Wood County, West Virginia",54350,54,107,2022
"Wyoming County, West Virginia",44510,54,109,2022
"Adams County, Wisconsin",55223,55,001,2022
"Ashland County, Wisconsin",57000,55,003,2022
"Barron County, Wisconsin",59379,55,005,2022
"Bayfield County, Wisconsin",67266,55,007,2022
"Brown County, Wisconsin",74066,55,009,2022
"Buffalo County, Wisconsin",64238,55,011,2022
"Burnett County, Wisconsin",60466,55,013,2022
"Calumet County, Wisconsin",84151,55,015,2022
"Chippewa County, Wisconsin",69815,55,017,2022
"Clark County, Wisconsin",63187,55,019,2022
"Columbia County, Wisconsin",79271,55,021,2022
"Crawford County, Wisconsin",60823,55,023,2022
"Dane County, Wisconsin",84297,55,025,2022
"Dodge County, Wisconsin",71747,55,027,2022
"Door County, Wisconsin",68257,55,029,2022
"Douglas County, Wisconsin",64682,55,031,2022
"Dunn County, Wisconsin",69721,55,033,2022
"Eau Claire County, Wisconsin",70127,55,035,2022
"Florence County, Wisconsin",58049,55,037,2022
"Fond du Lac County, Wisconsin",70368,55,039,2022
"Forest County, Wisconsin",55552,55,041,2022
"Grant County, Wisconsin",63497,55,043,2022
"Green County, Wisconsin",76080,55,045,2022
"Green Lake County, Wisconsin",66395,55,047,2022
"Iowa County, Wisconsin",79226,55,049,2022
"Iron County, Wisconsin",55777,55,051,2022
"Jackson County, Wisconsin",64630,55,053,2022
"Jefferson County, Wisconsin",77018,55,055,2022
"Juneau County, Wisconsin",63455,55,057,2022
"Kenosha County, Wisconsin",76583,55,059,2022
"Kewaunee County, Wisconsin",77610,55,061,2022
"La Crosse County, Wisconsin",68731,55,063,2022
"Lafayette County, Wisconsin",69293,55,065,2022
"Langlade County, Wisconsin",55091,55,067,2022
"Lincoln County, Wisconsin",64314,55,069,2022
"Manitowoc County, Wisconsin",66412,55,071,2022
"Marathon County, Wisconsin",73248,55,073,2022
"Marinette County, Wisconsin",60347,55,075,2022
"Marquette County, Wisconsin",59748,55,077,2022
"Menominee County, Wisconsin",62194,55,078,2022
"Milwaukee County, Wisconsin",59319,55,079,2022
"Monroe County, Wisconsin",66451,55,081,2022
"Oconto County, Wisconsin",73611,55,083,2022
"Oneida County, Wisconsin",66111,55,085,2022
"Outagamie County, Wisconsin",78705,55,087,2022
"Ozaukee County, Wisconsin",92258,55,089,2022
"Pepin County, Wisconsin",70833,55,091,2022
"Pierce County, Wisconsin",82996,55,093,2022
"Polk County, Wisconsin",74142,55,095,2022
"Portage County, Wisconsin",71301,55,097,2022
"Price County, Wisconsin",55822,55,099,2022
"Racine County, Wisconsin",72658,55,101,2022
"Richland County, Wisconsin",61985,55,103,2022
"Rock County, Wisconsin",70630,55,105,2022
"Rusk County, Wisconsin",57473,55,107,2022
"St. Croix County, Wisconsin",97950,55,109,2022
"Sauk County, Wisconsin",72930,55,111,2022
"Sawyer County, Wisconsin",57519,55,113,2022
"Shawano County, Wisconsin",65493,55,115,2022
"Sheboygan County, Wisconsin",68969,55,117,2022
"Taylor County, Wisconsin",61360,55,119,2022
"Trempealeau County, Wisconsin",68474,55,121,2022
"Vernon County, Wisconsin",65177,55,123,2022
"Vilas County, Wisconsin",63726,55,125,2022
"Walworth County, Wisconsin",75172,55,127,2022
"Washburn County, Wisconsin",58504,55,129,2022
"Washington County, Wisconsin",91915,55,131,2022
"Waukesha County, Wisconsin",101639,55,133,2022
"Waupaca County, Wisconsin",69198,55,135,2022
"Waushara County, Wisconsin",61033,55,137,2022
"Winnebago County, Wisconsin",70041,55,139,2022
"Wood County, Wisconsin",63273,55,141,2022
"Albany County, Wyoming",55887,56,001,2022
"Big Horn County, Wyoming",61262,56,003,2022
"Campbell County, Wyoming",93315,56,005,2022
"Carbon County, Wyoming",65196,56,007,2022
"Converse County, Wyoming",79235,56,009,2022
"Crook County, Wyoming",68876,56,011,2022
"Fremont County, Wyoming",60030,56,013,2022
"Goshen County, Wyoming",62356,56,015,2022
"Hot Springs County, Wyoming",64031,56,017,2022
"Johnson County, Wyoming",60667,56,019,2022
"Laramie County, Wyoming",76282,56,021,2022
"Lincoln County, Wyoming",83033,56,023,2022
"Natrona County, Wyoming",69104,56,025,2022
"Niobrara County, Wyoming",54375,56,027,2022
"Park County, Wyoming",66754,56,029,2022
"Platte County, Wyoming",64753,56,031,2022
"Sheridan County, Wyoming",68898,56,033,2022
"Sublette County, Wyoming",85960,56,035,2022
"Sweetwater County, Wyoming",79375,56,037,2022
"Teton County, Wyoming",108279,56,039,2022
"Uinta County, Wyoming",78164,56,041,2022
"Washakie County, Wyoming",61875,56,043,2022
"Weston County, Wyoming",71800,56,045,2022
"Adjuntas Municipio, Puerto Rico",17659,72,001,2022
"Aguada Municipio, Puerto Rico",20301,72,003,2022
"Aguadilla Municipio, Puerto Rico",18348,72,005,2022
"Aguas Buenas Municipio, Puerto Rico",23160,72,007,2022
"Aibonito Municipio, Puerto Rico",22511,72,009,2022
"Añasco Municipio, Puerto Rico",22673,72,011,2022
"Arecibo Municipio, Puerto Rico",21799,72,013,2022
"Arroyo Municipio, Puerto Rico",18496,72,015,2022
"Barceloneta Municipio, Puerto Rico",20282,72,017,2022
"Barranquitas Municipio, Puerto Rico",21262,72,019,2022
"Bayamón Municipio, Puerto Rico",29403,72,021,2022
"Cabo Rojo Municipio, Puerto Rico",23077,72,023,2022
"Caguas Municipio, Puerto Rico",29279,72,025,2022
"Camuy Municipio, Puerto Rico",23263,72,027,2022
"Canóvanas Municipio, Puerto Rico",26021,72,029,2022
"Carolina Municipio, Puerto Rico",32888,72,031,2022
"Cataño Municipio, Puerto Rico",22407,72,033,2022
"Cayey Municipio, Puerto Rico",26704,72,035,2022
"Ceiba Municipio, Puerto Rico",22945,72,037,2022
"Ciales Municipio, Puerto Rico",19618,72,039,2022
"Cidra Municipio, Puerto Rico",25580,72,041,2022
"Coamo Municipio, Puerto Rico",20569,72,043,2022
"Comerío Municipio, Puerto Rico",16153,72,045,2022
"Corozal Municipio, Puerto Rico",21670,72,047,2022
"Culebra Municipio, Puerto Rico",25483,72,049,2022
"Dorado Municipio, Puerto Rico",31485,72,051,2022
"Fajardo Municipio, Puerto Rico",24309,72,053,2022
"Florida Municipio, Puerto Rico",21560,72,054,2022
"Guánica Municipio, Puerto Rico",14525,72,055,2022
"Guayama Municipio, Puerto Rico",19165,72,057,2022
"Guayanilla Municipio, Puerto Rico",21312,72,059,2022
"Guaynabo Municipio, Puerto Rico",43304,72,061,2022
"Gurabo Municipio, Puerto Rico",39533,72,063,2022
"Hatillo Municipio, Puerto Rico",24407,72,065,2022
"Hormigueros Municipio, Puerto Rico",22542,72,067,2022
"Humacao Municipio, Puerto Rico",25940,72,069,2022
"Isabela Municipio, Puerto Rico",19965,72,071,2022
"Jayuya Municipio, Puerto Rico",18363,72,073,2022
"Juana Díaz Municipio, Puerto Rico",23035,72,075,2022
"Juncos Municipio, Puerto Rico",25931,72,077,2022
"Lajas Municipio, Puerto Rico",17131,72,079,2022
"Lares Municipio, Puerto Rico",18844,72,081,2022
"Las Marías Municipio, Puerto Rico",16506,72,083,2022
"Las Piedras Municipio, Puerto Rico",23193,72,085,2022
"Loíza Municipio, Puerto Rico",21306,72,087,2022
"Luquillo Municipio, Puerto Rico",22585,72,089,2022
"Manatí Municipio, Puerto Rico",20385,72,091,2022
"Maricao Municipio, Puerto Rico",20133,72,093,2022
"Maunabo Municipio, Puerto Rico",21951,72,095,2022
"Mayagüez Municipio, Puerto Rico",16788,72,097,2022
"Moca Municipio, Puerto Rico",20331,72,099,2022
"Morovis Municipio, Puerto Rico",22282,72,101,2022
"Naguabo Municipio, Puerto Rico",20486,72,103,2022
"Naranjito Municipio, Puerto Rico",20616,72,105,2022
"Orocovis Municipio, Puerto Rico",16869,72,107,2022
"Patillas Municipio, Puerto Rico",20778,72,109,2022
"Peñuelas Municipio, Puerto Rico",20072,72,111,2022
"Ponce Municipio, Puerto Rico",18994,72,113,2022
"Quebradillas Municipio, Puerto Rico",20209,72,115,2022
"Rincón Municipio, Puerto Rico",26771,72,117,2022
"Río Grande Municipio, Puerto Rico",25963,72,119,2022
"Sabana Grande Municipio, Puerto Rico",20464,72,121,2022
"Salinas Municipio, Puerto Rico",20123,72,123,2022
"San Germán Municipio, Puerto Rico",17862,72,125,2022
"San Juan Municipio, Puerto Rico",26111,72,127,2022
"San Lorenzo Municipio, Puerto Rico",19629,72,129,2022
"San Sebastián Municipio, Puerto Rico",17557,72,131,2022
"Santa Isabel Municipio, Puerto Rico",22680,72,133,2022
"Toa Alta Municipio, Puerto Rico",32456,72,135,2022
"Toa Baja Municipio, Puerto Rico",28719,72,137,2022
"Trujillo Alto Municipio, Puerto Rico",35821,72,139,2022
"Utuado Municipio, Puerto Rico",17164,72,141,2022
"Vega Alta Municipio, Puerto Rico",24778,72,143,2022
"Vega Baja Municipio, Puerto Rico",23701,72,145,2022
"Vieques Municipio, Puerto Rico",17062,72,147,2022
"Villalba Municipio, Puerto Rico",22461,72,149,2022
"Yabucoa Municipio, Puerto Rico",19972,72,151,2022
"Yauco Municipio, Puerto Rico",19827,72,153,2022
"Autauga County, Alabama",69841,01,001,2023
"Baldwin County, Alabama",75019,01,003,2023
"Barbour County, Alabama",44290,01,005,2023
"Bibb County, Alabama",51215,01,007,2023
"Blount County, Alabama",61096,01,009,2023
"Bullock County, Alabama",36723,01,011,2023
"Butler County, Alabama",44881,01,013,2023
"Calhoun County, Alabama",55826,01,015,2023
"Chambers County, Alabama",49295,01,017,2023
"Cherokee County, Alabama",50769,01,019,2023
"Chilton County, Alabama",61873,01,021,2023
"Choctaw County, Alabama",44483,01,023,2023
"Clarke County, Alabama",49167,01,025,2023
"Clay County, Alabama",51852,01,027,2023
"Cleburne County, Alabama",53319,01,029,2023
"Coffee County, Alabama",64672,01,031,2023
"Colbert County, Alabama",56736,01,033,2023
"Conecuh County, Alabama",42266,01,035,2023
"Coosa County, Alabama",57063,01,037,2023
"Covington County, Alabama",50886,01,039,2023
"Crenshaw County, Alabama",49040,01,041,2023
"Cullman County, Alabama",60916,01,043,2023
"Dale County, Alabama",53955,01,045,2023
"Dallas County, Alabama",36810,01,047,2023
"DeKalb County, Alabama",51149,01,049,2023
"Elmore County, Alabama",75553,01,051,2023
"Escambia County, Alabama",44447,01,053,2023
"Etowah County, Alabama",53070,01,055,2023
"Fayette County, Alabama",50733,01,057,2023
"Franklin County, Alabama",51493,01,059,2023
"Geneva County, Alabama",50951,01,061,2023
"Greene County, Alabama",31495,01,063,2023
"Hale County, Alabama",41325,01,065,2023
"Henry County, Alabama",60135,01,067,2023
"Houston County, Alabama",57531,01,069,2023
"Jackson County, Alabama",49454,01,071,2023
"Jefferson County, Alabama",64589,01,073,2023
"Lamar County, Alabama",47447,01,075,2023
"Lauderdale County, Alabama",59082,01,077,2023
"Lawrence County, Alabama",60040,01,079,2023
"Lee County, Alabama",61123,01,081,2023
"Limestone County, Alabama",83534,01,083,2023
"Lowndes County, Alabama",35160,01,085,2023
"Macon County, Alabama",45951,01,087,2023
"Madison County, Alabama",83528,01,089,2023
"Marengo County, Alabama",44205,01,091,2023
"Marion County, Alabama",50714,01,093,2023
"Marshall County, Alabama",60946,01,095,2023
"Mobile County, Alabama",58119,01,097,2023
"Monroe County, Alabama",40225,01,099,2023
"Montgomery County, Alabama",58153,01,101,2023
"Morgan County, Alabama",64858,01,103,2023
"Perry County, Alabama",34368,01,105,2023
"Pickens County, Alabama",47014,01,107,2023
"Pike County, Alabama",47961,01,109,2023
"Randolph County, Alabama",51551,01,111,2023
"Russell County, Alabama",50046,01,113,2023
"St. Clair County, Alabama",78993,01,115,2023
"Shelby County, Alabama",93543,01,117,2023
"Sumter County, Alabama",37981,01,119,2023
"Talladega County, Alabama",56249,01,121,2023
"Tallapoosa County, Alabama",57185,01,123,2023
"Tuscaloosa County, Alabama",63947,01,125,2023
"Walker County, Alabama",54509,01,127,2023
"Washington County, Alabama",60503,01,129,2023
"Wilcox County, Alabama",42236,01,131,2023
"Winston County, Alabama",48032,01,133,2023
"Aleutians East Borough, Alaska",72692,02,013,2023
"Aleutians West Census Area, Alaska",107344,02,016,2023
"Anchorage Municipality, Alaska",98152,02,020,2023
"Bethel Census Area, Alaska",70616,02,050,2023
"Bristol Bay Borough, Alaska",100625,02,060,2023
"Chugach Census Area, Alaska",88565,02,063,2023
"Copper River Census Area, Alaska",75053,02,066,2023
"Denali Borough, Alaska",88935,02,068,2023
"Dillingham Census Area, Alaska",74250,02,070,2023
"Fairbanks North Star Borough, Alaska",84722,02,090,2023
"Haines Borough, Alaska",72607,02,100,2023
"Hoonah-Angoon Census Area, Alaska",62500,02,105,2023
"Juneau City and Borough, Alaska",100513,02,110,2023
"Kenai Peninsula Borough, Alaska",77722,02,122,2023
"Ketchikan Gateway Borough, Alaska",89155,02,130,2023
"Kodiak Island Borough, Alaska",83716,02,150,2023
"Kusilvak Census Area, Alaska",48233,02,158,2023
"Lake and Peninsula Borough, Alaska",64000,02,164,2023
"Matanuska-Susitna Borough, Alaska",90625,02,170,2023
"Nome Census Area, Alaska",76643,02,180,2023
"North Slope Borough, Alaska",86313,02,185,2023
"Northwest Arctic Borough, Alaska",81298,02,188,2023
"Petersburg Borough, Alaska",77026,02,195,2023
"Prince of Wales-Hyder Census Area, Alaska",59079,02,198,2023
"Sitka City and Borough, Alaska",101207,02,220,2023
"Skagway Municipality, Alaska",78594,02,230,2023
"Southeast Fairbanks Census Area, Alaska",74223,02,240,2023
"Wrangell City and Borough, Alaska",64545,02,275,2023
"Yakutat City and Borough, Alaska",80625,02,282,2023
"Yukon-Koyukuk Census Area, Alaska",52642,02,290,2023
"Apache County, Arizona",40338,04,001,2023
"Cochise County, Arizona",58970,04,003,2023
"Coconino County, Arizona",69748,04,005,2023
"Gila County, Arizona",59089,04,007,2023
"Graham County, Arizona",67326,04,009,2023
"Greenlee County, Arizona",75239,04,011,2023
"La Paz County, Arizona",49506,04,012,2023
"Maricopa County, Arizona",85518,04,013,2023
"Mohave County, Arizona",55799,04,015,2023
"Navajo County, Arizona",52752,04,017,2023
"Pima County, Arizona",67929,04,019,2023
"Pinal County, Arizona",77588,04,021,2023
"Santa Cruz County, Arizona",53614,04,023,2023
"Yavapai County, Arizona",66106,04,025,2023
"Yuma County, Arizona",60417,04,027,2023
"Arkansas County, Arkansas",60831,05,001,2023
"Ashley County, Arkansas",44481,05,003,2023
"Baxter County, Arkansas",48427,05,005,2023
"Benton County, Arkansas",89879,05,007,2023
"Boone County, Arkansas",54195,05,009,2023
"Bradley County, Arkansas",39565,05,011,2023
"Calhoun County, Arkansas",63654,05,013,2023
"Carroll County, Arkansas",55187,05,015,2023
"Chicot County, Arkansas",39683,05,017,2023
"Clark County, Arkansas",50985,05,019,2023
"Clay County, Arkansas",48500,05,021,2023
"Cleburne County, Arkansas",55979,05,023,2023
"Cleveland County, Arkansas",50509,05,025,2023
"Columbia County, Arkansas",47363,05,027,2023
"Conway County, Arkansas",51212,05,029,2023
"Craighead County, Arkansas",57615,05,031,2023
"Crawford County, Arkansas",60362,05,033,2023
"Crittenden County, Arkansas",54271,05,035,2023
"Cross County, Arkansas",47012,05,037,2023
"Dallas County, Arkansas",44694,05,039,2023
"Desha County, Arkansas",36064,05,041,2023
"Drew County, Arkansas",41071,05,043,2023
"Faulkner County, Arkansas",65071,05,045,2023
"Franklin County, Arkansas",51919,05,047,2023
"Fulton County, Arkansas",38941,05,049,2023
"Garland County, Arkansas",55409,05,051,2023
"Grant County, Arkansas",72512,05,053,2023
"Greene County, Arkansas",56793,05,055,2023
"Hempstead County, Arkansas",47654,05,057,2023
"Hot Spring County, Arkansas",52644,05,059,2023
"Howard County, Arkansas",44492,05,061,2023
"Independence County, Arkansas",56009,05,063,2023
"Izard County, Arkansas",47728,05,065,2023
"Jackson County, Arkansas",41215,05,067,2023
"Jefferson County, Arkansas",48552,05,069,2023
"Johnson County, Arkansas",44808,05,071,2023
"Lafayette County, Arkansas",37237,05,073,2023
"Lawrence County, Arkansas",44164,05,075,2023
"Lee County, Arkansas",36860,05,077,2023
"Lincoln County, Arkansas",51667,05,079,2023
"Little River County, Arkansas",52241,05,081,2023
"Logan County, Arkansas",54237,05,083,2023
"Lonoke County, Arkansas",71449,05,085,2023
"Madison County, Arkansas",53888,05,087,2023
"Marion County, Arkansas",46953,05,089,2023
"Miller County, Arkansas",49983,05,091,2023
"Mississippi County, Arkansas",53428,05,093,2023
"Monroe County, Arkansas",43955,05,095,2023
"Montgomery County, Arkansas",49015,05,097,2023
"Nevada County, Arkansas",41761,05,099,2023
"Newton County, Arkansas",47395,05,101,2023
"Ouachita County, Arkansas",49838,05,103,2023
"Perry County, Arkansas",60078,05,105,2023
"Phillips County, Arkansas",38874,05,107,2023
"Pike County, Arkansas",51000,05,109,2023
"Poinsett County, Arkansas",47188,05,111,2023
"Polk County, Arkansas",49252,05,113,2023
"Pope County, Arkansas",54606,05,115,2023
"Prairie County, Arkansas",51094,05,117,2023
"Pulaski County, Arkansas",60385,05,119,2023
"Randolph County, Arkansas",52838,05,121,2023
"St. Francis County, Arkansas",41784,05,123,2023
"Saline County, Arkansas",76534,05,125,2023
"Scott County, Arkansas",45955,05,127,2023
"Searcy County, Arkansas",41978,05,129,2023
"Sebastian County, Arkansas",56450,05,131,2023
"Sevier County, Arkansas",51641,05,133,2023
"Sharp County, Arkansas",42950,05,135,2023
"Stone County, Arkansas",38531,05,137,2023
"Union County, Arkansas",50221,05,139,2023
"Van Buren County, Arkansas",47266,05,141,2023
"Washington County, Arkansas",66426,05,143,2023
"White County, Arkansas",53435,05,145,2023
"Woodruff County, Arkansas",49982,05,147,2023
"Yell County, Arkansas",58870,05,149,2023
"Alameda County, California",126240,06,001,2023
"Alpine County, California",110781,06,003,2023
"Amador County, California",81526,06,005,2023
"Butte County, California",68574,06,007,2023
"Calaveras County, California",79877,06,009,2023
"Colusa County, California",75149,06,011,2023
"Contra Costa County, California",125727,06,013,2023
"Del Norte County, California",66780,06,015,2023
"El Dorado County, California",106190,06,017,2023
"Fresno County, California",71434,06,019,2023
"Glenn County, California",70487,06,021,2023
"Humboldt County, California",61135,06,023,2023
"Imperial County, California",56393,06,025,2023
"Inyo County, California",72432,06,027,2023
"Kern County, California",67660,06,029,2023
"Kings County, California",68750,06,031,2023
"Lake County, California",58738,06,033,2023
"Lassen County, California",64395,06,035,2023
"Los Angeles County, California",87760,06,037,2023
"Madera County, California",75496,06,039,2023
"Marin County, California",142785,06,041,2023
"Mariposa County, California",65378,06,043,2023
"Mendocino County, California",64688,06,045,2023
"Merced County, California",65044,06,047,2023
"Modoc County, California",56648,06,049,2023
"Mono County, California",86953,06,051,2023
"Monterey County, California",94486,06,053,2023
"Napa County, California",108970,06,055,2023
"Nevada County, California",84905,06,057,2023
"Orange County, California",113702,06,059,2023
"Placer County, California",114678,06,061,2023
"Plumas County, California",64946,06,063,2023
"Riverside County, California",89672,06,065,2023
"Sacramento County, California",88724,06,067,2023
"San Benito County, California",108289,06,069,2023
"San Bernardino County, California",82184,06,071,2023
"San Diego County, California",102285,06,073,2023
"San Francisco County, California",141446,06,075,2023
"San Joaquin County, California",88531,06,077,2023
"San Luis Obispo County, California",93398,06,079,2023
"San Mateo County, California",156000,06,081,2023
"Santa Barbara County, California",95977,06,083,2023
"Santa Clara County, California",159674,06,085,2023
"Santa Cruz County, California",109266,06,087,2023
"Shasta County, California",71931,06,089,2023
"Sierra County, California",60000,06,091,2023
"Siskiyou County, California",55499,06,093,2023
"Solano County, California",99994,06,095,2023
"Sonoma County, California",102840,06,097,2023
"Stanislaus County, California",79661,06,099,2023
"Sutter County, California",75450,06,101,2023
"Tehama County, California",61834,06,103,2023
"Trinity County, California",53498,06,105,2023
"Tulare County, California",69489,06,107,2023
"Tuolumne County, California",72259,06,109,2023
"Ventura County, California",107327,06,111,2023
"Yolo County, California",88818,06,113,2023
"Yuba County, California",73313,06,115,2023
"Adams County, Colorado",91387,08,001,2023
"Alamosa County, Colorado",51445,08,003,2023
"Arapahoe County, Colorado",97215,08,005,2023
"Archuleta County, Colorado",76524,08,007,2023
"Baca County, Colorado",40380,08,009,2023
"Bent County, Colorado",49194,08,011,2023
"Boulder County, Colorado",102772,08,013,2023
"Broomfield County, Colorado",121025,08,014,2023
"Chaffee County, Colorado",70909,08,015,2023
"Cheyenne County, Colorado",67768,08,017,2023
"Clear Creek County, Colorado",96667,08,019,2023
"Conejos County, Colorado",47209,08,021,2023
"Costilla County, Colorado",36519,08,023,2023
"Crowley County, Colorado",47563,08,025,2023
"Custer County, Colorado",72700,08,027,2023
"Delta County, Colorado",58330,08,029,2023
"Denver County, Colorado",91681,08,031,2023
"Dolores County, Colorado",70490,08,033,2023
"Douglas County, Colorado",145737,08,035,2023
"Eagle County, Colorado",103174,08,037,2023
"Elbert County, Colorado",129477,08,039,2023
"El Paso County, Colorado",87470,08,041,2023
"Fremont County, Colorado",61027,08,043,2023
"Garfield County, Colorado",86172,08,045,2023
"Gilpin County, Colorado",88654,08,047,2023
"Grand County, Colorado",84558,08,049,2023
"Gunnison County, Colorado",77358,08,051,2023
"Hinsdale County, Colorado",64327,08,053,2023
"Huerfano County, Colorado",52139,08,055,2023
"Jackson County, Colorado",41809,08,057,2023
"Jefferson County, Colorado",107800,08,059,2023
"Kiowa County, Colorado",56389,08,061,2023
"Kit Carson County, Colorado",59810,08,063,2023
"Lake County, Colorado",93655,08,065,2023
"La Plata County, Colorado",85296,08,067,2023
"Larimer County, Colorado",91364,08,069,2023
"Las Animas County, Colorado",50408,08,071,2023
"Lincoln County, Colorado",54257,08,073,2023
"Logan County, Colorado",55074,08,075,2023
"Mesa County, Colorado",71485,08,077,2023
"Mineral County, Colorado",52455,08,079,2023
"Moffat County, Colorado",70975,08,081,2023
"Montezuma County, Colorado",63005,08,083,2023
"Montrose County, Colorado",66072,08,085,2023
"Morgan County, Colorado",75407,08,087,2023
"Otero County, Colorado",54897,08,089,2023
"Ouray County, Colorado",84556,08,091,2023
"Park County, Colorado",95450,08,093,2023
"Phillips County, Colorado",60372,08,095,2023
"Pitkin County, Colorado",100318,08,097,2023
"Prowers County, Colorado",57601,08,099,2023
"Pueblo County, Colorado",62250,08,101,2023
"Rio Blanco County, Colorado",72620,08,103,2023
"Rio Grande County, Colorado",62166,08,105,2023
"Routt County, Colorado",104803,08,107,2023
"Saguache County, Colorado",54283,08,109,2023
"San Juan County, Colorado",73889,08,111,2023
"San Miguel County, Colorado",80117,08,113,2023
"Sedgwick County, Colorado",52833,08,115,2023
"Summit County, Colorado",106255,08,117,2023
"Teller County, Colorado",80666,08,119,2023
"Washington County, Colorado",65164,08,121,2023
"Weld County, Colorado",93287,08,123,2023
"Yuma County, Colorado",60051,08,125,2023
"Capitol Planning Region, Connecticut",91541,09,110,2023
"Greater Bridgeport Planning Region, Connecticut",87135,09,120,2023
"Lower Connecticut River Valley Planning Region, Connecticut",101117,09,130,2023
"Naugatuck Valley Planning Region, Connecticut",86365,09,140,2023
"Northeastern Connecticut Planning Region, Connecticut",87564,09,150,2023
"Northwest Hills Planning Region, Connecticut",91035,09,160,2023
"South Central Connecticut Planning Region, Connecticut",86266,09,170,2023
"Southeastern Connecticut Planning Region, Connecticut",84185,09,180,2023
"Western Connecticut Planning Region, Connecticut",124553,09,190,2023
"Kent County, Delaware",72872,10,001,2023
"New Castle County, Delaware",89901,10,003,2023
"Sussex County, Delaware",78162,10,005,2023
"District of Columbia, District of Columbia",106287,11,001,2023
"Alachua County, Florida",59659,12,001,2023
"Baker County, Florida",70833,12,003,2023
"Bay County, Florida",70188,12,005,2023
"Bradford County, Florida",59740,12,007,2023
"Brevard County, Florida",75817,12,009,2023
"Broward County, Florida",74534,12,011,2023
"Calhoun County, Florida",46901,12,013,2023
"Charlotte County, Florida",66154,12,015,2023
"Citrus County, Florida",55355,12,017,2023
"Clay County, Florida",86094,12,019,2023
"Collier County, Florida",86173,12,021,2023
"Columbia County, Florida",55070,12,023,2023
"DeSoto County, Florida",50868,12,027,2023
"Dixie County, Florida",47655,12,029,2023
"Duval County, Florida",68447,12,031,2023
"Escambia County, Florida",65715,12,033,2023
"Flagler County, Florida",72923,12,035,2023
"Franklin County, Florida",62734,12,037,2023
"Gadsden County, Florida",46047,12,039,2023
"Gilchrist County, Florida",61070,12,041,2023
"Glades County, Florida",38905,12,043,2023
"Gulf County, Florida",67361,12,045,2023
"Hamilton County, Florida",47696,12,047,2023
"Hardee County, Florida",54231,12,049,2023
"Hendry County, Florida",53044,12,051,2023
"Hernando County, Florida",63193,12,053,2023
"Highlands County, Florida",55581,12,055,2023
"Hillsborough County, Florida",75011,12,057,2023
"Holmes County, Florida",48236,12,059,2023
"Indian River County, Florida",71049,12,061,2023
"Jackson County, Florida",47327,12,063,2023
"Jefferson County, Florida",56984,12,065,2023
"Lafayette County, Florida",60692,12,067,2023
"Lake County, Florida",69956,12,069,2023
"Lee County, Florida",73099,12,071,2023
"Leon County, Florida",65074,12,073,2023
"Levy County, Florida",53805,12,075,2023
"Liberty County, Florida",53824,12,077,2023
"Madison County, Florida",48176,12,079,2023
"Manatee County, Florida",75792,12,081,2023
"Marion County, Florida",58535,12,083,2023
"Martin County, Florida",80701,12,085,2023
"Miami-Dade County, Florida",68694,12,086,2023
"Monroe County, Florida",82430,12,087,2023
"Nassau County, Florida",88900,12,089,2023
"Okaloosa County, Florida",79097,12,091,2023
"Okeechobee County, Florida",52288,12,093,2023
"Orange County, Florida",77011,12,095,2023
"Osceola County, Florida",68711,12,097,2023
"Palm Beach County, Florida",81115,12,099,2023
"Pasco County, Florida",67384,12,101,2023
"Pinellas County, Florida",70293,12,103,2023
"Polk County, Florida",63644,12,105,2023
"Putnam County, Florida",47256,12,107,2023
"St. Johns County, Florida",106169,12,109,2023
"St. Lucie County, Florida",69027,12,111,2023
"Santa Rosa County, Florida",88968,12,113,2023
"Sarasota County, Florida",80633,12,115,2023
"Seminole County, Florida",83030,12,117,2023
"Sumter County, Florida",73297,12,119,2023
"Suwannee County, Florida",55479,12,121,2023
"Taylor County, Florida",44985,12,123,2023
"Union County, Florida",64922,12,125,2023
"Volusia County, Florida",66581,12,127,2023
"Wakulla County, Florida",74183,12,129,2023
"Walton County, Florida",79281,12,131,2023
"Washington County, Florida",52723,12,133,2023
"Appling County, Georgia",43728,13,001,2023
"Atkinson County, Georgia",38438,13,003,2023
"Bacon County, Georgia",50310,13,005,2023
"Baker County, Georgia",44405,13,007,2023
"Baldwin County, Georgia",55413,13,009,2023
"Banks County, Georgia",68830,13,011,2023
"Barrow County, Georgia",77477,13,013,2023
"Bartow County, Georgia",79431,13,015,2023
"Ben Hill County, Georgia",39081,13,017,2023
"Berrien County, Georgia",50414,13,019,2023
"Bibb County, Georgia",50747,13,021,2023
"Bleckley County, Georgia",53005,13,023,2023
"Brantley County, Georgia",47801,13,025,2023
"Brooks County, Georgia",47656,13,027,2023
"Bryan County, Georgia",94234,13,029,2023
"Bulloch County, Georgia",56832,13,031,2023
"Burke County, Georgia",50739,13,033,2023
"Butts County, Georgia",59221,13,035,2023
"Calhoun County, Georgia",55714,13,037,2023
"Camden County, Georgia",72399,13,039,2023
"Candler County, Georgia",50431,13,043,2023
"Carroll County, Georgia",72327,13,045,2023
"Catoosa County, Georgia",72425,13,047,2023
"Charlton County, Georgia",48534,13,049,2023
"Chatham County, Georgia",69575,13,051,2023
"Chattahoochee County, Georgia",59221,13,053,2023
"Chattooga County, Georgia",47785,13,055,2023
"Cherokee County, Georgia",105442,13,057,2023
"Clarke County, Georgia",52267,13,059,2023
"Clay County, Georgia",48715,13,061,2023
"Clayton County, Georgia",58507,13,063,2023
"Clinch County, Georgia",55549,13,065,2023
"Cobb County, Georgia",98712,13,067,2023
"Coffee County, Georgia",50175,13,069,2023
"Colquitt County, Georgia",49691,13,071,2023
"Columbia County, Georgia",96122,13,073,2023
"Cook County, Georgia",50133,13,075,2023
"Coweta County, Georgia",94142,13,077,2023
"Crawford County, Georgia",60905,13,079,2023
"Crisp County, Georgia",42745,13,081,2023
"Dade County, Georgia",58936,13,083,2023
"Dawson County, Georgia",88986,13,085,2023
"Decatur County, Georgia",50485,13,087,2023
"DeKalb County, Georgia",77683,13,089,2023
"Dodge County, Georgia",50152,13,091,2023
"Dooly County, Georgia",56545,13,093,2023
"Dougherty County, Georgia",46784,13,095,2023
"Douglas County, Georgia",80764,13,097,2023
"Early County, Georgia",53750,13,099,2023
"Echols County, Georgia",61723,13,101,2023
"Effingham County, Georgia",85465,13,103,2023
"Elbert County, Georgia",49727,13,105,2023
"Emanuel County, Georgia",50053,13,107,2023
"Evans County, Georgia",53908,13,109,2023
"Fannin County, Georgia",58073,13,111,2023
"Fayette County, Georgia",108986,13,113,2023
"Floyd County, Georgia",62540,13,115,2023
"Forsyth County, Georgia",138000,13,117,2023
"Franklin County, Georgia",52264,13,119,2023
"Fulton County, Georgia",91490,13,121,2023
"Gilmer County, Georgia",72542,13,123,2023
"Glascock County, Georgia",55250,13,125,2023
"Glynn County, Georgia",68546,13,127,2023
"Gordon County, Georgia",61997,13,129,2023
"Grady County, Georgia",54312,13,131,2023
"Greene County, Georgia",84530,13,133,2023
"Gwinnett County, Georgia",84823,13,135,2023
"Habersham County, Georgia",65622,13,137,2023
"Hall County, Georgia",77430,13,139,2023
"Hancock County, Georgia",33182,13,141,2023
"Haralson County, Georgia",65016,13,143,2023
"Harris County, Georgia",89184,13,145,2023
"Hart County, Georgia",57241,13,147,2023
"Heard County, Georgia",62907,13,149,2023
"Henry County, Georgia",81612,13,151,2023
"Houston County, Georgia",80743,13,153,2023
"Irwin County, Georgia",53915,13,155,2023
"Jackson County, Georgia",85012,13,157,2023
"Jasper County, Georgia",59574,13,159,2023
"Jeff Davis County, Georgia",40879,13,161,2023
"Jefferson County, Georgia",46561,13,163,2023
"Jenkins County, Georgia",36906,13,165,2023
"Johnson County, Georgia",54183,13,167,2023
"Jones County, Georgia",68259,13,169,2023
"Lamar County, Georgia",68457,13,171,2023
"Lanier County, Georgia",44361,13,173,2023
"Laurens County, Georgia",49705,13,175,2023
"Lee County, Georgia",88024,13,177,2023
"Liberty County, Georgia",59013,13,179,2023
"Lincoln County, Georgia",50688,13,181,2023
"Long County, Georgia",64747,13,183,2023
"Lowndes County, Georgia",55887,13,185,2023
"Lumpkin County, Georgia",72388,13,187,2023
"McDuffie County, Georgia",54058,13,189,2023
"McIntosh County, Georgia",50348,13,191,2023
"Macon County, Georgia",37177,13,193,2023
"Madison County, Georgia",58784,13,195,2023
"Marion County, Georgia",50484,13,197,2023
"Meriwether County, Georgia",56458,13,199,2023
"Miller County, Georgia",58407,13,201,2023
"Mitchell County, Georgia",51908,13,205,2023
"Monroe County, Georgia",82863,13,207,2023
"Montgomery County, Georgia",51188,13,209,2023
"Morgan County, Georgia",85692,13,211,2023
"Murray County, Georgia",67880,13,213,2023
"Muscogee County, Georgia",56622,13,215,2023
"Newton County, Georgia",73732,13,217,2023
"Oconee County, Georgia",115925,13,219,2023
"Oglethorpe County, Georgia",69784,13,221,2023
"Paulding County, Georgia",94557,13,223,2023
"Peach County, Georgia",68365,13,225,2023
"Pickens County, Georgia",75293,13,227,2023
"Pierce County, Georgia",56691,13,229,2023
"Pike County, Georgia",84184,13,231,2023
"Polk County, Georgia",55308,13,233,2023
"Pulaski County, Georgia",47688,13,235,2023
"Putnam County, Georgia",64163,13,237,2023
"Quitman County, Georgia",36838,13,239,2023
"Rabun County, Georgia",61466,13,241,2023
"Randolph County, Georgia",25425,13,243,2023
"Richmond County, Georgia",53197,13,245,2023
"Rockdale County, Georgia",72349,13,247,2023
"Schley County, Georgia",59647,13,249,2023
"Screven County, Georgia",53017,13,251,2023
"Seminole County, Georgia",49559,13,253,2023
"Spalding County, Georgia",60217,13,255,2023
"Stephens County, Georgia",52264,13,257,2023
"Stewart County, Georgia",35000,13,259,2023
"Sumter County, Georgia",41877,13,261,2023
"Talbot County, Georgia",45098,13,263,2023
"Taliaferro County, Georgia",48036,13,265,2023
"Tattnall County, Georgia",52351,13,267,2023
"Taylor County, Georgia",41743,13,269,2023
"Telfair County, Georgia",44948,13,271,2023
"Terrell County, Georgia",43812,13,273,2023
"Thomas County, Georgia",60140,13,275,2023
"Tift County, Georgia",53165,13,277,2023
"Toombs County, Georgia",54130,13,279,2023
"Towns County, Georgia",58400,13,281,2023
"Treutlen County, Georgia",43750,13,283,2023
"Troup County, Georgia",54905,13,285,2023
"Turner County, Georgia",39565,13,287,2023
"Twiggs County, Georgia",55439,13,289,2023
"Union County, Georgia",65697,13,291,2023
"Upson County, Georgia",50904,13,293,2023
"Walker County, Georgia",55887,13,295,2023
"Walton County, Georgia",82381,13,297,2023
"Ware County, Georgia",44833,13,299,2023
"Warren County, Georgia",46776,13,301,2023
"Washington County, Georgia",44009,13,303,2023
"Wayne County, Georgia",49562,13,305,2023
"Webster County, Georgia",40764,13,307,2023
"Wheeler County, Georgia",45262,13,309,2023
"White County, Georgia",69747,13,311,2023
"Whitfield County, Georgia",64262,13,313,2023
"Wilcox County, Georgia",48036,13,315,2023
"Wilkes County, Georgia",52542,13,317,2023
"Wilkinson County, Georgia",46673,13,319,2023
"Worth County, Georgia",57201,13,321,2023
"Hawaii County, Hawaii",77215,15,001,2023
"Honolulu County, Hawaii",104264,15,003,2023
"Kalawao County, Hawaii",86250,15,005,2023
"Kauai County, Hawaii",93612,15,007,2023
"Maui County, Hawaii",95076,15,009,2023
"Ada County, Idaho",88907,16,001,2023
"Adams County, Idaho",59286,16,003,2023
"Bannock County, Idaho",64080,16,005,2023
"Bear Lake County, Idaho",67304,16,007,2023
"Benewah County, Idaho",56553,16,009,2023
"Bingham County, Idaho",76842,16,011,2023
"Blaine County, Idaho",84470,16,013,2023
"Boise County, Idaho",77349,16,015,2023
"Bonner County, Idaho",65168,16,017,2023
"Bonneville County, Idaho",76646,16,019,2023
"Boundary County, Idaho",62438,16,021,2023
"Butte County, Idaho",43281,16,023,2023
"Camas County, Idaho",55536,16,025,2023
"Canyon County, Idaho",72355,16,027,2023
"Caribou County, Idaho",66653,16,029,2023
"Cassia County, Idaho",67042,16,031,2023
"Clark County, Idaho",52083,16,033,2023
"Clearwater County, Idaho",57961,16,035,2023
"Custer County, Idaho",56957,16,037,2023
"Elmore County, Idaho",58976,16,039,2023
"Franklin County, Idaho",65991,16,041,2023
"Fremont County, Idaho",72767,16,043,2023
"Gem County, Idaho",66245,16,045,2023
"Gooding County, Idaho",62395,16,047,2023
"Idaho County, Idaho",60975,16,049,2023
"Jefferson County, Idaho",82952,16,051,2023
"Jerome County, Idaho",69338,16,053,2023
"Kootenai County, Idaho",77034,16,055,2023
"Latah County, Idaho",65179,16,057,2023
"Lemhi County, Idaho",52057,16,059,2023
"Lewis County, Idaho",49643,16,061,2023
"Lincoln County, Idaho",66038,16,063,2023
"Madison County, Idaho",58259,16,065,2023
"Minidoka County, Idaho",70060,16,067,2023
"Nez Perce County, Idaho",71466,16,069,2023
"Oneida County, Idaho",72563,16,071,2023
"Owyhee County, Idaho",59773,16,073,2023
"Payette County, Idaho",65723,16,075,2023
"Power County, Idaho",59760,16,077,2023
"Shoshone County, Idaho",49975,16,079,2023
"Teton County, Idaho",90740,16,081,2023
"Twin Falls County, Idaho",65338,16,083,2023
"Valley County, Idaho",76125,16,085,2023
"Washington County, Idaho",53608,16,087,2023
"Adams County, Illinois",64962,17,001,2023
"Alexander County, Illinois",43523,17,003,2023
"Bond County, Illinois",61603,17,005,2023
"Boone County, Illinois",81638,17,007,2023
"Brown County, Illinois",72288,17,009,2023
"Bureau County, Illinois",65894,17,011,2023
"Calhoun County, Illinois",92095,17,013,2023
"Carroll County, Illinois",60871,17,015,2023
"Cass County, Illinois",64907,17,017,2023
"Champaign County, Illinois",63091,17,019,2023
"Christian County, Illinois",59253,17,021,2023
"Clark County, Illinois",70625,17,023,2023
"Clay County, Illinois",57266,17,025,2023
"Clinton County, Illinois",82314,17,027,2023
"Coles County, Illinois",56040,17,029,2023
"Cook County, Illinois",81797,17,031,2023
"Crawford County, Illinois",67614,17,033,2023
"Cumberland County, Illinois",69826,17,035,2023
"DeKalb County, Illinois",69022,17,037,2023
"De Witt County, Illinois",64802,17,039,2023
"Douglas County, Illinois",74186,17,041,2023
"DuPage County, Illinois",110502,17,043,2023
"Edgar County, Illinois",56909,17,045,2023
"Edwards County, Illinois",59386,17,047,2023
"Effingham County, Illinois",75380,17,049,2023
"Fayette County, Illinois",57113,17,051,2023
"Ford County, Illinois",60782,17,053,2023
"Franklin County, Illinois",53471,17,055,2023
"Fulton County, Illinois",58617,17,057,2023
"Gallatin County, Illinois",54626,17,059,2023
"Greene County, Illinois",60976,17,061,2023
"Grundy County, Illinois",93060,17,063,2023
"Hamilton County, Illinois",61520,17,065,2023
"Hancock County, Illinois",65044,17,067,2023
"Hardin County, Illinois",57155,17,069,2023
"Henderson County, Illinois",65651,17,071,2023
"Henry County, Illinois",69912,17,073,2023
"Iroquois County, Illinois",62439,17,075,2023
"Jackson County, Illinois",45572,17,077,2023
"Jasper County, Illinois",71094,17,079,2023
"Jefferson County, Illinois",61102,17,081,2023
"Jersey County, Illinois",79104,17,083,2023
"Jo Daviess County, Illinois",74954,17,085,2023
"Johnson County, Illinois",65203,17,087,2023
"Kane County, Illinois",100678,17,089,2023
"Kankakee County, Illinois",68325,17,091,2023
"Kendall County, Illinois",110474,17,093,2023
"Knox County, Illinois",53291,17,095,2023
"Lake County, Illinois",108917,17,097,2023
"LaSalle County, Illinois",72281,17,099,2023
"Lawrence County, Illinois",53438,17,101,2023
"Lee County, Illinois",68459,17,103,2023
"Livingston County, Illinois",70796,17,105,2023
"Logan County, Illinois",64188,17,107,2023
"McDonough County, Illinois",50434,17,109,2023
"McHenry County, Illinois",102836,17,111,2023
"McLean County, Illinois",78329,17,113,2023
"Macon County, Illinois",62449,17,115,2023
"Macoupin County, Illinois",68518,17,117,2023
"Madison County, Illinois",74800,17,119,2023
"Marion County, Illinois",60839,17,121,2023
"Marshall County, Illinois",69818,17,123,2023
"Mason County, Illinois",62127,17,125,2023
"Massac County, Illinois",62584,17,127,2023
"Menard County, Illinois",81334,17,129,2023
"Mercer County, Illinois",71710,17,131,2023
"Monroe County, Illinois",101635,17,133,2023
"Montgomery County, Illinois",61863,17,135,2023
"Morgan County, Illinois",65175,17,137,2023
"Moultrie County, Illinois",71676,17,139,2023
"Ogle County, Illinois",79244,17,141,2023
"Peoria County, Illinois",64938,17,143,2023
"Perry County, Illinois",59286,17,145,2023
"Piatt County, Illinois",87516,17,147,2023
"Pike County, Illinois",58029,17,149,2023
"Pope County, Illinois",62500,17,151,2023
"Pulaski County, Illinois",43227,17,153,2023
"Putnam County, Illinois",77526,17,155,2023
"Randolph County, Illinois",68870,17,157,2023
"Richland County, Illinois",60404,17,159,2023
"Rock Island County, Illinois",66768,17,161,2023
"St. Clair County, Illinois",70178,17,163,2023
"Saline County, Illinois",54945,17,165,2023
"Sangamon County, Illinois",74114,17,167,2023
"Schuyler County, Illinois",66059,17,169,2023
"Scott County, Illinois",73013,17,171,2023
"Shelby County, Illinois",68457,17,173,2023
"Stark County, Illinois",62284,17,175,2023
"Stephenson County, Illinois",61943,17,177,2023
"Tazewell County, Illinois",76704,17,179,2023
"Union County, Illinois",56420,17,181,2023
"Vermilion County, Illinois",54537,17,183,2023
"Wabash County, Illinois",53650,17,185,2023
"Warren County, Illinois",64650,17,187,2023
"Washington County, Illinois",75652,17,189,2023
"Wayne County, Illinois",53107,17,191,2023
"White County, Illinois",53097,17,193,2023
"Whiteside County, Illinois",64536,17,195,2023
"Will County, Illinois",107799,17,197,2023
"Williamson County, Illinois",65521,17,199,2023
"Winnebago County, Illinois",64363,17,201,2023
"Woodford County, Illinois",85629,17,203,2023
"Adams County, Indiana",63128,18,001,2023
"Allen County, Indiana",68839,18,003,2023
"Bartholomew County, Indiana",80365,18,005,2023
"Benton County, Indiana",61811,18,007,2023
"Blackford County, Indiana",47560,18,009,2023
"Boone County, Indiana",104865,18,011,2023
"Brown County, Indiana",72644,18,013,2023
"Carroll County, Indiana",64003,18,015,2023
"Cass County, Indiana",56525,18,017,2023
"Clark County, Indiana",72298,18,019,2023
"Clay County, Indiana",67676,18,021,2023
"Clinton County, Indiana",63690,18,023,2023
"Crawford County, Indiana",48993,18,025,2023
"Daviess County, Indiana",68561,18,027,2023
"Dearborn County, Indiana",82693,18,029,2023
"Decatur County, Indiana",74228,18,031,2023
"DeKalb County, Indiana",70080,18,033,2023
"Delaware County, Indiana",56932,18,035,2023
"Dubois County, Indiana",71918,18,037,2023
"Elkhart County, Indiana",65617,18,039,2023
"Fayette County, Indiana",56659,18,041,2023
"Floyd County, Indiana",78179,18,043,2023
"Fountain County, Indiana",62526,18,045,2023
"Franklin County, Indiana",79702,18,047,2023
"Fulton County, Indiana",62878,18,049,2023
"Gibson County, Indiana",67763,18,051,2023
"Grant County, Indiana",54007,18,053,2023
"Greene County, Indiana",59753,18,055,2023
"Hamilton County, Indiana",117957,18,057,2023
"Hancock County, Indiana",91326,18,059,2023
"Harrison County, Indiana",72468,18,061,2023
"Hendricks County, Indiana",99988,18,063,2023
"Henry County, Indiana",60144,18,065,2023
"Howard County, Indiana",62496,18,067,2023
"Huntington County, Indiana",62734,18,069,2023
"Jackson County, Indiana",70208,18,071,2023
"Jasper County, Indiana",79634,18,073,2023
"Jay County, Indiana",54114,18,075,2023
"Jefferson County, Indiana",59987,18,077,2023
"Jennings County, Indiana",68476,18,079,2023
"Johnson County, Indiana",87227,18,081,2023
"Knox County, Indiana",58863,18,083,2023
"Kosciusko County, Indiana",73922,18,085,2023
"LaGrange County, Indiana",83741,18,087,2023
"Lake County, Indiana",68985,18,089,2023
"LaPorte County, Indiana",70452,18,091,2023
"Lawrence County, Indiana",65551,18,093,2023
"Madison County, Indiana",62632,18,095,2023
"Marion County, Indiana",63450,18,097,2023
"Marshall County, Indiana",68041,18,099,2023
"Martin County, Indiana",65345,18,101,2023
"Miami County, Indiana",61130,18,103,2023
"Monroe County, Indiana",63372,18,105,2023
"Montgomery County, Indiana",66571,18,107,2023
"Morgan County, Indiana",79088,18,109,2023
"Newton County, Indiana",68596,18,111,2023
"Noble County, Indiana",70908,18,113,2023
"Ohio County, Indiana",67942,18,115,2023
"Orange County, Indiana",64758,18,117,2023
"Owen County, Indiana",59586,18,119,2023
"Parke County, Indiana",66776,18,121,2023
"Perry County, Indiana",61099,18,123,2023
"Pike County, Indiana",66250,18,125,2023
"Porter County, Indiana",85828,18,127,2023
"Posey County, Indiana",79124,18,129,2023
"Pulaski County, Indiana",59956,18,131,2023
"Putnam County, Indiana",76182,18,133,2023
"Randolph County, Indiana",61121,18,135,2023
"Ripley County, Indiana",71084,18,137,2023
"Rush County, Indiana",64393,18,139,2023
"St. Joseph County, Indiana",64885,18,141,2023
"Scott County, Indiana",54583,18,143,2023
"Shelby County, Indiana",71301,18,145,2023
"Spencer County, Indiana",70890,18,147,2023
"Starke County, Indiana",62933,18,149,2023
"Steuben County, Indiana",71483,18,151,2023
"Sullivan County, Indiana",54985,18,153,2023
"Switzerland County, Indiana",65148,18,155,2023
"Tippecanoe County, Indiana",58622,18,157,2023
"Tipton County, Indiana",78309,18,159,2023
"Union County, Indiana",79500,18,161,2023
"Vanderburgh County, Indiana",60938,18,163,2023
"Vermillion County, Indiana",59363,18,165,2023
"Vigo County, Indiana",52525,18,167,2023
"Wabash County, Indiana",68414,18,169,2023
"Warren County, Indiana",74635,18,171,2023
"Warrick County, Indiana",95027,18,173,2023
"Washington County, Indiana",61358,18,175,2023
"Wayne County, Indiana",56652,18,177,2023
"Wells County, Indiana",69741,18,179,2023
"White County, Indiana",66143,18,181,2023
"Whitley County, Indiana",75790,18,183,2023
"Adair County, Iowa",66176,19,001,2023
"Adams County, Iowa",68828,19,003,2023
"Allamakee County, Iowa",66000,19,005,2023
"Appanoose County, Iowa",51146,19,007,2023
"Audubon County, Iowa",54152,19,009,2023
"Benton County, Iowa",84742,19,011,2023
"Black Hawk County, Iowa",64581,19,013,2023
"Boone County, Iowa",79741,19,015,2023
"Bremer County, Iowa",83343,19,017,2023
"Buchanan County, Iowa",78430,19,019,2023
"Buena Vista County, Iowa",66564,19,021,2023
"Butler County, Iowa",69651,19,023,2023
"Calhoun County, Iowa",66875,19,025,2023
"Carroll County, Iowa",68528,19,027,2023
"Cass County, Iowa",61657,19,029,2023
"Cedar County, Iowa",79080,19,031,2023
"Cerro Gordo County, Iowa",65537,19,033,2023
"Cherokee County, Iowa",64478,19,035,2023
"Chickasaw County, Iowa",73421,19,037,2023
"Clarke County, Iowa",66821,19,039,2023
"Clay County, Iowa",64082,19,041,2023
"Clayton County, Iowa",62326,19,043,2023
"Clinton County, Iowa",65177,19,045,2023
"Crawford County, Iowa",65039,19,047,2023
"Dallas County, Iowa",102349,19,049,2023
"Davis County, Iowa",79505,19,051,2023
"Decatur County, Iowa",57146,19,053,2023
"Delaware County, Iowa",76205,19,055,2023
"Des Moines County, Iowa",60662,19,057,2023
"Dickinson County, Iowa",74570,19,059,2023
"Dubuque County, Iowa",75919,19,061,2023
"Emmet County, Iowa",65181,19,063,2023
"Fayette County, Iowa",58764,19,065,2023
"Floyd County, Iowa",64500,19,067,2023
"Franklin County, Iowa",63648,19,069,2023
"Fremont County, Iowa",73750,19,071,2023
"Greene County, Iowa",59159,19,073,2023
"Grundy County, Iowa",83617,19,075,2023
"Guthrie County, Iowa",79981,19,077,2023
"Hamilton County, Iowa",71750,19,079,2023
"Hancock County, Iowa",70212,19,081,2023
"Hardin County, Iowa",64906,19,083,2023
"Harrison County, Iowa",77027,19,085,2023
"Henry County, Iowa",64604,19,087,2023
"Howard County, Iowa",67336,19,089,2023
"Humboldt County, Iowa",66994,19,091,2023
"Ida County, Iowa",62841,19,093,2023
"Iowa County, Iowa",72185,19,095,2023
"Jackson County, Iowa",71605,19,097,2023
"Jasper County, Iowa",70128,19,099,2023
"Jefferson County, Iowa",56824,19,101,2023
"Johnson County, Iowa",74721,19,103,2023
"Jones County, Iowa",73071,19,105,2023
"Keokuk County, Iowa",60856,19,107,2023
"Kossuth County, Iowa",65656,19,109,2023
"Lee County, Iowa",59803,19,111,2023
"Linn County, Iowa",76421,19,113,2023
"Louisa County, Iowa",80223,19,115,2023
"Lucas County, Iowa",67921,19,117,2023
"Lyon County, Iowa",72881,19,119,2023
"Madison County, Iowa",89542,19,121,2023
"Mahaska County, Iowa",69019,19,123,2023
"Marion County, Iowa",78059,19,125,2023
"Marshall County, Iowa",72785,19,127,2023
"Mills County, Iowa",87810,19,129,2023
"Mitchell County, Iowa",68704,19,131,2023
"Monona County, Iowa",62944,19,133,2023
"Monroe County, Iowa",72518,19,135,2023
"Montgomery County, Iowa",63190,19,137,2023
"Muscatine County, Iowa",69512,19,139,2023
"O'Brien County, Iowa",68216,19,141,2023
"Osceola County, Iowa",69138,19,143,2023
"Page County, Iowa",57752,19,145,2023
"Palo Alto County, Iowa",68963,19,147,2023
"Plymouth County, Iowa",81600,19,149,2023
"Pocahontas County, Iowa",63423,19,151,2023
"Polk County, Iowa",81621,19,153,2023
"Pottawattamie County, Iowa",71446,19,155,2023
"Poweshiek County, Iowa",64837,19,157,2023
"Ringgold County, Iowa",69821,19,159,2023
"Sac County, Iowa",70991,19,161,2023
"Scott County, Iowa",76363,19,163,2023
"Shelby County, Iowa",67690,19,165,2023
"Sioux County, Iowa",84736,19,167,2023
"Story County, Iowa",69006,19,169,2023
"Tama County, Iowa",67955,19,171,2023
"Taylor County, Iowa",67279,19,173,2023
"Union County, Iowa",56813,19,175,2023
"Van Buren County, Iowa",60183,19,177,2023
"Wapello County, Iowa",60034,19,179,2023
"Warren County, Iowa",92990,19,181,2023
"Washington County, Iowa",71339,19,183,2023
"Wayne County, Iowa",59118,19,185,2023
"Webster County, Iowa",68054,19,187,2023
"Winnebago County, Iowa",63719,19,189,2023
"Winneshiek County, Iowa",75652,19,191,2023
"Woodbury County, Iowa",70147,19,193,2023
"Worth County, Iowa",76875,19,195,2023
"Wright County, Iowa",64033,19,197,2023
"Allen County, Kansas",57618,20,001,2023
"Anderson County, Kansas",64925,20,003,2023
"Atchison County, Kansas",62164,20,005,2023
"Barber County, Kansas",57615,20,007,2023
"Barton County, Kansas",56733,20,009,2023
"Bourbon County, Kansas",67555,20,011,2023
"Brown County, Kansas",58886,20,013,2023
"Butler County, Kansas",80375,20,015,2023
"Chase County, Kansas",54518,20,017,2023
"Chautauqua County, Kansas",54592,20,019,2023
"Cherokee County, Kansas",58274,20,021,2023
"Cheyenne County, Kansas",55765,20,023,2023
"Clark County, Kansas",65515,20,025,2023
"Clay County, Kansas",63136,20,027,2023
"Cloud County, Kansas",57333,20,029,2023
"Coffey County, Kansas",67377,20,031,2023
"Comanche County, Kansas",49417,20,033,2023
"Cowley County, Kansas",58263,20,035,2023
"Crawford County, Kansas",50311,20,037,2023
"Decatur County, Kansas",52030,20,039,2023
"Dickinson County, Kansas",67982,20,041,2023
"Doniphan County, Kansas",72833,20,043,2023
"Douglas County, Kansas",68756,20,045,2023
"Edwards County, Kansas",53792,20,047,2023
"Elk County, Kansas",56087,20,049,2023
"Ellis County, Kansas",59889,20,051,2023
"Ellsworth County, Kansas",66792,20,053,2023
"Finney County, Kansas",72437,20,055,2023
"Ford County, Kansas",70495,20,057,2023
"Franklin County, Kansas",72142,20,059,2023
"Geary County, Kansas",57344,20,061,2023
"Gove County, Kansas",63203,20,063,2023
"Graham County, Kansas",52909,20,065,2023
"Grant County, Kansas",72484,20,067,2023
"Gray County, Kansas",77885,20,069,2023
"Greeley County, Kansas",78819,20,071,2023
"Greenwood County, Kansas",58276,20,073,2023
"Hamilton County, Kansas",61929,20,075,2023
"Harper County, Kansas",55417,20,077,2023
"Harvey County, Kansas",73269,20,079,2023
"Haskell County, Kansas",69138,20,081,2023
"Hodgeman County, Kansas",63125,20,083,2023
"Jackson County, Kansas",72703,20,085,2023
"Jefferson County, Kansas",77393,20,087,2023
"Jewell County, Kansas",52344,20,089,2023
"Johnson County, Kansas",107261,20,091,2023
"Kearny County, Kansas",74135,20,093,2023
"Kingman County, Kansas",59819,20,095,2023
"Kiowa County, Kansas",73214,20,097,2023
"Labette County, Kansas",55439,20,099,2023
"Lane County, Kansas",53042,20,101,2023
"Leavenworth County, Kansas",86906,20,103,2023
"Lincoln County, Kansas",53546,20,105,2023
"Linn County, Kansas",59200,20,107,2023
"Logan County, Kansas",71389,20,109,2023
"Lyon County, Kansas",59078,20,111,2023
"McPherson County, Kansas",77701,20,113,2023
"Marion County, Kansas",63438,20,115,2023
"Marshall County, Kansas",70828,20,117,2023
"Meade County, Kansas",74868,20,119,2023
"Miami County, Kansas",88000,20,121,2023
"Mitchell County, Kansas",58233,20,123,2023
"Montgomery County, Kansas",53242,20,125,2023
"Morris County, Kansas",56716,20,127,2023
"Morton County, Kansas",65625,20,129,2023
"Nemaha County, Kansas",77375,20,131,2023
"Neosho County, Kansas",55704,20,133,2023
"Ness County, Kansas",66107,20,135,2023
"Norton County, Kansas",50305,20,137,2023
"Osage County, Kansas",70216,20,139,2023
"Osborne County, Kansas",59408,20,141,2023
"Ottawa County, Kansas",76755,20,143,2023
"Pawnee County, Kansas",63625,20,145,2023
"Phillips County, Kansas",61235,20,147,2023
"Pottawatomie County, Kansas",87694,20,149,2023
"Pratt County, Kansas",64348,20,151,2023
"Rawlins County, Kansas",65000,20,153,2023
"Reno County, Kansas",60498,20,155,2023
"Republic County, Kansas",53611,20,157,2023
"Rice County, Kansas",63947,20,159,2023
"Riley County, Kansas",59560,20,161,2023
"Rooks County, Kansas",61596,20,163,2023
"Rush County, Kansas",60288,20,165,2023
"Russell County, Kansas",53902,20,167,2023
"Saline County, Kansas",63316,20,169,2023
"Scott County, Kansas",67788,20,171,2023
"Sedgwick County, Kansas",67675,20,173,2023
"Seward County, Kansas",62269,20,175,2023
"Shawnee County, Kansas",66043,20,177,2023
"Sheridan County, Kansas",70000,20,179,2023
"Sherman County, Kansas",64444,20,181,2023
"Smith County, Kansas",57024,20,183,2023
"Stafford County, Kansas",63786,20,185,2023
"Stanton County, Kansas",70361,20,187,2023
"Stevens County, Kansas",61909,20,189,2023
"Sumner County, Kansas",60348,20,191,2023
"Thomas County, Kansas",73575,20,193,2023
"Trego County, Kansas",73375,20,195,2023
"Wabaunsee County, Kansas",70536,20,197,2023
"Wallace County, Kansas",60263,20,199,2023
"Washington County, Kansas",62452,20,201,2023
"Wichita County, Kansas",71282,20,203,2023
"Wilson County, Kansas",57056,20,205,2023
"Woodson County, Kansas",48152,20,207,2023
"Wyandotte County, Kansas",60582,20,209,2023
"Adair County, Kentucky",50316,21,001,2023
"Allen County, Kentucky",59029,21,003,2023
"Anderson County, Kentucky",71747,21,005,2023
"Ballard County, Kentucky",64740,21,007,2023
"Barren County, Kentucky",49171,21,009,2023
"Bath County, Kentucky",54128,21,011,2023
"Bell County, Kentucky",32403,21,013,2023
"Boone County, Kentucky",94752,21,015,2023
"Bourbon County, Kentucky",56322,21,017,2023
"Boyd County, Kentucky",60659,21,019,2023
"Boyle County, Kentucky",61635,21,021,2023
"Bracken County, Kentucky",59521,21,023,2023
"Breathitt County, Kentucky",41101,21,025,2023
"Breckinridge County, Kentucky",53673,21,027,2023
"Bullitt County, Kentucky",77640,21,029,2023
"Butler County, Kentucky",52003,21,031,2023
"Caldwell County, Kentucky",57618,21,033,2023
"Calloway County, Kentucky",51854,21,035,2023
"Campbell County, Kentucky",77271,21,037,2023
"Carlisle County, Kentucky",62019,21,039,2023
"Carroll County, Kentucky",57753,21,041,2023
"Carter County, Kentucky",50389,21,043,2023
"Casey County, Kentucky",41689,21,045,2023
"Christian County, Kentucky",54190,21,047,2023
"Clark County, Kentucky",67824,21,049,2023
"Clay County, Kentucky",39607,21,051,2023
"Clinton County, Kentucky",42168,21,053,2023
"Crittenden County, Kentucky",47003,21,055,2023
"Cumberland County, Kentucky",39662,21,057,2023
"Daviess County, Kentucky",65323,21,059,2023
"Edmonson County, Kentucky",54512,21,061,2023
"Elliott County, Kentucky",40074,21,063,2023
"Estill County, Kentucky",43905,21,065,2023
"Fayette County, Kentucky",67631,21,067,2023
"Fleming County, Kentucky",49663,21,069,2023
"Floyd County, Kentucky",41582,21,071,2023
"Franklin County, Kentucky",66470,21,073,2023
"Fulton County, Kentucky",36834,21,075,2023
"Gallatin County, Kentucky",62247,21,077,2023
"Garrard County, Kentucky",62572,21,079,2023
"Grant County, Kentucky",67940,21,081,2023
"Graves County, Kentucky",50576,21,083,2023
"Grayson County, Kentucky",49893,21,085,2023
"Green County, Kentucky",41087,21,087,2023
"Greenup County, Kentucky",59613,21,089,2023
"Hancock County, Kentucky",66836,21,091,2023
"Hardin County, Kentucky",67608,21,093,2023
"Harlan County, Kentucky",37198,21,095,2023
"Harrison County, Kentucky",63205,21,097,2023
"Hart County, Kentucky",49653,21,099,2023
"Henderson County, Kentucky",58239,21,101,2023
"Henry County, Kentucky",60736,21,103,2023
"Hickman County, Kentucky",63750,21,105,2023
"Hopkins County, Kentucky",57610,21,107,2023
"Jackson County, Kentucky",41410,21,109,2023
"Jefferson County, Kentucky",67849,21,111,2023
"Jessamine County, Kentucky",74886,21,113,2023
"Johnson County, Kentucky",43014,21,115,2023
"Kenton County, Kentucky",79421,21,117,2023
"Knott County, Kentucky",37736,21,119,2023
"Knox County, Kentucky",33153,21,121,2023
"Larue County, Kentucky",67770,21,123,2023
"Laurel County, Kentucky",56999,21,125,2023
"Lawrence County, Kentucky",45584,21,127,2023
"Lee County, Kentucky",34182,21,129,2023
"Leslie County, Kentucky",40176,21,131,2023
"Letcher County, Kentucky",40501,21,133,2023
"Lewis County, Kentucky",41632,21,135,2023
"Lincoln County, Kentucky",50862,21,137,2023
"Livingston County, Kentucky",59713,21,139,2023
"Logan County, Kentucky",61535,21,141,2023
"Lyon County, Kentucky",64464,21,143,2023
"McCracken County, Kentucky",62385,21,145,2023
"McCreary County, Kentucky",37355,21,147,2023
"McLean County, Kentucky",70549,21,149,2023
"Madison County, Kentucky",62407,21,151,2023
"Magoffin County, Kentucky",33632,21,153,2023
"Marion County, Kentucky",55404,21,155,2023
"Marshall County, Kentucky",63611,21,157,2023
"Martin County, Kentucky",46185,21,159,2023
"Mason County, Kentucky",51473,21,161,2023
"Meade County, Kentucky",70163,21,163,2023
"Menifee County, Kentucky",44672,21,165,2023
"Mercer County, Kentucky",63115,21,167,2023
"Metcalfe County, Kentucky",48572,21,169,2023
"Monroe County, Kentucky",49430,21,171,2023
"Montgomery County, Kentucky",57468,21,173,2023
"Morgan County, Kentucky",47493,21,175,2023
"Muhlenberg County, Kentucky",52672,21,177,2023
"Nelson County, Kentucky",67888,21,179,2023
"Nicholas County, Kentucky",53616,21,181,2023
"Ohio County, Kentucky",54369,21,183,2023
"Oldham County, Kentucky",121491,21,185,2023
"Owen County, Kentucky",59706,21,187,2023
"Owsley County, Kentucky",31064,21,189,2023
"Pendleton County, Kentucky",66601,21,191,2023
"Perry County, Kentucky",45261,21,193,2023
"Pike County, Kentucky",42179,21,195,2023
"Powell County, Kentucky",39811,21,197,2023
"Pulaski County, Kentucky",50943,21,199,2023
"Robertson County, Kentucky",52337,21,201,2023
"Rockcastle County, Kentucky",48367,21,203,2023
"Rowan County, Kentucky",53657,21,205,2023
"Russell County, Kentucky",50520,21,207,2023
"Scott County, Kentucky",83660,21,209,2023
"Shelby County, Kentucky",82671,21,211,2023
"Simpson County, Kentucky",57392,21,213,2023
"Spencer County, Kentucky",98333,21,215,2023
"Taylor County, Kentucky",61871,21,217,2023
"Todd County, Kentucky",57759,21,219,2023
"Trigg County, Kentucky",54630,21,221,2023
"Trimble County, Kentucky",67813,21,223,2023
"Union County, Kentucky",60989,21,225,2023
"Warren County, Kentucky",64801,21,227,2023
"Washington County, Kentucky",59762,21,229,2023
"Wayne County, Kentucky",41933,21,231,2023
"Webster County, Kentucky",58786,21,233,2023
"Whitley County, Kentucky",41719,21,235,2023
"Wolfe County, Kentucky",29052,21,237,2023
"Woodford County, Kentucky",80006,21,239,2023
"Acadia Parish, Louisiana",45266,22,001,2023
"Allen Parish, Louisiana",51138,22,003,2023
"Ascension Parish, Louisiana",92266,22,005,2023
"Assumption Parish, Louisiana",52546,22,007,2023
"Avoyelles Parish, Louisiana",39439,22,009,2023
"Beauregard Parish, Louisiana",64995,22,011,2023
"Bienville Parish, Louisiana",34992,22,013,2023
"Bossier Parish, Louisiana",66336,22,015,2023
"Caddo Parish, Louisiana",50067,22,017,2023
"Calcasieu Parish, Louisiana",67849,22,019,2023
"Caldwell Parish, Louisiana",44957,22,021,2023
"Cameron Parish, Louisiana",72500,22,023,2023
"Catahoula Parish, Louisiana",47753,22,025,2023
"Claiborne Parish, Louisiana",31784,22,027,2023
"Concordia Parish, Louisiana",37349,22,029,2023
"De Soto Parish, Louisiana",46077,22,031,2023
"East Baton Rouge Parish, Louisiana",63075,22,033,2023
"East Carroll Parish, Louisiana",28321,22,035,2023
"East Feliciana Parish, Louisiana",72899,22,037,2023
"Evangeline Parish, Louisiana",42273,22,039,2023
"Franklin Parish, Louisiana",44103,22,041,2023
"Grant Parish, Louisiana",61112,22,043,2023
"Iberia Parish, Louisiana",57811,22,045,2023
"Iberville Parish, Louisiana",57459,22,047,2023
"Jackson Parish, Louisiana",43345,22,049,2023
"Jefferson Parish, Louisiana",65246,22,051,2023
"Jefferson Davis Parish, Louisiana",56500,22,053,2023
"Lafayette Parish, Louisiana",67660,22,055,2023
"Lafourche Parish, Louisiana",63439,22,057,2023
"LaSalle Parish, Louisiana",67077,22,059,2023
"Lincoln Parish, Louisiana",38035,22,061,2023
"Livingston Parish, Louisiana",78617,22,063,2023
"Madison Parish, Louisiana",37267,22,065,2023
"Morehouse Parish, Louisiana",36981,22,067,2023
"Natchitoches Parish, Louisiana",46798,22,069,2023
"Orleans Parish, Louisiana",55339,22,071,2023
"Ouachita Parish, Louisiana",51241,22,073,2023
"Plaquemines Parish, Louisiana",82874,22,075,2023
"Pointe Coupee Parish, Louisiana",59351,22,077,2023
"Rapides Parish, Louisiana",55946,22,079,2023
"Red River Parish, Louisiana",44539,22,081,2023
"Richland Parish, Louisiana",52960,22,083,2023
"Sabine Parish, Louisiana",52047,22,085,2023
"St. Bernard Parish, Louisiana",57638,22,087,2023
"St. Charles Parish, Louisiana",82172,22,089,2023
"St. Helena Parish, Louisiana",50193,22,091,2023
"St. James Parish, Louisiana",64536,22,093,2023
"St. John the Baptist Parish, Louisiana",67418,22,095,2023
"St. Landry Parish, Louisiana",45637,22,097,2023
"St. Martin Parish, Louisiana",53394,22,099,2023
"St. Mary Parish, Louisiana",51768,22,101,2023
"St. Tammany Parish, Louisiana",79277,22,103,2023
"Tangipahoa Parish, Louisiana",57256,22,105,2023
"Tensas Parish, Louisiana",36074,22,107,2023
"Terrebonne Parish, Louisiana",64819,22,109,2023
"Union Parish, Louisiana",45743,22,111,2023
"Vermilion Parish, Louisiana",57537,22,113,2023
"Vernon Parish, Louisiana",58281,22,115,2023
"Washington Parish, Louisiana",42776,22,117,2023
"Webster Parish, Louisiana",37396,22,119,2023
"West Baton Rouge Parish, Louisiana",87320,22,121,2023
"West Carroll Parish, Louisiana",48514,22,123,2023
"West Feliciana Parish, Louisiana",74277,22,125,2023
"Winn Parish, Louisiana",46368,22,127,2023
"Androscoggin County, Maine",67298,23,001,2023
"Aroostook County, Maine",54254,23,003,2023
"Cumberland County, Maine",92983,23,005,2023
"Franklin County, Maine",58522,23,007,2023
"Hancock County, Maine",69630,23,009,2023
"Kennebec County, Maine",65062,23,011,2023
"Knox County, Maine",71903,23,013,2023
"Lincoln County, Maine",72026,23,015,2023
"Oxford County, Maine",57933,23,017,2023
"Penobscot County, Maine",63248,23,019,2023
"Piscataquis County, Maine",55234,23,021,2023
"Sagadahoc County, Maine",82080,23,023,2023
"Somerset County, Maine",56199,23,025,2023
"Waldo County, Maine",68441,23,027,2023
"Washington County, Maine",52237,23,029,2023
"York County, Maine",82904,23,031,2023
"Allegany County, Maryland",57393,24,001,2023
"Anne Arundel County, Maryland",120324,24,003,2023
"Baltimore County, Maryland",90904,24,005,2023
"Calvert County, Maryland",132059,24,009,2023
"Caroline County, Maryland",66368,24,011,2023
"Carroll County, Maryland",115876,24,013,2023
"Cecil County, Maryland",91146,24,015,2023
"Charles County, Maryland",120592,24,017,2023
"Dorchester County, Maryland",60495,24,019,2023
"Frederick County, Maryland",120458,24,021,2023
"Garrett County, Maryland",69031,24,023,2023
"Harford County, Maryland",111317,24,025,2023
"Howard County, Maryland",146982,24,027,2023
"Kent County, Maryland",74402,24,029,2023
"Montgomery County, Maryland",128733,24,031,2023
"Prince George's County, Maryland",100708,24,033,2023
"Queen Anne's County, Maryland",113347,24,035,2023
"St. Mary's County, Maryland",114580,24,037,2023
"Somerset County, Maryland",52462,24,039,2023
"Talbot County, Maryland",84378,24,041,2023
"Washington County, Maryland",74157,24,043,2023
"Wicomico County, Maryland",72861,24,045,2023
"Worcester County, Maryland",81455,24,047,2023
"Baltimore city, Maryland",59623,24,510,2023
"Barnstable County, Massachusetts",94452,25,001,2023
"Berkshire County, Massachusetts",72565,25,003,2023
"Bristol County, Massachusetts",84198,25,005,2023
"Dukes County, Massachusetts",102348,25,007,2023
"Essex County, Massachusetts",99431,25,009,2023
"Franklin County, Massachusetts",72584,25,011,2023
"Hampden County, Massachusetts",70535,25,013,2023
"Hampshire County, Massachusetts",86391,25,015,2023
"Middlesex County, Massachusetts",126779,25,017,2023
"Nantucket County, Massachusetts",119750,25,019,2023
"Norfolk County, Massachusetts",126497,25,021,2023
"Plymouth County, Massachusetts",109698,25,023,2023
"Suffolk County, Massachusetts",92859,25,025,2023
"Worcester County, Massachusetts",93561,25,027,2023
"Alcona County, Michigan",53568,26,001,2023
"Alger County, Michigan",59406,26,003,2023
"Allegan County, Michigan",80255,26,005,2023
"Alpena County, Michigan",51909,26,007,2023
"Antrim County, Michigan",71421,26,009,2023
"Arenac County, Michigan",56989,26,011,2023
"Baraga County, Michigan",55117,26,013,2023
"Barry County, Michigan",77873,26,015,2023
"Bay County, Michigan",60523,26,017,2023
"Benzie County, Michigan",72603,26,019,2023
"Berrien County, Michigan",63152,26,021,2023
"Branch County, Michigan",61958,26,023,2023
"Calhoun County, Michigan",60385,26,025,2023
"Cass County, Michigan",68011,26,027,2023
"Charlevoix County, Michigan",76495,26,029,2023
"Cheboygan County, Michigan",61619,26,031,2023
"Chippewa County, Michigan",60631,26,033,2023
"Clare County, Michigan",49805,26,035,2023
"Clinton County, Michigan",85928,26,037,2023
"Crawford County, Michigan",58614,26,039,2023
"Delta County, Michigan",54829,26,041,2023
"Dickinson County, Michigan",61882,26,043,2023
"Eaton County, Michigan",78025,26,045,2023
"Emmet County, Michigan",73724,26,047,2023
"Genesee County, Michigan",60673,26,049,2023
"Gladwin County, Michigan",55576,26,051,2023
"Gogebic County, Michigan",49672,26,053,2023
"Grand Traverse County, Michigan",79486,26,055,2023
"Gratiot County, Michigan",61128,26,057,2023
"Hillsdale County, Michigan",60869,26,059,2023
"Houghton County, Michigan",56573,26,061,2023
"Huron County, Michigan",56963,26,063,2023
"Ingham County, Michigan",64354,26,065,2023
"Ionia County, Michigan",73436,26,067,2023
"Iosco County, Michigan",47777,26,069,2023
"Iron County, Michigan",53614,26,071,2023
"Isabella County, Michigan",53759,26,073,2023
"Jackson County, Michigan",65004,26,075,2023
"Kalamazoo County, Michigan",70525,26,077,2023
"Kalkaska County, Michigan",60365,26,079,2023
"Kent County, Michigan",80390,26,081,2023
"Keweenaw County, Michigan",53893,26,083,2023
"Lake County, Michigan",49680,26,085,2023
"Lapeer County, Michigan",76228,26,087,2023
"Leelanau County, Michigan",91943,26,089,2023
"Lenawee County, Michigan",67013,26,091,2023
"Livingston County, Michigan",101315,26,093,2023
"Luce County, Michigan",54338,26,095,2023
"Mackinac County, Michigan",58598,26,097,2023
"Macomb County, Michigan",76399,26,099,2023
"Manistee County, Michigan",60879,26,101,2023
"Marquette County, Michigan",64675,26,103,2023
"Mason County, Michigan",62296,26,105,2023
"Mecosta County, Michigan",57774,26,107,2023
"Menominee County, Michigan",55688,26,109,2023
"Midland County, Michigan",77538,26,111,2023
"Missaukee County, Michigan",61868,26,113,2023
"Monroe County, Michigan",75272,26,115,2023
"Montcalm County, Michigan",64892,26,117,2023
"Montmorency County, Michigan",47803,26,119,2023
"Muskegon County, Michigan",63495,26,121,2023
"Newaygo County, Michigan",61931,26,123,2023
"Oakland County, Michigan",95296,26,125,2023
"Oceana County, Michigan",63624,26,127,2023
"Ogemaw County, Michigan",51983,26,129,2023
"Ontonagon County, Michigan",51844,26,131,2023
"Osceola County, Michigan",57050,26,133,2023
"Oscoda County, Michigan",50581,26,135,2023
"Otsego County, Michigan",67285,26,137,2023
"Ottawa County, Michigan",87144,26,139,2023
"Presque Isle County, Michigan",56713,26,141,2023
"Roscommon County, Michigan",54106,26,143,2023
"Saginaw County, Michigan",58347,26,145,2023
"St. Clair County, Michigan",69349,26,147,2023
"St. Joseph County, Michigan",64707,26,149,2023
"Sanilac County, Michigan",59074,26,151,2023
"Schoolcraft County, Michigan",57708,26,153,2023
"Shiawassee County, Michigan",64464,26,155,2023
"Tuscola County, Michigan",62847,26,157,2023
"Van Buren County, Michigan",66902,26,159,2023
"Washtenaw County, Michigan",87156,26,161,2023
"Wayne County, Michigan",59521,26,163,2023
"Wexford County, Michigan",63123,26,165,2023
"Aitkin County, Minnesota",59498,27,001,2023
"Anoka County, Minnesota",98764,27,003,2023
"Becker County, Minnesota",71117,27,005,2023
"Beltrami County, Minnesota",67257,27,007,2023
"Benton County, Minnesota",71480,27,009,2023
"Big Stone County, Minnesota",65475,27,011,2023
"Blue Earth County, Minnesota",72623,27,013,2023
"Brown County, Minnesota",68690,27,015,2023
"Carlton County, Minnesota",80042,27,017,2023
"Carver County, Minnesota",123144,27,019,2023
"Cass County, Minnesota",64937,27,021,2023
"Chippewa County, Minnesota",69192,27,023,2023
"Chisago County, Minnesota",98260,27,025,2023
"Clay County, Minnesota",77664,27,027,2023
"Clearwater County, Minnesota",64934,27,029,2023
"Cook County, Minnesota",71643,27,031,2023
"Cottonwood County, Minnesota",68239,27,033,2023
"Crow Wing County, Minnesota",71343,27,035,2023
"Dakota County, Minnesota",105212,27,037,2023
"Dodge County, Minnesota",92943,27,039,2023
"Douglas County, Minnesota",77264,27,041,2023
"Faribault County, Minnesota",64391,27,043,2023
"Fillmore County, Minnesota",75225,27,045,2023
"Freeborn County, Minnesota",69012,27,047,2023
"Goodhue County, Minnesota",82749,27,049,2023
"Grant County, Minnesota",72957,27,051,2023
"Hennepin County, Minnesota",96339,27,053,2023
"Houston County, Minnesota",77087,27,055,2023
"Hubbard County, Minnesota",70622,27,057,2023
"Isanti County, Minnesota",86573,27,059,2023
"Itasca County, Minnesota",66380,27,061,2023
"Jackson County, Minnesota",69955,27,063,2023
"Kanabec County, Minnesota",71915,27,065,2023
"Kandiyohi County, Minnesota",75097,27,067,2023
"Kittson County, Minnesota",69615,27,069,2023
"Koochiching County, Minnesota",69115,27,071,2023
"Lac qui Parle County, Minnesota",71639,27,073,2023
"Lake County, Minnesota",75621,27,075,2023
"Lake of the Woods County, Minnesota",70091,27,077,2023
"Le Sueur County, Minnesota",90218,27,079,2023
"Lincoln County, Minnesota",67715,27,081,2023
"Lyon County, Minnesota",72761,27,083,2023
"McLeod County, Minnesota",78468,27,085,2023
"Mahnomen County, Minnesota",53925,27,087,2023
"Marshall County, Minnesota",71701,27,089,2023
"Martin County, Minnesota",62969,27,091,2023
"Meeker County, Minnesota",75037,27,093,2023
"Mille Lacs County, Minnesota",71455,27,095,2023
"Morrison County, Minnesota",68640,27,097,2023
"Mower County, Minnesota",71495,27,099,2023
"Murray County, Minnesota",74475,27,101,2023
"Nicollet County, Minnesota",80362,27,103,2023
"Nobles County, Minnesota",65509,27,105,2023
"Norman County, Minnesota",69833,27,107,2023
"Olmsted County, Minnesota",93494,27,109,2023
"Otter Tail County, Minnesota",70912,27,111,2023
"Pennington County, Minnesota",72561,27,113,2023
"Pine County, Minnesota",69666,27,115,2023
"Pipestone County, Minnesota",66073,27,117,2023
"Polk County, Minnesota",69136,27,119,2023
"Pope County, Minnesota",72205,27,121,2023
"Ramsey County, Minnesota",81004,27,123,2023
"Red Lake County, Minnesota",77500,27,125,2023
"Redwood County, Minnesota",67024,27,127,2023
"Renville County, Minnesota",69086,27,129,2023
"Rice County, Minnesota",82792,27,131,2023
"Rock County, Minnesota",70698,27,133,2023
"Roseau County, Minnesota",73611,27,135,2023
"St. Louis County, Minnesota",69455,27,137,2023
"Scott County, Minnesota",120247,27,139,2023
"Sherburne County, Minnesota",102965,27,141,2023
"Sibley County, Minnesota",76082,27,143,2023
"Stearns County, Minnesota",76447,27,145,2023
"Steele County, Minnesota",83448,27,147,2023
"Stevens County, Minnesota",71060,27,149,2023
"Swift County, Minnesota",62601,27,151,2023
"Todd County, Minnesota",63039,27,153,2023
"Traverse County, Minnesota",65931,27,155,2023
"Wabasha County, Minnesota",80133,27,157,2023
"Wadena County, Minnesota",56882,27,159,2023
"Waseca County, Minnesota",75052,27,161,2023
"Washington County, Minnesota",114457,27,163,2023
"Watonwan County, Minnesota",70593,27,165,2023
"Wilkin County, Minnesota",69635,27,167,2023
"Winona County, Minnesota",70198,27,169,2023
"Wright County, Minnesota",106666,27,171,2023
"Yellow Medicine County, Minnesota",71573,27,173,2023
"Adams County, Mississippi",40250,28,001,2023
"Alcorn County, Mississippi",49404,28,003,2023
"Amite County, Mississippi",35385,28,005,2023
"Attala County, Mississippi",48098,28,007,2023
"Benton County, Mississippi",42139,28,009,2023
"Bolivar County, Mississippi",37315,28,011,2023
"Calhoun County, Mississippi",43942,28,013,2023
"Carroll County, Mississippi",55275,28,015,2023
"Chickasaw County, Mississippi",43041,28,017,2023
"Choctaw County, Mississippi",48321,28,019,2023
"Claiborne County, Mississippi",34371,28,021,2023
"Clarke County, Mississippi",46054,28,023,2023
"Clay County, Mississippi",39904,28,025,2023
"Coahoma County, Mississippi",36259,28,027,2023
"Copiah County, Mississippi",47994,28,029,2023
"Covington County, Mississippi",47001,28,031,2023
"DeSoto County, Mississippi",82980,28,033,2023
"Forrest County, Mississippi",52821,28,035,2023
"Franklin County, Mississippi",45618,28,037,2023
"George County, Mississippi",54822,28,039,2023
"Greene County, Mississippi",55838,28,041,2023
"Grenada County, Mississippi",47998,28,043,2023
"Hancock County, Mississippi",67728,28,045,2023
"Harrison County, Mississippi",57233,28,047,2023
"Hinds County, Mississippi",49966,28,049,2023
"Holmes County, Mississippi",29434,28,051,2023
"Humphreys County, Mississippi",32976,28,053,2023
"Issaquena County, Mississippi",29271,28,055,2023
"Itawamba County, Mississippi",59508,28,057,2023
"Jackson County, Mississippi",64756,28,059,2023
"Jasper County, Mississippi",47157,28,061,2023
"Jefferson County, Mississippi",36207,28,063,2023
"Jefferson Davis County, Mississippi",37183,28,065,2023
"Jones County, Mississippi",51143,28,067,2023
"Kemper County, Mississippi",43595,28,069,2023
"Lafayette County, Mississippi",64334,28,071,2023
"Lamar County, Mississippi",69106,28,073,2023
"Lauderdale County, Mississippi",50033,28,075,2023
"Lawrence County, Mississippi",43368,28,077,2023
"Leake County, Mississippi",48418,28,079,2023
"Lee County, Mississippi",67144,28,081,2023
"Leflore County, Mississippi",33188,28,083,2023
"Lincoln County, Mississippi",48316,28,085,2023
"Lowndes County, Mississippi",54460,28,087,2023
"Madison County, Mississippi",78794,28,089,2023
"Marion County, Mississippi",42320,28,091,2023
"Marshall County, Mississippi",51875,28,093,2023
"Monroe County, Mississippi",51231,28,095,2023
"Montgomery County, Mississippi",45057,28,097,2023
"Neshoba County, Mississippi",53087,28,099,2023
"Newton County, Mississippi",50426,28,101,2023
"Noxubee County, Mississippi",38814,28,103,2023
"Oktibbeha County, Mississippi",43482,28,105,2023
"Panola County, Mississippi",43990,28,107,2023
"Pearl River County, Mississippi",56535,28,109,2023
"Perry County, Mississippi",50435,28,111,2023
"Pike County, Mississippi",41578,28,113,2023
"Pontotoc County, Mississippi",52741,28,115,2023
"Prentiss County, Mississippi",51466,28,117,2023
"Quitman County, Mississippi",32131,28,119,2023
"Rankin County, Mississippi",77454,28,121,2023
"Scott County, Mississippi",48492,28,123,2023
"Sharkey County, Mississippi",35741,28,125,2023
"Simpson County, Mississippi",54111,28,127,2023
"Smith County, Mississippi",51396,28,129,2023
"Stone County, Mississippi",59307,28,131,2023
"Sunflower County, Mississippi",40265,28,133,2023
"Tallahatchie County, Mississippi",37383,28,135,2023
"Tate County, Mississippi",63995,28,137,2023
"Tippah County, Mississippi",51141,28,139,2023
"Tishomingo County, Mississippi",46257,28,141,2023
"Tunica County, Mississippi",38402,28,143,2023
"Union County, Mississippi",56807,28,145,2023
"Walthall County, Mississippi",45444,28,147,2023
"Warren County, Mississippi",56648,28,149,2023
"Washington County, Mississippi",40117,28,151,2023
"Wayne County, Mississippi",36791,28,153,2023
"Webster County, Mississippi",59964,28,155,2023
"Wilkinson County, Mississippi",35930,28,157,2023
"Winston County, Mississippi",49071,28,159,2023
"Yalobusha County, Mississippi",49171,28,161,2023
"Yazoo County, Mississippi",40974,28,163,2023
"Adair County, Missouri",56583,29,001,2023
"Andrew County, Missouri",74007,29,003,2023
"Atchison County, Missouri",59260,29,005,2023
"Audrain County, Missouri",56232,29,007,2023
"Barry County, Missouri",56611,29,009,2023
"Barton County, Missouri",49503,29,011,2023
"Bates County, Missouri",57914,29,013,2023
"Benton County, Missouri",52200,29,015,2023
"Bollinger County, Missouri",57286,29,017,2023
"Boone County, Missouri",69913,29,019,2023
"Buchanan County, Missouri",59423,29,021,2023
"Butler County, Missouri",49213,29,023,2023
"Caldwell County, Missouri",62520,29,025,2023
"Callaway County, Missouri",72645,29,027,2023
"Camden County, Missouri",62927,29,029,2023
"Cape Girardeau County, Missouri",68912,29,031,2023
"Carroll County, Missouri",61712,29,033,2023
"Carter County, Missouri",45083,29,035,2023
"Cass County, Missouri",87413,29,037,2023
"Cedar County, Missouri",45577,29,039,2023
"Chariton County, Missouri",63307,29,041,2023
"Christian County, Missouri",81245,29,043,2023
"Clark County, Missouri",51458,29,045,2023
"Clay County, Missouri",86150,29,047,2023
"Clinton County, Missouri",70625,29,049,2023
"Cole County, Missouri",73273,29,051,2023
"Cooper County, Missouri",67548,29,053,2023
"Crawford County, Missouri",56345,29,055,2023
"Dade County, Missouri",49899,29,057,2023
"Dallas County, Missouri",53177,29,059,2023
"Daviess County, Missouri",60665,29,061,2023
"DeKalb County, Missouri",69093,29,063,2023
"Dent County, Missouri",54306,29,065,2023
"Douglas County, Missouri",49828,29,067,2023
"Dunklin County, Missouri",47368,29,069,2023
"Franklin County, Missouri",71973,29,071,2023
"Gasconade County, Missouri",65096,29,073,2023
"Gentry County, Missouri",57458,29,075,2023
"Greene County, Missouri",57488,29,077,2023
"Grundy County, Missouri",53839,29,079,2023
"Harrison County, Missouri",53364,29,081,2023
"Henry County, Missouri",56621,29,083,2023
"Hickory County, Missouri",35084,29,085,2023
"Holt County, Missouri",58516,29,087,2023
"Howard County, Missouri",62628,29,089,2023
"Howell County, Missouri",49814,29,091,2023
"Iron County, Missouri",51161,29,093,2023
"Jackson County, Missouri",67178,29,095,2023
"Jasper County, Missouri",57525,29,097,2023
"Jefferson County, Missouri",80522,29,099,2023
"Johnson County, Missouri",67123,29,101,2023
"Knox County, Missouri",53333,29,103,2023
"Laclede County, Missouri",50825,29,105,2023
"Lafayette County, Missouri",79091,29,107,2023
"Lawrence County, Missouri",55849,29,109,2023
"Lewis County, Missouri",52340,29,111,2023
"Lincoln County, Missouri",85276,29,113,2023
"Linn County, Missouri",61975,29,115,2023
"Livingston County, Missouri",60148,29,117,2023
"McDonald County, Missouri",48145,29,119,2023
"Macon County, Missouri",58318,29,121,2023
"Madison County, Missouri",58435,29,123,2023
"Maries County, Missouri",61359,29,125,2023
"Marion County, Missouri",63908,29,127,2023
"Mercer County, Missouri",60357,29,129,2023
"Miller County, Missouri",55172,29,131,2023
"Mississippi County, Missouri",46258,29,133,2023
"Moniteau County, Missouri",65161,29,135,2023
"Monroe County, Missouri",48299,29,137,2023
"Montgomery County, Missouri",61042,29,139,2023
"Morgan County, Missouri",49663,29,141,2023
"New Madrid County, Missouri",49237,29,143,2023
"Newton County, Missouri",64583,29,145,2023
"Nodaway County, Missouri",55970,29,147,2023
"Oregon County, Missouri",44259,29,149,2023
"Osage County, Missouri",75355,29,151,2023
"Ozark County, Missouri",42329,29,153,2023
"Pemiscot County, Missouri",40748,29,155,2023
"Perry County, Missouri",63356,29,157,2023
"Pettis County, Missouri",60232,29,159,2023
"Phelps County, Missouri",55427,29,161,2023
"Pike County, Missouri",57572,29,163,2023
"Platte County, Missouri",95748,29,165,2023
"Polk County, Missouri",56686,29,167,2023
"Pulaski County, Missouri",66435,29,169,2023
"Putnam County, Missouri",56875,29,171,2023
"Ralls County, Missouri",62054,29,173,2023
"Randolph County, Missouri",55310,29,175,2023
"Ray County, Missouri",72152,29,177,2023
"Reynolds County, Missouri",44357,29,179,2023
"Ripley County, Missouri",43898,29,181,2023
"St. Charles County, Missouri",102912,29,183,2023
"St. Clair County, Missouri",46731,29,185,2023
"Ste. Genevieve County, Missouri",61310,29,186,2023
"St. Francois County, Missouri",54813,29,187,2023
"St. Louis County, Missouri",81340,29,189,2023
"Saline County, Missouri",56566,29,195,2023
"Schuyler County, Missouri",56023,29,197,2023
"Scotland County, Missouri",67568,29,199,2023
"Scott County, Missouri",58847,29,201,2023
"Shannon County, Missouri",59000,29,203,2023
"Shelby County, Missouri",52127,29,205,2023
"Stoddard County, Missouri",54067,29,207,2023
"Stone County, Missouri",61323,29,209,2023
"Sullivan County, Missouri",55500,29,211,2023
"Taney County, Missouri",58258,29,213,2023
"Texas County, Missouri",48055,29,215,2023
"Vernon County, Missouri",54519,29,217,2023
"Warren County, Missouri",77989,29,219,2023
"Washington County, Missouri",51886,29,221,2023
"Wayne County, Missouri",43393,29,223,2023
"Webster County, Missouri",69731,29,225,2023
"Worth County, Missouri",46167,29,227,2023
"Wright County, Missouri",47304,29,229,2023
"St. Louis city, Missouri",55279,29,510,2023
"Beaverhead County, Montana",58072,30,001,2023
"Big Horn County, Montana",56680,30,003,2023
"Blaine County, Montana",65050,30,005,2023
"Broadwater County, Montana",63636,30,007,2023
"Carbon County, Montana",71017,30,009,2023
"Carter County, Montana",52171,30,011,2023
"Cascade County, Montana",66203,30,013,2023
"Chouteau County, Montana",56927,30,015,2023
"Custer County, Montana",63585,30,017,2023
"Daniels County, Montana",58000,30,019,2023
"Dawson County, Montana",70953,30,021,2023
"Deer Lodge County, Montana",49533,30,023,2023
"Fallon County, Montana",72284,30,025,2023
"Fergus County, Montana",59731,30,027,2023
"Flathead County, Montana",71327,30,029,2023
"Gallatin County, Montana",87454,30,031,2023
"Garfield County, Montana",61750,30,033,2023
"Glacier County, Montana",45129,30,035,2023
"Golden Valley County, Montana",57353,30,037,2023
"Granite County, Montana",54646,30,039,2023
"Hill County, Montana",55313,30,041,2023
"Jefferson County, Montana",76576,30,043,2023
"Judith Basin County, Montana",55417,30,045,2023
"Lake County, Montana",61965,30,047,2023
"Lewis and Clark County, Montana",74543,30,049,2023
"Liberty County, Montana",53264,30,051,2023
"Lincoln County, Montana",47018,30,053,2023
"McCone County, Montana",71842,30,055,2023
"Madison County, Montana",67420,30,057,2023
"Meagher County, Montana",56215,30,059,2023
"Mineral County, Montana",61117,30,061,2023
"Missoula County, Montana",71246,30,063,2023
"Musselshell County, Montana",59010,30,065,2023
"Park County, Montana",66607,30,067,2023
"Petroleum County, Montana",59318,30,069,2023
"Phillips County, Montana",58156,30,071,2023
"Pondera County, Montana",53500,30,073,2023
"Powder River County, Montana",68009,30,075,2023
"Powell County, Montana",63432,30,077,2023
"Prairie County, Montana",45192,30,079,2023
"Ravalli County, Montana",71323,30,081,2023
"Richland County, Montana",69578,30,083,2023
"Roosevelt County, Montana",53125,30,085,2023
"Rosebud County, Montana",56430,30,087,2023
"Sanders County, Montana",54035,30,089,2023
"Sheridan County, Montana",63654,30,091,2023
"Silver Bow County, Montana",57504,30,093,2023
"Stillwater County, Montana",81503,30,095,2023
"Sweet Grass County, Montana",69426,30,097,2023
"Teton County, Montana",67766,30,099,2023
"Toole County, Montana",53693,30,101,2023
"Treasure County, Montana",73036,30,103,2023
"Valley County, Montana",64515,30,105,2023
"Wheatland County, Montana",47054,30,107,2023
"Wibaux County, Montana",64792,30,109,2023
"Yellowstone County, Montana",74400,30,111,2023
"Adams County, Nebraska",65680,31,001,2023
"Antelope County, Nebraska",63750,31,003,2023
"Arthur County, Nebraska",67500,31,005,2023
"Banner County, Nebraska",71250,31,007,2023
"Blaine County, Nebraska",61250,31,009,2023
"Boone County, Nebraska",71367,31,011,2023
"Box Butte County, Nebraska",68778,31,013,2023
"Boyd County, Nebraska",58984,31,015,2023
"Brown County, Nebraska",51538,31,017,2023
"Buffalo County, Nebraska",74570,31,019,2023
"Burt County, Nebraska",57303,31,021,2023
"Butler County, Nebraska",82603,31,023,2023
"Cass County, Nebraska",88255,31,025,2023
"Cedar County, Nebraska",73977,31,027,2023
"Chase County, Nebraska",62782,31,029,2023
"Cherry County, Nebraska",63750,31,031,2023
"Cheyenne County, Nebraska",57594,31,033,2023
"Clay County, Nebraska",75938,31,035,2023
"Colfax County, Nebraska",79720,31,037,2023
"Cuming County, Nebraska",70708,31,039,2023
"Custer County, Nebraska",66310,31,041,2023
"Dakota County, Nebraska",71655,31,043,2023
"Dawes County, Nebraska",54381,31,045,2023
"Dawson County, Nebraska",65383,31,047,2023
"Deuel County, Nebraska",61438,31,049,2023
"Dixon County, Nebraska",69156,31,051,2023
"Dodge County, Nebraska",71294,31,053,2023
"Douglas County, Nebraska",79081,31,055,2023
"Dundy County, Nebraska",56563,31,057,2023
"Fillmore County, Nebraska",76354,31,059,2023
"Franklin County, Nebraska",57692,31,061,2023
"Frontier County, Nebraska",68207,31,063,2023
"Furnas County, Nebraska",60625,31,065,2023
"Gage County, Nebraska",64426,31,067,2023
"Garden County, Nebraska",44777,31,069,2023
"Garfield County, Nebraska",68611,31,071,2023
"Gosper County, Nebraska",79145,31,073,2023
"Grant County, Nebraska",69063,31,075,2023
"Greeley County, Nebraska",58894,31,077,2023
"Hall County, Nebraska",67549,31,079,2023
"Hamilton County, Nebraska",79884,31,081,2023
"Harlan County, Nebraska",70536,31,083,2023
"Hayes County, Nebraska",60313,31,085,2023
"Hitchcock County, Nebraska",52016,31,087,2023
"Holt County, Nebraska",67225,31,089,2023
"Hooker County, Nebraska",45854,31,091,2023
"Howard County, Nebraska",74508,31,093,2023
"Jefferson County, Nebraska",60568,31,095,2023
"Johnson County, Nebraska",59457,31,097,2023
"Kearney County, Nebraska",79167,31,099,2023
"Keith County, Nebraska",58132,31,101,2023
"Keya Paha County, Nebraska",60313,31,103,2023
"Kimball County, Nebraska",59438,31,105,2023
"Knox County, Nebraska",64821,31,107,2023
"Lancaster County, Nebraska",72625,31,109,2023
"Lincoln County, Nebraska",64342,31,111,2023
"Logan County, Nebraska",71650,31,113,2023
"Loup County, Nebraska",60156,31,115,2023
"McPherson County, Nebraska",61316,31,117,2023
"Madison County, Nebraska",64637,31,119,2023
"Merrick County, Nebraska",62849,31,121,2023
"Morrill County, Nebraska",59773,31,123,2023
"Nance County, Nebraska",65438,31,125,2023
"Nemaha County, Nebraska",60132,31,127,2023
"Nuckolls County, Nebraska",70201,31,129,2023
"Otoe County, Nebraska",81430,31,131,2023
"Pawnee County, Nebraska",54926,31,133,2023
"Perkins County, Nebraska",67500,31,135,2023
"Phelps County, Nebraska",65988,31,137,2023
"Pierce County, Nebraska",75938,31,139,2023
"Platte County, Nebraska",72335,31,141,2023
"Polk County, Nebraska",71771,31,143,2023
"Red Willow County, Nebraska",60000,31,145,2023
"Richardson County, Nebraska",55578,31,147,2023
"Rock County, Nebraska",57500,31,149,2023
"Saline County, Nebraska",77027,31,151,2023
"Sarpy County, Nebraska",101402,31,153,2023
"Saunders County, Nebraska",89395,31,155,2023
"Scotts Bluff County, Nebraska",60960,31,157,2023
"Seward County, Nebraska",81122,31,159,2023
"Sheridan County, Nebraska",56900,31,161,2023
"Sherman County, Nebraska",61935,31,163,2023
"Sioux County, Nebraska",54076,31,165,2023
"Stanton County, Nebraska",78275,31,167,2023
"Thayer County, Nebraska",63095,31,169,2023
"Thomas County, Nebraska",72708,31,171,2023
"Thurston County, Nebraska",64838,31,173,2023
"Valley County, Nebraska",58902,31,175,2023
"Washington County, Nebraska",90188,31,177,2023
"Wayne County, Nebraska",67687,31,179,2023
"Webster County, Nebraska",65197,31,181,2023
"Wheeler County, Nebraska",55893,31,183,2023
"York County, Nebraska",74058,31,185,2023
"Churchill County, Nevada",73268,32,001,2023
"Clark County, Nevada",73845,32,003,2023
"Douglas County, Nevada",88018,32,005,2023
"Elko County, Nevada",83427,32,007,2023
"Esmeralda County, Nevada",-666666666,32,009,2023
"Eureka County, Nevada",73095,32,011,2023
"Humboldt County, Nevada",79946,32,013,2023
"Lander County, Nevada",84474,32,015,2023
"Lincoln County, Nevada",69496,32,017,2023
"Lyon County, Nevada",73460,32,019,2023
"Mineral County, Nevada",50584,32,021,2023
"Nye County, Nevada",55975,32,023,2023
"Pershing County, Nevada",72007,32,027,2023
"Storey County, Nevada",96000,32,029,2023
"Washoe County, Nevada",85600,32,031,2023
"White Pine County, Nevada",72294,32,033,2023
"Carson City, Nevada",71809,32,510,2023
"Belknap County, New Hampshire",87983,33,001,2023
"Carroll County, New Hampshire",82961,33,003,2023
"Cheshire County, New Hampshire",81001,33,005,2023
"Coos County, New Hampshire",58439,33,007,2023
"Grafton County, New Hampshire",84021,33,009,2023
"Hillsborough County, New Hampshire",100436,33,011,2023
"Merrimack County, New Hampshire",93944,33,013,2023
"Rockingham County, New Hampshire",113927,33,015,2023
"Strafford County, New Hampshire",86564,33,017,2023
"Sullivan County, New Hampshire",75929,33,019,2023
"Atlantic County, New Jersey",76819,34,001,2023
"Bergen County, New Jersey",123715,34,003,2023
"Burlington County, New Jersey",105271,34,005,2023
"Camden County, New Jersey",86384,34,007,2023
"Cape May County, New Jersey",88046,34,009,2023
"Cumberland County, New Jersey",64499,34,011,2023
"Essex County, New Jersey",76712,34,013,2023
"Gloucester County, New Jersey",102807,34,015,2023
"Hudson County, New Jersey",90032,34,017,2023
"Hunterdon County, New Jersey",139453,34,019,2023
"Mercer County, New Jersey",96333,34,021,2023
"Middlesex County, New Jersey",109028,34,023,2023
"Monmouth County, New Jersey",122727,34,025,2023
"Morris County, New Jersey",134929,34,027,2023
"Ocean County, New Jersey",86411,34,029,2023
"Passaic County, New Jersey",87137,34,031,2023
"Salem County, New Jersey",78412,34,033,2023
"Somerset County, New Jersey",135960,34,035,2023
"Sussex County, New Jersey",114316,34,037,2023
"Union County, New Jersey",100117,34,039,2023
"Warren County, New Jersey",99596,34,041,2023
"Bernalillo County, New Mexico",66514,35,001,2023
"Catron County, New Mexico",46439,35,003,2023
"Chaves County, New Mexico",52029,35,005,2023
"Cibola County, New Mexico",51765,35,006,2023
"Colfax County, New Mexico",52690,35,007,2023
"Curry County, New Mexico",56259,35,009,2023
"De Baca County, New Mexico",40804,35,011,2023
"Doña Ana County, New Mexico",55663,35,013,2023
"Eddy County, New Mexico",79605,35,015,2023
"Grant County, New Mexico",45921,35,017,2023
"Guadalupe County, New Mexico",40149,35,019,2023
"Harding County, New Mexico",41250,35,021,2023
"Hidalgo County, New Mexico",49076,35,023,2023
"Lea County, New Mexico",68750,35,025,2023
"Lincoln County, New Mexico",51643,35,027,2023
"Los Alamos County, New Mexico",143188,35,028,2023
"Luna County, New Mexico",37917,35,029,2023
"McKinley County, New Mexico",44496,35,031,2023
"Mora County, New Mexico",50178,35,033,2023
"Otero County, New Mexico",52717,35,035,2023
"Quay County, New Mexico",43698,35,037,2023
"Rio Arriba County, New Mexico",53901,35,039,2023
"Roosevelt County, New Mexico",52445,35,041,2023
"Sandoval County, New Mexico",84053,35,043,2023
"San Juan County, New Mexico",53020,35,045,2023
"San Miguel County, New Mexico",47400,35,047,2023
"Santa Fe County, New Mexico",74689,35,049,2023
"Sierra County, New Mexico",37840,35,051,2023
"Socorro County, New Mexico",47556,35,053,2023
"Taos County, New Mexico",58908,35,055,2023
"Torrance County, New Mexico",46250,35,057,2023
"Union County, New Mexico",45319,35,059,2023
"Valencia County, New Mexico",58333,35,061,2023
"Albany County, New York",83149,36,001,2023
"Allegany County, New York",61233,36,003,2023
"Bronx County, New York",49036,36,005,2023
"Broome County, New York",61059,36,007,2023
"Cattaraugus County, New York",58248,36,009,2023
"Cayuga County, New York",66583,36,011,2023
"Chautauqua County, New York",56507,36,013,2023
"Chemung County, New York",63469,36,015,2023
"Chenango County, New York",62093,36,017,2023
"Clinton County, New York",69208,36,019,2023
"Columbia County, New York",83619,36,021,2023
"Cortland County, New York",67527,36,023,2023
"Delaware County, New York",60226,36,025,2023
"Dutchess County, New York",97273,36,027,2023
"Erie County, New York",71175,36,029,2023
"Essex County, New York",70215,36,031,2023
"Franklin County, New York",63747,36,033,2023
"Fulton County, New York",62615,36,035,2023
"Genesee County, New York",72055,36,037,2023
"Greene County, New York",74011,36,039,2023
"Hamilton County, New York",68950,36,041,2023
"Herkimer County, New York",68858,36,043,2023
"Jefferson County, New York",64978,36,045,2023
"Kings County, New York",78548,36,047,2023
"Lewis County, New York",68329,36,049,2023
"Livingston County, New York",72464,36,051,2023
"Madison County, New York",73141,36,053,2023
"Monroe County, New York",74409,36,055,2023
"Montgomery County, New York",62923,36,057,2023
"Nassau County, New York",143408,36,059,2023
"New York County, New York",104553,36,061,2023
"Niagara County, New York",67809,36,063,2023
"Oneida County, New York",68819,36,065,2023
"Onondaga County, New York",74740,36,067,2023
"Ontario County, New York",79814,36,069,2023
"Orange County, New York",96497,36,071,2023
"Orleans County, New York",63838,36,073,2023
"Oswego County, New York",68461,36,075,2023
"Otsego County, New York",67086,36,077,2023
"Putnam County, New York",127405,36,079,2023
"Queens County, New York",84961,36,081,2023
"Rensselaer County, New York",86663,36,083,2023
"Richmond County, New York",98290,36,085,2023
"Rockland County, New York",110631,36,087,2023
"St. Lawrence County, New York",61900,36,089,2023
"Saratoga County, New York",99653,36,091,2023
"Schenectady County, New York",76989,36,093,2023
"Schoharie County, New York",71188,36,095,2023
"Schuyler County, New York",65625,36,097,2023
"Seneca County, New York",66007,36,099,2023
"Steuben County, New York",64740,36,101,2023
"Suffolk County, New York",128329,36,103,2023
"Sullivan County, New York",69826,36,105,2023
"Tioga County, New York",71791,36,107,2023
"Tompkins County, New York",73012,36,109,2023
"Ulster County, New York",81804,36,111,2023
"Warren County, New York",78239,36,113,2023
"Washington County, New York",72342,36,115,2023
"Wayne County, New York",73914,36,117,2023
"Westchester County, New York",118411,36,119,2023
"Wyoming County, New York",68913,36,121,2023
"Yates County, New York",67521,36,123,2023
"Alamance County, North Carolina",64445,37,001,2023
"Alexander County, North Carolina",65268,37,003,2023
"Alleghany County, North Carolina",44272,37,005,2023
"Anson County, North Carolina",44245,37,007,2023
"Ashe County, North Carolina",50827,37,009,2023
"Avery County, North Carolina",57657,37,011,2023
"Beaufort County, North Carolina",57997,37,013,2023
"Bertie County, North Carolina",45931,37,015,2023
"Bladen County, North Carolina",44528,37,017,2023
"Brunswick County, North Carolina",74034,37,019,2023
"Buncombe County, North Carolina",70578,37,021,2023
"Burke County, North Carolina",55684,37,023,2023
"Cabarrus County, North Carolina",86084,37,025,2023
"Caldwell County, North Carolina",55401,37,027,2023
"Camden County, North Carolina",87781,37,029,2023
"Carteret County, North Carolina",70235,37,031,2023
"Caswell County, North Carolina",59407,37,033,2023
"Catawba County, North Carolina",64544,37,035,2023
"Chatham County, North Carolina",88534,37,037,2023
"Cherokee County, North Carolina",51496,37,039,2023
"Chowan County, North Carolina",56982,37,041,2023
"Clay County, North Carolina",53645,37,043,2023
"Cleveland County, North Carolina",55769,37,045,2023
"Columbus County, North Carolina",48184,37,047,2023
"Craven County, North Carolina",64635,37,049,2023
"Cumberland County, North Carolina",58780,37,051,2023
"Currituck County, North Carolina",91548,37,053,2023
"Dare County, North Carolina",81214,37,055,2023
"Davidson County, North Carolina",62426,37,057,2023
"Davie County, North Carolina",73234,37,059,2023
"Duplin County, North Carolina",51880,37,061,2023
"Durham County, North Carolina",79501,37,063,2023
"Edgecombe County, North Carolina",48480,37,065,2023
"Forsyth County, North Carolina",65541,37,067,2023
"Franklin County, North Carolina",71386,37,069,2023
"Gaston County, North Carolina",65472,37,071,2023
"Gates County, North Carolina",61612,37,073,2023
"Graham County, North Carolina",49038,37,075,2023
"Granville County, North Carolina",70975,37,077,2023
"Greene County, North Carolina",50904,37,079,2023
"Guilford County, North Carolina",66027,37,081,2023
"Halifax County, North Carolina",45071,37,083,2023
"Harnett County, North Carolina",69012,37,085,2023
"Haywood County, North Carolina",61001,37,087,2023
"Henderson County, North Carolina",67623,37,089,2023
"Hertford County, North Carolina",47472,37,091,2023
"Hoke County, North Carolina",60095,37,093,2023
"Hyde County, North Carolina",47338,37,095,2023
"Iredell County, North Carolina",78678,37,097,2023
"Jackson County, North Carolina",53479,37,099,2023
"Johnston County, North Carolina",79838,37,101,2023
"Jones County, North Carolina",55659,37,103,2023
"Lee County, North Carolina",63060,37,105,2023
"Lenoir County, North Carolina",44795,37,107,2023
"Lincoln County, North Carolina",78490,37,109,2023
"McDowell County, North Carolina",55527,37,111,2023
"Macon County, North Carolina",53298,37,113,2023
"Madison County, North Carolina",58628,37,115,2023
"Martin County, North Carolina",46793,37,117,2023
"Mecklenburg County, North Carolina",83765,37,119,2023
"Mitchell County, North Carolina",58089,37,121,2023
"Montgomery County, North Carolina",55849,37,123,2023
"Moore County, North Carolina",82837,37,125,2023
"Nash County, North Carolina",60704,37,127,2023
"New Hanover County, North Carolina",72892,37,129,2023
"Northampton County, North Carolina",47935,37,131,2023
"Onslow County, North Carolina",64568,37,133,2023
"Orange County, North Carolina",88553,37,135,2023
"Pamlico County, North Carolina",61624,37,137,2023
"Pasquotank County, North Carolina",63912,37,139,2023
"Pender County, North Carolina",76838,37,141,2023
"Perquimans County, North Carolina",61224,37,143,2023
"Person County, North Carolina",64927,37,145,2023
"Pitt County, North Carolina",58851,37,147,2023
"Polk County, North Carolina",61005,37,149,2023
"Randolph County, North Carolina",59047,37,151,2023
"Richmond County, North Carolina",43626,37,153,2023
"Robeson County, North Carolina",40318,37,155,2023
"Rockingham County, North Carolina",55796,37,157,2023
"Rowan County, North Carolina",63196,37,159,2023
"Rutherford County, North Carolina",49771,37,161,2023
"Sampson County, North Carolina",53159,37,163,2023
"Scotland County, North Carolina",43500,37,165,2023
"Stanly County, North Carolina",61631,37,167,2023
"Stokes County, North Carolina",60039,37,169,2023
"Surry County, North Carolina",56095,37,171,2023
"Swain County, North Carolina",55429,37,173,2023
"Transylvania County, North Carolina",64523,37,175,2023
"Tyrrell County, North Carolina",43952,37,177,2023
"Union County, North Carolina",99243,37,179,2023
"Vance County, North Carolina",46943,37,181,2023
"Wake County, North Carolina",101763,37,183,2023
"Warren County, North Carolina",45279,37,185,2023
"Washington County, North Carolina",41750,37,187,2023
"Watauga County, North Carolina",51367,37,189,2023
"Wayne County, North Carolina",58082,37,191,2023
"Wilkes County, North Carolina",50438,37,193,2023
"Wilson County, North Carolina",51381,37,195,2023
"Yadkin County, North Carolina",60321,37,197,2023
"Yancey County, North Carolina",54961,37,199,2023
"Adams County, North Dakota",55417,38,001,2023
"Barnes County, North Dakota",70230,38,003,2023
"Benson County, North Dakota",68049,38,005,2023
"Billings County, North Dakota",81250,38,007,2023
"Bottineau County, North Dakota",83460,38,009,2023
"Bowman County, North Dakota",83773,38,011,2023
"Burke County, North Dakota",96339,38,013,2023
"Burleigh County, North Dakota",84948,38,015,2023
"Cass County, North Dakota",75023,38,017,2023
"Cavalier County, North Dakota",67064,38,019,2023
"Dickey County, North Dakota",63125,38,021,2023
"Divide County, North Dakota",89297,38,023,2023
"Dunn County, North Dakota",94688,38,025,2023
"Eddy County, North Dakota",55389,38,027,2023
"Emmons County, North Dakota",67368,38,029,2023
"Foster County, North Dakota",83412,38,031,2023
"Golden Valley County, North Dakota",76528,38,033,2023
"Grand Forks County, North Dakota",68450,38,035,2023
"Grant County, North Dakota",56750,38,037,2023
"Griggs County, North Dakota",64737,38,039,2023
"Hettinger County, North Dakota",70827,38,041,2023
"Kidder County, North Dakota",61850,38,043,2023
"LaMoure County, North Dakota",70263,38,045,2023
"Logan County, North Dakota",61339,38,047,2023
"McHenry County, North Dakota",80614,38,049,2023
"McIntosh County, North Dakota",64236,38,051,2023
"McKenzie County, North Dakota",88289,38,053,2023
"McLean County, North Dakota",81847,38,055,2023
"Mercer County, North Dakota",79405,38,057,2023
"Morton County, North Dakota",79483,38,059,2023
"Mountrail County, North Dakota",81292,38,061,2023
"Nelson County, North Dakota",68051,38,063,2023
"Oliver County, North Dakota",76953,38,065,2023
"Pembina County, North Dakota",66884,38,067,2023
"Pierce County, North Dakota",63214,38,069,2023
"Ramsey County, North Dakota",61319,38,071,2023
"Ransom County, North Dakota",74521,38,073,2023
"Renville County, North Dakota",76311,38,075,2023
"Richland County, North Dakota",72524,38,077,2023
"Rolette County, North Dakota",57355,38,079,2023
"Sargent County, North Dakota",77697,38,081,2023
"Sheridan County, North Dakota",67361,38,083,2023
"Sioux County, North Dakota",41676,38,085,2023
"Slope County, North Dakota",62500,38,087,2023
"Stark County, North Dakota",80744,38,089,2023
"Steele County, North Dakota",80313,38,091,2023
"Stutsman County, North Dakota",60172,38,093,2023
"Towner County, North Dakota",63017,38,095,2023
"Traill County, North Dakota",88289,38,097,2023
"Walsh County, North Dakota",69976,38,099,2023
"Ward County, North Dakota",79273,38,101,2023
"Wells County, North Dakota",61346,38,103,2023
"Williams County, North Dakota",90224,38,105,2023
"Adams County, Ohio",49521,39,001,2023
"Allen County, Ohio",62001,39,003,2023
"Ashland County, Ohio",64991,39,005,2023
"Ashtabula County, Ohio",55507,39,007,2023
"Athens County, Ohio",53837,39,009,2023
"Auglaize County, Ohio",76454,39,011,2023
"Belmont County, Ohio",58411,39,013,2023
"Brown County, Ohio",69990,39,015,2023
"Butler County, Ohio",81194,39,017,2023
"Carroll County, Ohio",64675,39,019,2023
"Champaign County, Ohio",74239,39,021,2023
"Clark County, Ohio",60846,39,023,2023
"Clermont County, Ohio",83178,39,025,2023
"Clinton County, Ohio",68125,39,027,2023
"Columbiana County, Ohio",58474,39,029,2023
"Coshocton County, Ohio",54687,39,031,2023
"Crawford County, Ohio",55477,39,033,2023
"Cuyahoga County, Ohio",62823,39,035,2023
"Darke County, Ohio",64654,39,037,2023
"Defiance County, Ohio",73615,39,039,2023
"Delaware County, Ohio",130088,39,041,2023
"Erie County, Ohio",68431,39,043,2023
"Fairfield County, Ohio",87069,39,045,2023
"Fayette County, Ohio",60047,39,047,2023
"Franklin County, Ohio",73795,39,049,2023
"Fulton County, Ohio",72866,39,051,2023
"Gallia County, Ohio",56455,39,053,2023
"Geauga County, Ohio",100783,39,055,2023
"Greene County, Ohio",85218,39,057,2023
"Guernsey County, Ohio",55756,39,059,2023
"Hamilton County, Ohio",70816,39,061,2023
"Hancock County, Ohio",69699,39,063,2023
"Hardin County, Ohio",58001,39,065,2023
"Harrison County, Ohio",53851,39,067,2023
"Henry County, Ohio",79267,39,069,2023
"Highland County, Ohio",62008,39,071,2023
"Hocking County, Ohio",61366,39,073,2023
"Holmes County, Ohio",74774,39,075,2023
"Huron County, Ohio",65972,39,077,2023
"Jackson County, Ohio",58409,39,079,2023
"Jefferson County, Ohio",56983,39,081,2023
"Knox County, Ohio",73988,39,083,2023
"Lake County, Ohio",77952,39,085,2023
"Lawrence County, Ohio",54842,39,087,2023
"Licking County, Ohio",81033,39,089,2023
"Logan County, Ohio",69183,39,091,2023
"Lorain County, Ohio",70693,39,093,2023
"Lucas County, Ohio",60095,39,095,2023
"Madison County, Ohio",83229,39,097,2023
"Mahoning County, Ohio",55576,39,099,2023
"Marion County, Ohio",57306,39,101,2023
"Medina County, Ohio",92660,39,103,2023
"Meigs County, Ohio",46701,39,105,2023
"Mercer County, Ohio",78036,39,107,2023
"Miami County, Ohio",74175,39,109,2023
"Monroe County, Ohio",58962,39,111,2023
"Montgomery County, Ohio",64403,39,113,2023
"Morgan County, Ohio",55971,39,115,2023
"Morrow County, Ohio",71047,39,117,2023
"Muskingum County, Ohio",59203,39,119,2023
"Noble County, Ohio",55360,39,121,2023
"Ottawa County, Ohio",75728,39,123,2023
"Paulding County, Ohio",68167,39,125,2023
"Perry County, Ohio",64737,39,127,2023
"Pickaway County, Ohio",72927,39,129,2023
"Pike County, Ohio",49552,39,131,2023
"Portage County, Ohio",72822,39,133,2023
"Preble County, Ohio",71237,39,135,2023
"Putnam County, Ohio",82785,39,137,2023
"Richland County, Ohio",57649,39,139,2023
"Ross County, Ohio",59819,39,141,2023
"Sandusky County, Ohio",62500,39,143,2023
"Scioto County, Ohio",49571,39,145,2023
"Seneca County, Ohio",65020,39,147,2023
"Shelby County, Ohio",72822,39,149,2023
"Stark County, Ohio",65740,39,151,2023
"Summit County, Ohio",71016,39,153,2023
"Trumbull County, Ohio",55088,39,155,2023
"Tuscarawas County, Ohio",64494,39,157,2023
"Union County, Ohio",109506,39,159,2023
"Van Wert County, Ohio",65344,39,161,2023
"Vinton County, Ohio",53813,39,163,2023
"Warren County, Ohio",107843,39,165,2023
"Washington County, Ohio",61355,39,167,2023
"Wayne County, Ohio",71769,39,169,2023
"Williams County, Ohio",61834,39,171,2023
"Wood County, Ohio",73124,39,173,2023
"Wyandot County, Ohio",71878,39,175,2023
"Adair County, Oklahoma",48028,40,001,2023
"Alfalfa County, Oklahoma",67870,40,003,2023
"Atoka County, Oklahoma",52034,40,005,2023
"Beaver County, Oklahoma",64266,40,007,2023
"Beckham County, Oklahoma",52323,40,009,2023
"Blaine County, Oklahoma",59304,40,011,2023
"Bryan County, Oklahoma",54280,40,013,2023
"Caddo County, Oklahoma",52817,40,015,2023
"Canadian County, Oklahoma",85427,40,017,2023
"Carter County, Oklahoma",58856,40,019,2023
"Cherokee County, Oklahoma",53668,40,021,2023
"Choctaw County, Oklahoma",45456,40,023,2023
"Cimarron County, Oklahoma",57204,40,025,2023
"Cleveland County, Oklahoma",74446,40,027,2023
"Coal County, Oklahoma",48162,40,029,2023
"Comanche County, Oklahoma",59000,40,031,2023
"Cotton County, Oklahoma",60313,40,033,2023
"Craig County, Oklahoma",50182,40,035,2023
"Creek County, Oklahoma",61849,40,037,2023
"Custer County, Oklahoma",57562,40,039,2023
"Delaware County, Oklahoma",55114,40,041,2023
"Dewey County, Oklahoma",60550,40,043,2023
"Ellis County, Oklahoma",56992,40,045,2023
"Garfield County, Oklahoma",67302,40,047,2023
"Garvin County, Oklahoma",57127,40,049,2023
"Grady County, Oklahoma",75730,40,051,2023
"Grant County, Oklahoma",61824,40,053,2023
"Greer County, Oklahoma",60183,40,055,2023
"Harmon County, Oklahoma",54286,40,057,2023
"Harper County, Oklahoma",59191,40,059,2023
"Haskell County, Oklahoma",49930,40,061,2023
"Hughes County, Oklahoma",47923,40,063,2023
"Jackson County, Oklahoma",61497,40,065,2023
"Jefferson County, Oklahoma",48750,40,067,2023
"Johnston County, Oklahoma",50911,40,069,2023
"Kay County, Oklahoma",56673,40,071,2023
"Kingfisher County, Oklahoma",70617,40,073,2023
"Kiowa County, Oklahoma",42063,40,075,2023
"Latimer County, Oklahoma",41048,40,077,2023
"Le Flore County, Oklahoma",50027,40,079,2023
"Lincoln County, Oklahoma",59425,40,081,2023
"Logan County, Oklahoma",82735,40,083,2023
"Love County, Oklahoma",62940,40,085,2023
"McClain County, Oklahoma",84778,40,087,2023
"McCurtain County, Oklahoma",50175,40,089,2023
"McIntosh County, Oklahoma",46203,40,091,2023
"Major County, Oklahoma",69229,40,093,2023
"Marshall County, Oklahoma",56495,40,095,2023
"Mayes County, Oklahoma",57279,40,097,2023
"Murray County, Oklahoma",61904,40,099,2023
"Muskogee County, Oklahoma",51999,40,101,2023
"Noble County, Oklahoma",70071,40,103,2023
"Nowata County, Oklahoma",52679,40,105,2023
"Okfuskee County, Oklahoma",45441,40,107,2023
"Oklahoma County, Oklahoma",65374,40,109,2023
"Okmulgee County, Oklahoma",53123,40,111,2023
"Osage County, Oklahoma",60482,40,113,2023
"Ottawa County, Oklahoma",48656,40,115,2023
"Pawnee County, Oklahoma",57551,40,117,2023
"Payne County, Oklahoma",48937,40,119,2023
"Pittsburg County, Oklahoma",54787,40,121,2023
"Pontotoc County, Oklahoma",62564,40,123,2023
"Pottawatomie County, Oklahoma",60828,40,125,2023
"Pushmataha County, Oklahoma",44634,40,127,2023
"Roger Mills County, Oklahoma",62721,40,129,2023
"Rogers County, Oklahoma",77688,40,131,2023
"Seminole County, Oklahoma",46191,40,133,2023
"Sequoyah County, Oklahoma",49795,40,135,2023
"Stephens County, Oklahoma",60236,40,137,2023
"Texas County, Oklahoma",59275,40,139,2023
"Tillman County, Oklahoma",47445,40,141,2023
"Tulsa County, Oklahoma",67317,40,143,2023
"Wagoner County, Oklahoma",78520,40,145,2023
"Washington County, Oklahoma",61205,40,147,2023
"Washita County, Oklahoma",61980,40,149,2023
"Woods County, Oklahoma",50512,40,151,2023
"Woodward County, Oklahoma",65060,40,153,2023
"Baker County, Oregon",57844,41,001,2023
"Benton County, Oregon",76011,41,003,2023
"Clackamas County, Oregon",100360,41,005,2023
"Clatsop County, Oregon",68705,41,007,2023
"Columbia County, Oregon",86359,41,009,2023
"Coos County, Oregon",60313,41,011,2023
"Crook County, Oregon",81675,41,013,2023
"Curry County, Oregon",64769,41,015,2023
"Deschutes County, Oregon",87640,41,017,2023
"Douglas County, Oregon",58983,41,019,2023
"Gilliam County, Oregon",64219,41,021,2023
"Grant County, Oregon",59800,41,023,2023
"Harney County, Oregon",48338,41,025,2023
"Hood River County, Oregon",82095,41,027,2023
"Jackson County, Oregon",71443,41,029,2023
"Jefferson County, Oregon",73051,41,031,2023
"Josephine County, Oregon",59097,41,033,2023
"Klamath County, Oregon",59353,41,035,2023
"Lake County, Oregon",61222,41,037,2023
"Lane County, Oregon",69311,41,039,2023
"Lincoln County, Oregon",61314,41,041,2023
"Linn County, Oregon",73396,41,043,2023
"Malheur County, Oregon",49902,41,045,2023
"Marion County, Oregon",74624,41,047,2023
"Morrow County, Oregon",70217,41,049,2023
"Multnomah County, Oregon",86247,41,051,2023
"Polk County, Oregon",81318,41,053,2023
"Sherman County, Oregon",59500,41,055,2023
"Tillamook County, Oregon",66551,41,057,2023
"Umatilla County, Oregon",68958,41,059,2023
"Union County, Oregon",64212,41,061,2023
"Wallowa County, Oregon",65559,41,063,2023
"Wasco County, Oregon",63602,41,065,2023
"Washington County, Oregon",104434,41,067,2023
"Wheeler County, Oregon",51250,41,069,2023
"Yamhill County, Oregon",87084,41,071,2023
"Adams County, Pennsylvania",81071,42,001,2023
"Allegheny County, Pennsylvania",76393,42,003,2023
"Armstrong County, Pennsylvania",64295,42,005,2023
"Beaver County, Pennsylvania",70156,42,007,2023
"Bedford County, Pennsylvania",60302,42,009,2023
"Berks County, Pennsylvania",77684,42,011,2023
"Blair County, Pennsylvania",60594,42,013,2023
"Bradford County, Pennsylvania",62482,42,015,2023
"Bucks County, Pennsylvania",111951,42,017,2023
"Butler County, Pennsylvania",86775,42,019,2023
"Cambria County, Pennsylvania",56292,42,021,2023
"Cameron County, Pennsylvania",47681,42,023,2023
"Carbon County, Pennsylvania",67877,42,025,2023
"Centre County, Pennsylvania",72748,42,027,2023
"Chester County, Pennsylvania",123041,42,029,2023
"Clarion County, Pennsylvania",60668,42,031,2023
"Clearfield County, Pennsylvania",60181,42,033,2023
"Clinton County, Pennsylvania",58842,42,035,2023
"Columbia County, Pennsylvania",61992,42,037,2023
"Crawford County, Pennsylvania",60254,42,039,2023
"Cumberland County, Pennsylvania",85634,42,041,2023
"Dauphin County, Pennsylvania",74159,42,043,2023
"Delaware County, Pennsylvania",88576,42,045,2023
"Elk County, Pennsylvania",64103,42,047,2023
"Erie County, Pennsylvania",61476,42,049,2023
"Fayette County, Pennsylvania",56093,42,051,2023
"Forest County, Pennsylvania",50061,42,053,2023
"Franklin County, Pennsylvania",74946,42,055,2023
"Fulton County, Pennsylvania",64798,42,057,2023
"Greene County, Pennsylvania",66870,42,059,2023
"Huntingdon County, Pennsylvania",65429,42,061,2023
"Indiana County, Pennsylvania",58739,42,063,2023
"Jefferson County, Pennsylvania",56898,42,065,2023
"Juniata County, Pennsylvania",63923,42,067,2023
"Lackawanna County, Pennsylvania",64691,42,069,2023
"Lancaster County, Pennsylvania",83703,42,071,2023
"Lawrence County, Pennsylvania",60779,42,073,2023
"Lebanon County, Pennsylvania",76350,42,075,2023
"Lehigh County, Pennsylvania",77493,42,077,2023
"Luzerne County, Pennsylvania",62321,42,079,2023
"Lycoming County, Pennsylvania",64412,42,081,2023
"McKean County, Pennsylvania",61705,42,083,2023
"Mercer County, Pennsylvania",60614,42,085,2023
"Mifflin County, Pennsylvania",61415,42,087,2023
"Monroe County, Pennsylvania",82374,42,089,2023
"Montgomery County, Pennsylvania",111521,42,091,2023
"Montour County, Pennsylvania",72926,42,093,2023
"Northampton County, Pennsylvania",86687,42,095,2023
"Northumberland County, Pennsylvania",57948,42,097,2023
"Perry County, Pennsylvania",78824,42,099,2023
"Philadelphia County, Pennsylvania",60698,42,101,2023
"Pike County, Pennsylvania",79318,42,103,2023
"Potter County, Pennsylvania",59840,42,105,2023
"Schuylkill County, Pennsylvania",66901,42,107,2023
"Snyder County, Pennsylvania",68435,42,109,2023
"Somerset County, Pennsylvania",59378,42,111,2023
"Sullivan County, Pennsylvania",64758,42,113,2023
"Susquehanna County, Pennsylvania",66930,42,115,2023
"Tioga County, Pennsylvania",62932,42,117,2023
"Union County, Pennsylvania",72894,42,119,2023
"Venango County, Pennsylvania",61626,42,121,2023
"Warren County, Pennsylvania",59013,42,123,2023
"Washington County, Pennsylvania",77487,42,125,2023
"Wayne County, Pennsylvania",62182,42,127,2023
"Westmoreland County, Pennsylvania",72468,42,129,2023
"Wyoming County, Pennsylvania",70268,42,131,2023
"York County, Pennsylvania",82238,42,133,2023
"Bristol County, Rhode Island",110926,44,001,2023
"Kent County, Rhode Island",91278,44,003,2023
"Newport County, Rhode Island",100859,44,005,2023
"Providence County, Rhode Island",78204,44,007,2023
"Washington County, Rhode Island",102478,44,009,2023
"Abbeville County, South Carolina",52112,45,001,2023
"Aiken County, South Carolina",67940,45,003,2023
"Allendale County, South Carolina",31603,45,005,2023
"Anderson County, South Carolina",64683,45,007,2023
"Bamberg County, South Carolina",43206,45,009,2023
"Barnwell County, South Carolina",41800,45,011,2023
"Beaufort County, South Carolina",84819,45,013,2023
"Berkeley County, South Carolina",82327,45,015,2023
"Calhoun County, South Carolina",56690,45,017,2023
"Charleston County, South Carolina",84320,45,019,2023
"Cherokee County, South Carolina",49047,45,021,2023
"Chester County, South Carolina",51216,45,023,2023
"Chesterfield County, South Carolina",47620,45,025,2023
"Clarendon County, South Carolina",48887,45,027,2023
"Colleton County, South Carolina",48779,45,029,2023
"Darlington County, South Carolina",47419,45,031,2023
"Dillon County, South Carolina",44038,45,033,2023
"Dorchester County, South Carolina",76896,45,035,2023
"Edgefield County, South Carolina",67092,45,037,2023
"Fairfield County, South Carolina",46972,45,039,2023
"Florence County, South Carolina",56650,45,041,2023
"Georgetown County, South Carolina",66734,45,043,2023
"Greenville County, South Carolina",74624,45,045,2023
"Greenwood County, South Carolina",50635,45,047,2023
"Hampton County, South Carolina",43059,45,049,2023
"Horry County, South Carolina",64623,45,051,2023
"Jasper County, South Carolina",63503,45,053,2023
"Kershaw County, South Carolina",64343,45,055,2023
"Lancaster County, South Carolina",74751,45,057,2023
"Laurens County, South Carolina",55517,45,059,2023
"Lee County, South Carolina",44145,45,061,2023
"Lexington County, South Carolina",75014,45,063,2023
"McCormick County, South Carolina",55344,45,065,2023
"Marion County, South Carolina",34501,45,067,2023
"Marlboro County, South Carolina",36293,45,069,2023
"Newberry County, South Carolina",59670,45,071,2023
"Oconee County, South Carolina",60193,45,073,2023
"Orangeburg County, South Carolina",43214,45,075,2023
"Pickens County, South Carolina",59411,45,077,2023
"Richland County, South Carolina",61699,45,079,2023
"Saluda County, South Carolina",52957,45,081,2023
"Spartanburg County, South Carolina",64195,45,083,2023
"Sumter County, South Carolina",55990,45,085,2023
"Union County, South Carolina",41200,45,087,2023
"Williamsburg County, South Carolina",43471,45,089,2023
"York County, South Carolina",83060,45,091,2023
"Aurora County, South Dakota",74130,46,003,2023
"Beadle County, South Dakota",63082,46,005,2023
"Bennett County, South Dakota",44569,46,007,2023
"Bon Homme County, South Dakota",61275,46,009,2023
"Brookings County, South Dakota",67341,46,011,2023
"Brown County, South Dakota",70239,46,013,2023
"Brule County, South Dakota",74043,46,015,2023
"Buffalo County, South Dakota",47000,46,017,2023
"Butte County, South Dakota",67692,46,019,2023
"Campbell County, South Dakota",65000,46,021,2023
"Charles Mix County, South Dakota",64850,46,023,2023
"Clark County, South Dakota",62885,46,025,2023
"Clay County, South Dakota",58794,46,027,2023
"Codington County, South Dakota",65080,46,029,2023
"Corson County, South Dakota",43750,46,031,2023
"Custer County, South Dakota",81958,46,033,2023
"Davison County, South Dakota",61401,46,035,2023
"Day County, South Dakota",62270,46,037,2023
"Deuel County, South Dakota",79556,46,039,2023
"Dewey County, South Dakota",57928,46,041,2023
"Douglas County, South Dakota",78125,46,043,2023
"Edmunds County, South Dakota",77266,46,045,2023
"Fall River County, South Dakota",61056,46,047,2023
"Faulk County, South Dakota",58000,46,049,2023
"Grant County, South Dakota",73818,46,051,2023
"Gregory County, South Dakota",52432,46,053,2023
"Haakon County, South Dakota",59231,46,055,2023
"Hamlin County, South Dakota",83194,46,057,2023
"Hand County, South Dakota",72054,46,059,2023
"Hanson County, South Dakota",86375,46,061,2023
"Harding County, South Dakota",74766,46,063,2023
"Hughes County, South Dakota",78981,46,065,2023
"Hutchinson County, South Dakota",74459,46,067,2023
"Hyde County, South Dakota",74279,46,069,2023
"Jackson County, South Dakota",26686,46,071,2023
"Jerauld County, South Dakota",75417,46,073,2023
"Jones County, South Dakota",64688,46,075,2023
"Kingsbury County, South Dakota",70221,46,077,2023
"Lake County, South Dakota",73792,46,079,2023
"Lawrence County, South Dakota",66766,46,081,2023
"Lincoln County, South Dakota",96552,46,083,2023
"Lyman County, South Dakota",61169,46,085,2023
"McCook County, South Dakota",80847,46,087,2023
"McPherson County, South Dakota",62024,46,089,2023
"Marshall County, South Dakota",72500,46,091,2023
"Meade County, South Dakota",74161,46,093,2023
"Mellette County, South Dakota",51364,46,095,2023
"Miner County, South Dakota",72589,46,097,2023
"Minnehaha County, South Dakota",76074,46,099,2023
"Moody County, South Dakota",77500,46,101,2023
"Oglala Lakota County, South Dakota",34769,46,102,2023
"Pennington County, South Dakota",70768,46,103,2023
"Perkins County, South Dakota",65455,46,105,2023
"Potter County, South Dakota",71726,46,107,2023
"Roberts County, South Dakota",63691,46,109,2023
"Sanborn County, South Dakota",69870,46,111,2023
"Spink County, South Dakota",73011,46,115,2023
"Stanley County, South Dakota",77000,46,117,2023
"Sully County, South Dakota",70250,46,119,2023
"Todd County, South Dakota",39148,46,121,2023
"Tripp County, South Dakota",58854,46,123,2023
"Turner County, South Dakota",75283,46,125,2023
"Union County, South Dakota",84137,46,127,2023
"Walworth County, South Dakota",62722,46,129,2023
"Yankton County, South Dakota",73855,46,135,2023
"Ziebach County, South Dakota",47333,46,137,2023
"Anderson County, Tennessee",63171,47,001,2023
"Bedford County, Tennessee",62197,47,003,2023
"Benton County, Tennessee",50435,47,005,2023
"Bledsoe County, Tennessee",49655,47,007,2023
"Blount County, Tennessee",74607,47,009,2023
"Bradley County, Tennessee",63789,47,011,2023
"Campbell County, Tennessee",50260,47,013,2023
"Cannon County, Tennessee",58092,47,015,2023
"Carroll County, Tennessee",50391,47,017,2023
"Carter County, Tennessee",48435,47,019,2023
"Cheatham County, Tennessee",82015,47,021,2023
"Chester County, Tennessee",60543,47,023,2023
"Claiborne County, Tennessee",46587,47,025,2023
"Clay County, Tennessee",44712,47,027,2023
"Cocke County, Tennessee",48416,47,029,2023
"Coffee County, Tennessee",60656,47,031,2023
"Crockett County, Tennessee",59049,47,033,2023
"Cumberland County, Tennessee",58475,47,035,2023
"Davidson County, Tennessee",75664,47,037,2023
"Decatur County, Tennessee",46190,47,039,2023
"DeKalb County, Tennessee",48484,47,041,2023
"Dickson County, Tennessee",73223,47,043,2023
"Dyer County, Tennessee",54973,47,045,2023
"Fayette County, Tennessee",84764,47,047,2023
"Fentress County, Tennessee",50865,47,049,2023
"Franklin County, Tennessee",61553,47,051,2023
"Gibson County, Tennessee",59009,47,053,2023
"Giles County, Tennessee",61476,47,055,2023
"Grainger County, Tennessee",51351,47,057,2023
"Greene County, Tennessee",54071,47,059,2023
"Grundy County, Tennessee",45573,47,061,2023
"Hamblen County, Tennessee",52794,47,063,2023
"Hamilton County, Tennessee",72568,47,065,2023
"Hancock County, Tennessee",31995,47,067,2023
"Hardeman County, Tennessee",46173,47,069,2023
"Hardin County, Tennessee",49149,47,071,2023
"Hawkins County, Tennessee",55278,47,073,2023
"Haywood County, Tennessee",43513,47,075,2023
"Henderson County, Tennessee",53471,47,077,2023
"Henry County, Tennessee",48540,47,079,2023
"Hickman County, Tennessee",57223,47,081,2023
"Houston County, Tennessee",54475,47,083,2023
"Humphreys County, Tennessee",59333,47,085,2023
"Jackson County, Tennessee",41475,47,087,2023
"Jefferson County, Tennessee",63084,47,089,2023
"Johnson County, Tennessee",52152,47,091,2023
"Knox County, Tennessee",71662,47,093,2023
"Lake County, Tennessee",30500,47,095,2023
"Lauderdale County, Tennessee",49205,47,097,2023
"Lawrence County, Tennessee",53233,47,099,2023
"Lewis County, Tennessee",49477,47,101,2023
"Lincoln County, Tennessee",63115,47,103,2023
"Loudon County, Tennessee",80296,47,105,2023
"McMinn County, Tennessee",59674,47,107,2023
"McNairy County, Tennessee",50714,47,109,2023
"Macon County, Tennessee",56269,47,111,2023
"Madison County, Tennessee",58189,47,113,2023
"Marion County, Tennessee",58103,47,115,2023
"Marshall County, Tennessee",70829,47,117,2023
"Maury County, Tennessee",74162,47,119,2023
"Meigs County, Tennessee",58395,47,121,2023
"Monroe County, Tennessee",56648,47,123,2023
"Montgomery County, Tennessee",72365,47,125,2023
"Moore County, Tennessee",66687,47,127,2023
"Morgan County, Tennessee",57408,47,129,2023
"Obion County, Tennessee",53102,47,131,2023
"Overton County, Tennessee",46159,47,133,2023
"Perry County, Tennessee",50489,47,135,2023
"Pickett County, Tennessee",44591,47,137,2023
"Polk County, Tennessee",60227,47,139,2023
"Putnam County, Tennessee",56537,47,141,2023
"Rhea County, Tennessee",58133,47,143,2023
"Roane County, Tennessee",66218,47,145,2023
"Robertson County, Tennessee",78439,47,147,2023
"Rutherford County, Tennessee",82588,47,149,2023
"Scott County, Tennessee",42679,47,151,2023
"Sequatchie County, Tennessee",52260,47,153,2023
"Sevier County, Tennessee",63829,47,155,2023
"Shelby County, Tennessee",62337,47,157,2023
"Smith County, Tennessee",62799,47,159,2023
"Stewart County, Tennessee",62052,47,161,2023
"Sullivan County, Tennessee",56802,47,163,2023
"Sumner County, Tennessee",86005,47,165,2023
"Tipton County, Tennessee",71736,47,167,2023
"Trousdale County, Tennessee",63190,47,169,2023
"Unicoi County, Tennessee",50381,47,171,2023
"Union County, Tennessee",61858,47,173,2023
"Van Buren County, Tennessee",60281,47,175,2023
"Warren County, Tennessee",54088,47,177,2023
"Washington County, Tennessee",61051,47,179,2023
"Wayne County, Tennessee",52824,47,181,2023
"Weakley County, Tennessee",49502,47,183,2023
"White County, Tennessee",52206,47,185,2023
"Williamson County, Tennessee",131202,47,187,2023
"Wilson County, Tennessee",94048,47,189,2023
"Anderson County, Texas",58846,48,001,2023
"Andrews County, Texas",76902,48,003,2023
"Angelina County, Texas",58847,48,005,2023
"Aransas County, Texas",61754,48,007,2023
"Archer County, Texas",71958,48,009,2023
"Armstrong County, Texas",68462,48,011,2023
"Atascosa County, Texas",69413,48,013,2023
"Austin County, Texas",75994,48,015,2023
"Bailey County, Texas",70625,48,017,2023
"Bandera County, Texas",69703,48,019,2023
"Bastrop County, Texas",82730,48,021,2023
"Baylor County, Texas",42313,48,023,2023
"Bee County, Texas",56075,48,025,2023
"Bell County, Texas",66051,48,027,2023
"Bexar County, Texas",70571,48,029,2023
"Blanco County, Texas",87564,48,031,2023
"Borden County, Texas",64250,48,033,2023
"Bosque County, Texas",69339,48,035,2023
"Bowie County, Texas",59295,48,037,2023
"Brazoria County, Texas",95155,48,039,2023
"Brazos County, Texas",58388,48,041,2023
"Brewster County, Texas",52612,48,043,2023
"Briscoe County, Texas",41188,48,045,2023
"Brooks County, Texas",31310,48,047,2023
"Brown County, Texas",55305,48,049,2023
"Burleson County, Texas",72888,48,051,2023
"Burnet County, Texas",77158,48,053,2023
"Caldwell County, Texas",68503,48,055,2023
"Calhoun County, Texas",71870,48,057,2023
"Callahan County, Texas",68455,48,059,2023
"Cameron County, Texas",51334,48,061,2023
"Camp County, Texas",55061,48,063,2023
"Carson County, Texas",84583,48,065,2023
"Cass County, Texas",54328,48,067,2023
"Castro County, Texas",63485,48,069,2023
"Chambers County, Texas",108114,48,071,2023
"Cherokee County, Texas",59830,48,073,2023
"Childress County, Texas",60333,48,075,2023
"Clay County, Texas",77355,48,077,2023
"Cochran County, Texas",42137,48,079,2023
"Coke County, Texas",46431,48,081,2023
"Coleman County, Texas",52364,48,083,2023
"Collin County, Texas",117588,48,085,2023
"Collingsworth County, Texas",60165,48,087,2023
"Colorado County, Texas",68554,48,089,2023
"Comal County, Texas",99015,48,091,2023
"Comanche County, Texas",59946,48,093,2023
"Concho County, Texas",59632,48,095,2023
"Cooke County, Texas",72472,48,097,2023
"Coryell County, Texas",68904,48,099,2023
"Cottle County, Texas",58819,48,101,2023
"Crane County, Texas",59915,48,103,2023
"Crockett County, Texas",81739,48,105,2023
"Crosby County, Texas",52197,48,107,2023
"Culberson County, Texas",42672,48,109,2023
"Dallam County, Texas",72332,48,111,2023
"Dallas County, Texas",74149,48,113,2023
"Dawson County, Texas",55789,48,115,2023
"Deaf Smith County, Texas",54114,48,117,2023
"Delta County, Texas",62855,48,119,2023
"Denton County, Texas",108185,48,121,2023
"DeWitt County, Texas",64014,48,123,2023
"Dickens County, Texas",50417,48,125,2023
"Dimmit County, Texas",33409,48,127,2023
"Donley County, Texas",56648,48,129,2023
"Duval County, Texas",50081,48,131,2023
"Eastland County, Texas",51741,48,133,2023
"Ector County, Texas",71031,48,135,2023
"Edwards County, Texas",38500,48,137,2023
"Ellis County, Texas",95898,48,139,2023
"El Paso County, Texas",58859,48,141,2023
"Erath County, Texas",65351,48,143,2023
"Falls County, Texas",55372,48,145,2023
"Fannin County, Texas",68377,48,147,2023
"Fayette County, Texas",76541,48,149,2023
"Fisher County, Texas",64700,48,151,2023
"Floyd County, Texas",55461,48,153,2023
"Foard County, Texas",42212,48,155,2023
"Fort Bend County, Texas",113409,48,157,2023
"Franklin County, Texas",66800,48,159,2023
"Freestone County, Texas",58460,48,161,2023
"Frio County, Texas",60098,48,163,2023
"Gaines County, Texas",76605,48,165,2023
"Galveston County, Texas",85348,48,167,2023
"Garza County, Texas",50545,48,169,2023
"Gillespie County, Texas",67799,48,171,2023
"Glasscock County, Texas",106806,48,173,2023
"Goliad County, Texas",59556,48,175,2023
"Gonzales County, Texas",59355,48,177,2023
"Gray County, Texas",56082,48,179,2023
"Grayson County, Texas",70455,48,181,2023
"Gregg County, Texas",64809,48,183,2023
"Grimes County, Texas",67080,48,185,2023
"Guadalupe County, Texas",93776,48,187,2023
"Hale County, Texas",52788,48,189,2023
"Hall County, Texas",46728,48,191,2023
"Hamilton County, Texas",55339,48,193,2023
"Hansford County, Texas",68299,48,195,2023
"Hardeman County, Texas",61179,48,197,2023
"Hardin County, Texas",72532,48,199,2023
"Harris County, Texas",73104,48,201,2023
"Harrison County, Texas",66040,48,203,2023
"Hartley County, Texas",82122,48,205,2023
"Haskell County, Texas",54044,48,207,2023
"Hays County, Texas",85827,48,209,2023
"Hemphill County, Texas",72052,48,211,2023
"Henderson County, Texas",63955,48,213,2023
"Hidalgo County, Texas",52281,48,215,2023
"Hill County, Texas",63147,48,217,2023
"Hockley County, Texas",54810,48,219,2023
"Hood County, Texas",86802,48,221,2023
"Hopkins County, Texas",64725,48,223,2023
"Houston County, Texas",54563,48,225,2023
"Howard County, Texas",71457,48,227,2023
"Hudspeth County, Texas",39336,48,229,2023
"Hunt County, Texas",70112,48,231,2023
"Hutchinson County, Texas",65470,48,233,2023
"Irion County, Texas",58125,48,235,2023
"Jack County, Texas",65693,48,237,2023
"Jackson County, Texas",61752,48,239,2023
"Jasper County, Texas",49919,48,241,2023
"Jeff Davis County, Texas",32625,48,243,2023
"Jefferson County, Texas",59934,48,245,2023
"Jim Hogg County, Texas",42230,48,247,2023
"Jim Wells County, Texas",47492,48,249,2023
"Johnson County, Texas",81826,48,251,2023
"Jones County, Texas",63472,48,253,2023
"Karnes County, Texas",59103,48,255,2023
"Kaufman County, Texas",88606,48,257,2023
"Kendall County, Texas",110498,48,259,2023
"Kenedy County, Texas",-666666666,48,261,2023
"Kent County, Texas",71420,48,263,2023
"Kerr County, Texas",67927,48,265,2023
"Kimble County, Texas",65703,48,267,2023
"King County, Texas",70192,48,269,2023
"Kinney County, Texas",66341,48,271,2023
"Kleberg County, Texas",57612,48,273,2023
"Knox County, Texas",56304,48,275,2023
"Lamar County, Texas",61122,48,277,2023
"Lamb County, Texas",56997,48,279,2023
"Lampasas County, Texas",76919,48,281,2023
"La Salle County, Texas",55469,48,283,2023
"Lavaca County, Texas",61768,48,285,2023
"Lee County, Texas",66000,48,287,2023
"Leon County, Texas",59975,48,289,2023
"Liberty County, Texas",64773,48,291,2023
"Limestone County, Texas",58109,48,293,2023
"Lipscomb County, Texas",71442,48,295,2023
"Live Oak County, Texas",53869,48,297,2023
"Llano County, Texas",65636,48,299,2023
"Loving County, Texas",51087,48,301,2023
"Lubbock County, Texas",63367,48,303,2023
"Lynn County, Texas",57411,48,305,2023
"McCulloch County, Texas",51919,48,307,2023
"McLennan County, Texas",63888,48,309,2023
"McMullen County, Texas",45833,48,311,2023
"Madison County, Texas",67128,48,313,2023
"Marion County, Texas",47447,48,315,2023
"Martin County, Texas",77083,48,317,2023
"Mason County, Texas",68750,48,319,2023
"Matagorda County, Texas",55174,48,321,2023
"Maverick County, Texas",51270,48,323,2023
"Medina County, Texas",73462,48,325,2023
"Menard County, Texas",48191,48,327,2023
"Midland County, Texas",93984,48,329,2023
"Milam County, Texas",59076,48,331,2023
"Mills County, Texas",64494,48,333,2023
"Mitchell County, Texas",56033,48,335,2023
"Montague County, Texas",62818,48,337,2023
"Montgomery County, Texas",97266,48,339,2023
"Moore County, Texas",61325,48,341,2023
"Morris County, Texas",55082,48,343,2023
"Motley County, Texas",62857,48,345,2023
"Nacogdoches County, Texas",51528,48,347,2023
"Navarro County, Texas",59310,48,349,2023
"Newton County, Texas",41044,48,351,2023
"Nolan County, Texas",50160,48,353,2023
"Nueces County, Texas",66021,48,355,2023
"Ochiltree County, Texas",64988,48,357,2023
"Oldham County, Texas",76402,48,359,2023
"Orange County, Texas",73372,48,361,2023
"Palo Pinto County, Texas",64972,48,363,2023
"Panola County, Texas",62593,48,365,2023
"Parker County, Texas",102099,48,367,2023
"Parmer County, Texas",68164,48,369,2023
"Pecos County, Texas",67689,48,371,2023
"Polk County, Texas",59066,48,373,2023
"Potter County, Texas",50448,48,375,2023
"Presidio County, Texas",29014,48,377,2023
"Rains County, Texas",64874,48,379,2023
"Randall County, Texas",80905,48,381,2023
"Reagan County, Texas",70288,48,383,2023
"Real County, Texas",45417,48,385,2023
"Red River County, Texas",46912,48,387,2023
"Reeves County, Texas",56056,48,389,2023
"Refugio County, Texas",58016,48,391,2023
"Roberts County, Texas",66118,48,393,2023
"Robertson County, Texas",66250,48,395,2023
"Rockwall County, Texas",124917,48,397,2023
"Runnels County, Texas",63490,48,399,2023
"Rusk County, Texas",67506,48,401,2023
"Sabine County, Texas",59924,48,403,2023
"San Augustine County, Texas",46338,48,405,2023
"San Jacinto County, Texas",59526,48,407,2023
"San Patricio County, Texas",67512,48,409,2023
"San Saba County, Texas",54855,48,411,2023
"Schleicher County, Texas",90141,48,413,2023
"Scurry County, Texas",62689,48,415,2023
"Shackelford County, Texas",64659,48,417,2023
"Shelby County, Texas",50436,48,419,2023
"Sherman County, Texas",74167,48,421,2023
"Smith County, Texas",71923,48,423,2023
"Somervell County, Texas",83382,48,425,2023
"Starr County, Texas",38182,48,427,2023
"Stephens County, Texas",54695,48,429,2023
"Sterling County, Texas",78750,48,431,2023
"Stonewall County, Texas",61250,48,433,2023
"Sutton County, Texas",75000,48,435,2023
"Swisher County, Texas",39031,48,437,2023
"Tarrant County, Texas",81905,48,439,2023
"Taylor County, Texas",66406,48,441,2023
"Terrell County, Texas",46989,48,443,2023
"Terry County, Texas",45905,48,445,2023
"Throckmorton County, Texas",58864,48,447,2023
"Titus County, Texas",59220,48,449,2023
"Tom Green County, Texas",66254,48,451,2023
"Travis County, Texas",97169,48,453,2023
"Trinity County, Texas",51663,48,455,2023
"Tyler County, Texas",50647,48,457,2023
"Upshur County, Texas",62794,48,459,2023
"Upton County, Texas",52321,48,461,2023
"Uvalde County, Texas",57849,48,463,2023
"Val Verde County, Texas",59673,48,465,2023
"Van Zandt County, Texas",68274,48,467,2023
"Victoria County, Texas",70101,48,469,2023
"Walker County, Texas",49862,48,471,2023
"Waller County, Texas",76135,48,473,2023
"Ward County, Texas",71719,48,475,2023
"Washington County, Texas",75085,48,477,2023
"Webb County, Texas",62506,48,479,2023
"Wharton County, Texas",66100,48,481,2023
"Wheeler County, Texas",67964,48,483,2023
"Wichita County, Texas",62168,48,485,2023
"Wilbarger County, Texas",51626,48,487,2023
"Willacy County, Texas",45645,48,489,2023
"Williamson County, Texas",108309,48,491,2023
"Wilson County, Texas",92461,48,493,2023
"Winkler County, Texas",91898,48,495,2023
"Wise County, Texas",89897,48,497,2023
"Wood County, Texas",62524,48,499,2023
"Yoakum County, Texas",82261,48,501,2023
"Young County, Texas",63723,48,503,2023
"Zapata County, Texas",36527,48,505,2023
"Zavala County, Texas",41887,48,507,2023
"Beaver County, Utah",85603,49,001,2023
"Box Elder County, Utah",77865,49,003,2023
"Cache County, Utah",78292,49,005,2023
"Carbon County, Utah",53673,49,007,2023
"Daggett County, Utah",58750,49,009,2023
"Davis County, Utah",108058,49,011,2023
"Duchesne County, Utah",74738,49,013,2023
"Emery County, Utah",69956,49,015,2023
"Garfield County, Utah",61688,49,017,2023
"Grand County, Utah",62521,49,019,2023
"Iron County, Utah",65527,49,021,2023
"Juab County, Utah",89803,49,023,2023
"Kane County, Utah",75000,49,025,2023
"Millard County, Utah",70877,49,027,2023
"Morgan County, Utah",126092,49,029,2023
"Piute County, Utah",44650,49,031,2023
"Rich County, Utah",76875,49,033,2023
"Salt Lake County, Utah",94658,49,035,2023
"San Juan County, Utah",54890,49,037,2023
"Sanpete County, Utah",67459,49,039,2023
"Sevier County, Utah",73765,49,041,2023
"Summit County, Utah",137058,49,043,2023
"Tooele County, Utah",101846,49,045,2023
"Uintah County, Utah",69861,49,047,2023
"Utah County, Utah",96877,49,049,2023
"Wasatch County, Utah",115146,49,051,2023
"Washington County, Utah",76411,49,053,2023
"Wayne County, Utah",70074,49,055,2023
"Weber County, Utah",87083,49,057,2023
"Addison County, Vermont",88478,50,001,2023
"Bennington County, Vermont",71494,50,003,2023
"Caledonia County, Vermont",66075,50,005,2023
"Chittenden County, Vermont",94310,50,007,2023
"Essex County, Vermont",58985,50,009,2023
"Franklin County, Vermont",79078,50,011,2023
"Grand Isle County, Vermont",90625,50,013,2023
"Lamoille County, Vermont",69897,50,015,2023
"Orange County, Vermont",77328,50,017,2023
"Orleans County, Vermont",66426,50,019,2023
"Rutland County, Vermont",64778,50,021,2023
"Washington County, Vermont",79853,50,023,2023
"Windham County, Vermont",68021,50,025,2023
"Windsor County, Vermont",75247,50,027,2023
"Accomack County, Virginia",57500,51,001,2023
"Albemarle County, Virginia",102617,51,003,2023
"Alleghany County, Virginia",55160,51,005,2023
"Amelia County, Virginia",66339,51,007,2023
"Amherst County, Virginia",67298,51,009,2023
"Appomattox County, Virginia",62337,51,011,2023
"Arlington County, Virginia",140160,51,013,2023
"Augusta County, Virginia",79972,51,015,2023
"Bath County, Virginia",61709,51,017,2023
"Bedford County, Virginia",77644,51,019,2023
"Bland County, Virginia",61375,51,021,2023
"Botetourt County, Virginia",80467,51,023,2023
"Brunswick County, Virginia",52978,51,025,2023
"Buchanan County, Virginia",42216,51,027,2023
"Buckingham County, Virginia",59199,51,029,2023
"Campbell County, Virginia",62608,51,031,2023
"Caroline County, Virginia",86267,51,033,2023
"Carroll County, Virginia",52575,51,035,2023
"Charles City County, Virginia",70339,51,036,2023
"Charlotte County, Virginia",48892,51,037,2023
"Chesterfield County, Virginia",98910,51,041,2023
"Clarke County, Virginia",114185,51,043,2023
"Craig County, Virginia",67778,51,045,2023
"Culpeper County, Virginia",96098,51,047,2023
"Cumberland County, Virginia",57057,51,049,2023
"Dickenson County, Virginia",43831,51,051,2023
"Dinwiddie County, Virginia",83898,51,053,2023
"Essex County, Virginia",56481,51,057,2023
"Fairfax County, Virginia",150113,51,059,2023
"Fauquier County, Virginia",129495,51,061,2023
"Floyd County, Virginia",61401,51,063,2023
"Fluvanna County, Virginia",91959,51,065,2023
"Franklin County, Virginia",68348,51,067,2023
"Frederick County, Virginia",95603,51,069,2023
"Giles County, Virginia",64819,51,071,2023
"Gloucester County, Virginia",83689,51,073,2023
"Goochland County, Virginia",118695,51,075,2023
"Grayson County, Virginia",42864,51,077,2023
"Greene County, Virginia",85268,51,079,2023
"Greensville County, Virginia",56759,51,081,2023
"Halifax County, Virginia",49244,51,083,2023
"Hanover County, Virginia",109504,51,085,2023
"Henrico County, Virginia",86397,51,087,2023
"Henry County, Virginia",48445,51,089,2023
"Highland County, Virginia",62946,51,091,2023
"Isle of Wight County, Virginia",96118,51,093,2023
"James City County, Virginia",107046,51,095,2023
"King and Queen County, Virginia",72851,51,097,2023
"King George County, Virginia",110517,51,099,2023
"King William County, Virginia",85212,51,101,2023
"Lancaster County, Virginia",67169,51,103,2023
"Lee County, Virginia",42269,51,105,2023
"Loudoun County, Virginia",178707,51,107,2023
"Louisa County, Virginia",80343,51,109,2023
"Lunenburg County, Virginia",54460,51,111,2023
"Madison County, Virginia",82972,51,113,2023
"Mathews County, Virginia",75487,51,115,2023
"Mecklenburg County, Virginia",51691,51,117,2023
"Middlesex County, Virginia",74154,51,119,2023
"Montgomery County, Virginia",70769,51,121,2023
"Nelson County, Virginia",68525,51,125,2023
"New Kent County, Virginia",120125,51,127,2023
"Northampton County, Virginia",55933,51,131,2023
"Northumberland County, Virginia",69500,51,133,2023
"Nottoway County, Virginia",62161,51,135,2023
"Orange County, Virginia",94175,51,137,2023
"Page County, Virginia",59396,51,139,2023
"Patrick County, Virginia",50938,51,141,2023
"Pittsylvania County, Virginia",54115,51,143,2023
"Powhatan County, Virginia",110667,51,145,2023
"Prince Edward County, Virginia",55082,51,147,2023
"Prince George County, Virginia",88225,51,149,2023
"Prince William County, Virginia",128873,51,153,2023
"Pulaski County, Virginia",60767,51,155,2023
"Rappahannock County, Virginia",98125,51,157,2023
"Richmond County, Virginia",64184,51,159,2023
"Roanoke County, Virginia",82931,51,161,2023
"Rockbridge County, Virginia",63975,51,163,2023
"Rockingham County, Virginia",78468,51,165,2023
"Russell County, Virginia",49020,51,167,2023
"Scott County, Virginia",45136,51,169,2023
"Shenandoah County, Virginia",64437,51,171,2023
"Smyth County, Virginia",46859,51,173,2023
"Southampton County, Virginia",68465,51,175,2023
"Spotsylvania County, Virginia",109576,51,177,2023
"Stafford County, Virginia",133792,51,179,2023
"Surry County, Virginia",71458,51,181,2023
"Sussex County, Virginia",62821,51,183,2023
"Tazewell County, Virginia",45788,51,185,2023
"Warren County, Virginia",84331,51,187,2023
"Washington County, Virginia",62774,51,191,2023
"Westmoreland County, Virginia",59766,51,193,2023
"Wise County, Virginia",50740,51,195,2023
"Wythe County, Virginia",55359,51,197,2023
"York County, Virginia",108326,51,199,2023
"Alexandria city, Virginia",113638,51,510,2023
"Bristol city, Virginia",44706,51,520,2023
"Buena Vista city, Virginia",54458,51,530,2023
"Charlottesville city, Virginia",69829,51,540,2023
"Chesapeake city, Virginia",94189,51,550,2023
"Colonial Heights city, Virginia",76250,51,570,2023
"Covington city, Virginia",42724,51,580,2023
"Danville city, Virginia",42778,51,590,2023
"Emporia city, Virginia",49375,51,595,2023
"Fairfax city, Virginia",132774,51,600,2023
"Falls Church city, Virginia",154734,51,610,2023
"Franklin city, Virginia",65125,51,620,2023
"Fredericksburg city, Virginia",85368,51,630,2023
"Galax city, Virginia",41438,51,640,2023
"Hampton city, Virginia",67758,51,650,2023
"Harrisonburg city, Virginia",59752,51,660,2023
"Hopewell city, Virginia",48681,51,670,2023
"Lexington city, Virginia",89598,51,678,2023
"Lynchburg city, Virginia",59808,51,680,2023
"Manassas city, Virginia",117919,51,683,2023
"Manassas Park city, Virginia",100668,51,685,2023
"Martinsville city, Virginia",42434,51,690,2023
"Newport News city, Virginia",66718,51,700,2023
"Norfolk city, Virginia",64017,51,710,2023
"Norton city, Virginia",38497,51,720,2023
"Petersburg city, Virginia",50741,51,730,2023
"Poquoson city, Virginia",120919,51,735,2023
"Portsmouth city, Virginia",58972,51,740,2023
"Radford city, Virginia",52791,51,750,2023
"Richmond city, Virginia",62671,51,760,2023
"Roanoke city, Virginia",52671,51,770,2023
"Salem city, Virginia",66716,51,775,2023
"Staunton city, Virginia",62586,51,790,2023
"Suffolk city, Virginia",90089,51,800,2023
"Virginia Beach city, Virginia",90685,51,810,2023
"Waynesboro city, Virginia",56364,51,820,2023
"Williamsburg city, Virginia",70206,51,830,2023
"Winchester city, Virginia",64648,51,840,2023
"Adams County, Washington",65042,53,001,2023
"Asotin County, Washington",69107,53,003,2023
"Benton County, Washington",87316,53,005,2023
"Chelan County, Washington",78306,53,007,2023
"Clallam County, Washington",67999,53,009,2023
"Clark County, Washington",94948,53,011,2023
"Columbia County, Washington",71528,53,013,2023
"Cowlitz County, Washington",72932,53,015,2023
"Douglas County, Washington",80374,53,017,2023
"Ferry County, Washington",54650,53,019,2023
"Franklin County, Washington",82755,53,021,2023
"Garfield County, Washington",62411,53,023,2023
"Grant County, Washington",71115,53,025,2023
"Grays Harbor County, Washington",63539,53,027,2023
"Island County, Washington",88358,53,029,2023
"Jefferson County, Washington",71143,53,031,2023
"King County, Washington",122148,53,033,2023
"Kitsap County, Washington",98546,53,035,2023
"Kittitas County, Washington",69928,53,037,2023
"Klickitat County, Washington",70400,53,039,2023
"Lewis County, Washington",69690,53,041,2023
"Lincoln County, Washington",71227,53,043,2023
"Mason County, Washington",78359,53,045,2023
"Okanogan County, Washington",60293,53,047,2023
"Pacific County, Washington",62350,53,049,2023
"Pend Oreille County, Washington",63750,53,051,2023
"Pierce County, Washington",96632,53,053,2023
"San Juan County, Washington",83682,53,055,2023
"Skagit County, Washington",85474,53,057,2023
"Skamania County, Washington",90085,53,059,2023
"Snohomish County, Washington",107982,53,061,2023
"Spokane County, Washington",73513,53,063,2023
"Stevens County, Washington",67405,53,065,2023
"Thurston County, Washington",93985,53,067,2023
"Wahkiakum County, Washington",57091,53,069,2023
"Walla Walla County, Washington",72212,53,071,2023
"Whatcom County, Washington",80989,53,073,2023
"Whitman County, Washington",52893,53,075,2023
"Yakima County, Washington",68015,53,077,2023
"Barbour County, West Virginia",48347,54,001,2023
"Berkeley County, West Virginia",77329,54,003,2023
"Boone County, West Virginia",56152,54,005,2023
"Braxton County, West Virginia",44449,54,007,2023
"Brooke County, West Virginia",52116,54,009,2023
"Cabell County, West Virginia",52828,54,011,2023
"Calhoun County, West Virginia",41421,54,013,2023
"Clay County, West Virginia",42790,54,015,2023
"Doddridge County, West Virginia",61164,54,017,2023
"Fayette County, West Virginia",52672,54,019,2023
"Gilmer County, West Virginia",50991,54,021,2023
"Grant County, West Virginia",61530,54,023,2023
"Greenbrier County, West Virginia",48662,54,025,2023
"Hampshire County, West Virginia",60299,54,027,2023
"Hancock County, West Virginia",61017,54,029,2023
"Hardy County, West Virginia",49302,54,031,2023
"Harrison County, West Virginia",58326,54,033,2023
"Jackson County, West Virginia",55671,54,035,2023
"Jefferson County, West Virginia",95523,54,037,2023
"Kanawha County, West Virginia",58887,54,039,2023
"Lewis County, West Virginia",52279,54,041,2023
"Lincoln County, West Virginia",48593,54,043,2023
"Logan County, West Virginia",47237,54,045,2023
"McDowell County, West Virginia",29980,54,047,2023
"Marion County, West Virginia",67537,54,049,2023
"Marshall County, West Virginia",60329,54,051,2023
"Mason County, West Virginia",53454,54,053,2023
"Mercer County, West Virginia",47799,54,055,2023
"Mineral County, West Virginia",68049,54,057,2023
"Mingo County, West Virginia",39527,54,059,2023
"Monongalia County, West Virginia",62704,54,061,2023
"Monroe County, West Virginia",54508,54,063,2023
"Morgan County, West Virginia",63805,54,065,2023
"Nicholas County, West Virginia",49280,54,067,2023
"Ohio County, West Virginia",57867,54,069,2023
"Pendleton County, West Virginia",61738,54,071,2023
"Pleasants County, West Virginia",61038,54,073,2023
"Pocahontas County, West Virginia",41200,54,075,2023
"Preston County, West Virginia",61373,54,077,2023
"Putnam County, West Virginia",77871,54,079,2023
"Raleigh County, West Virginia",52055,54,081,2023
"Randolph County, West Virginia",55057,54,083,2023
"Ritchie County, West Virginia",50256,54,085,2023
"Roane County, West Virginia",45194,54,087,2023
"Summers County, West Virginia",42544,54,089,2023
"Taylor County, West Virginia",56807,54,091,2023
"Tucker County, West Virginia",53475,54,093,2023
"Tyler County, West Virginia",58293,54,095,2023
"Upshur County, West Virginia",51859,54,097,2023
"Wayne County, West Virginia",55539,54,099,2023
"Webster County, West Virginia",42061,54,101,2023
"Wetzel County, West Virginia",53341,54,103,2023
"Wirt County, West Virginia",54688,54,105,2023
"Wood County, West Virginia",56193,54,107,2023
"Wyoming County, West Virginia",48038,54,109,2023
"Adams County, Wisconsin",59153,55,001,2023
"Ashland County, Wisconsin",57645,55,003,2023
"Barron County, Wisconsin",64619,55,005,2023
"Bayfield County, Wisconsin",69609,55,007,2023
"Brown County, Wisconsin",77490,55,009,2023
"Buffalo County, Wisconsin",68722,55,011,2023
"Burnett County, Wisconsin",61664,55,013,2023
"Calumet County, Wisconsin",87700,55,015,2023
"Chippewa County, Wisconsin",74009,55,017,2023
"Clark County, Wisconsin",66250,55,019,2023
"Columbia County, Wisconsin",82792,55,021,2023
"Crawford County, Wisconsin",63496,55,023,2023
"Dane County, Wisconsin",88108,55,025,2023
"Dodge County, Wisconsin",73992,55,027,2023
"Door County, Wisconsin",71785,55,029,2023
"Douglas County, Wisconsin",72579,55,031,2023
"Dunn County, Wisconsin",71785,55,033,2023
"Eau Claire County, Wisconsin",71834,55,035,2023
"Florence County, Wisconsin",62786,55,037,2023
"Fond du Lac County, Wisconsin",73154,55,039,2023
"Forest County, Wisconsin",59727,55,041,2023
"Grant County, Wisconsin",64349,55,043,2023
"Green County, Wisconsin",80248,55,045,2023
"Green Lake County, Wisconsin",66917,55,047,2023
"Iowa County, Wisconsin",83372,55,049,2023
"Iron County, Wisconsin",59058,55,051,2023
"Jackson County, Wisconsin",65508,55,053,2023
"Jefferson County, Wisconsin",80604,55,055,2023
"Juneau County, Wisconsin",65150,55,057,2023
"Kenosha County, Wisconsin",79412,55,059,2023
"Kewaunee County, Wisconsin",80085,55,061,2023
"La Crosse County, Wisconsin",70704,55,063,2023
"Lafayette County, Wisconsin",72091,55,065,2023
"Langlade County, Wisconsin",57258,55,067,2023
"Lincoln County, Wisconsin",67726,55,069,2023
"Manitowoc County, Wisconsin",68611,55,071,2023
"Marathon County, Wisconsin",76185,55,073,2023
"Marinette County, Wisconsin",63401,55,075,2023
"Marquette County, Wisconsin",63471,55,077,2023
"Menominee County, Wisconsin",59528,55,078,2023
"Milwaukee County, Wisconsin",62118,55,079,2023
"Monroe County, Wisconsin",68213,55,081,2023
"Oconto County, Wisconsin",75886,55,083,2023
"Oneida County, Wisconsin",69621,55,085,2023
"Outagamie County, Wisconsin",82857,55,087,2023
"Ozaukee County, Wisconsin",96734,55,089,2023
"Pepin County, Wisconsin",74536,55,091,2023
"Pierce County, Wisconsin",88802,55,093,2023
"Polk County, Wisconsin",76208,55,095,2023
"Portage County, Wisconsin",73284,55,097,2023
"Price County, Wisconsin",58720,55,099,2023
"Racine County, Wisconsin",75331,55,101,2023
"Richland County, Wisconsin",62649,55,103,2023
"Rock County, Wisconsin",74390,55,105,2023
"Rusk County, Wisconsin",58322,55,107,2023
"St. Croix County, Wisconsin",102482,55,109,2023
"Sauk County, Wisconsin",77648,55,111,2023
"Sawyer County, Wisconsin",59055,55,113,2023
"Shawano County, Wisconsin",67032,55,115,2023
"Sheboygan County, Wisconsin",71898,55,117,2023
"Taylor County, Wisconsin",63142,55,119,2023
"Trempealeau County, Wisconsin",71295,55,121,2023
"Vernon County, Wisconsin",69556,55,123,2023
"Vilas County, Wisconsin",67132,55,125,2023
"Walworth County, Wisconsin",77359,55,127,2023
"Washburn County, Wisconsin",61270,55,129,2023
"Washington County, Wisconsin",95851,55,131,2023
"Waukesha County, Wisconsin",104100,55,133,2023
"Waupaca County, Wisconsin",71189,55,135,2023
"Waushara County, Wisconsin",64968,55,137,2023
"Winnebago County, Wisconsin",72873,55,139,2023
"Wood County, Wisconsin",66417,55,141,2023
"Albany County, Wyoming",59881,56,001,2023
"Big Horn County, Wyoming",60547,56,003,2023
"Campbell County, Wyoming",95253,56,005,2023
"Carbon County, Wyoming",66721,56,007,2023
"Converse County, Wyoming",79164,56,009,2023
"Crook County, Wyoming",71209,56,011,2023
"Fremont County, Wyoming",64646,56,013,2023
"Goshen County, Wyoming",64882,56,015,2023
"Hot Springs County, Wyoming",64375,56,017,2023
"Johnson County, Wyoming",63905,56,019,2023
"Laramie County, Wyoming",77884,56,021,2023
"Lincoln County, Wyoming",86092,56,023,2023
"Natrona County, Wyoming",71247,56,025,2023
"Niobrara County, Wyoming",48987,56,027,2023
"Park County, Wyoming",70533,56,029,2023
"Platte County, Wyoming",66299,56,031,2023
"Sheridan County, Wyoming",70855,56,033,2023
"Sublette County, Wyoming",82791,56,035,2023
"Sweetwater County, Wyoming",76464,56,037,2023
"Teton County, Wyoming",112681,56,039,2023
"Uinta County, Wyoming",82672,56,041,2023
"Washakie County, Wyoming",62648,56,043,2023
"Weston County, Wyoming",87545,56,045,2023
"Adjuntas Municipio, Puerto Rico",18605,72,001,2023
"Aguada Municipio, Puerto Rico",21694,72,003,2023
"Aguadilla Municipio, Puerto Rico",19826,72,005,2023
"Aguas Buenas Municipio, Puerto Rico",22361,72,007,2023
"Aibonito Municipio, Puerto Rico",21714,72,009,2023
"Añasco Municipio, Puerto Rico",23591,72,011,2023
"Arecibo Municipio, Puerto Rico",23175,72,013,2023
"Arroyo Municipio, Puerto Rico",18931,72,015,2023
"Barceloneta Municipio, Puerto Rico",21750,72,017,2023
"Barranquitas Municipio, Puerto Rico",22167,72,019,2023
"Bayamón Municipio, Puerto Rico",30729,72,021,2023
"Cabo Rojo Municipio, Puerto Rico",25720,72,023,2023
"Caguas Municipio, Puerto Rico",30113,72,025,2023
"Camuy Municipio, Puerto Rico",26094,72,027,2023
"Canóvanas Municipio, Puerto Rico",27278,72,029,2023
"Carolina Municipio, Puerto Rico",35126,72,031,2023
"Cataño Municipio, Puerto Rico",24307,72,033,2023
"Cayey Municipio, Puerto Rico",28461,72,035,2023
"Ceiba Municipio, Puerto Rico",23204,72,037,2023
"Ciales Municipio, Puerto Rico",20614,72,039,2023
"Cidra Municipio, Puerto Rico",27149,72,041,2023
"Coamo Municipio, Puerto Rico",20797,72,043,2023
"Comerío Municipio, Puerto Rico",17254,72,045,2023
"Corozal Municipio, Puerto Rico",23933,72,047,2023
"Culebra Municipio, Puerto Rico",27614,72,049,2023
"Dorado Municipio, Puerto Rico",33388,72,051,2023
"Fajardo Municipio, Puerto Rico",25170,72,053,2023
"Florida Municipio, Puerto Rico",21213,72,054,2023
"Guánica Municipio, Puerto Rico",16210,72,055,2023
"Guayama Municipio, Puerto Rico",20273,72,057,2023
"Guayanilla Municipio, Puerto Rico",21400,72,059,2023
"Guaynabo Municipio, Puerto Rico",46048,72,061,2023
"Gurabo Municipio, Puerto Rico",39532,72,063,2023
"Hatillo Municipio, Puerto Rico",28001,72,065,2023
"Hormigueros Municipio, Puerto Rico",24862,72,067,2023
"Humacao Municipio, Puerto Rico",26083,72,069,2023
"Isabela Municipio, Puerto Rico",20484,72,071,2023
"Jayuya Municipio, Puerto Rico",18413,72,073,2023
"Juana Díaz Municipio, Puerto Rico",23823,72,075,2023
"Juncos Municipio, Puerto Rico",28196,72,077,2023
"Lajas Municipio, Puerto Rico",18920,72,079,2023
"Lares Municipio, Puerto Rico",19323,72,081,2023
"Las Marías Municipio, Puerto Rico",16170,72,083,2023
"Las Piedras Municipio, Puerto Rico",25697,72,085,2023
"Loíza Municipio, Puerto Rico",22500,72,087,2023
"Luquillo Municipio, Puerto Rico",23769,72,089,2023
"Manatí Municipio, Puerto Rico",20352,72,091,2023
"Maricao Municipio, Puerto Rico",20541,72,093,2023
"Maunabo Municipio, Puerto Rico",19363,72,095,2023
"Mayagüez Municipio, Puerto Rico",17963,72,097,2023
"Moca Municipio, Puerto Rico",21415,72,099,2023
"Morovis Municipio, Puerto Rico",23010,72,101,2023
"Naguabo Municipio, Puerto Rico",21416,72,103,2023
"Naranjito Municipio, Puerto Rico",21399,72,105,2023
"Orocovis Municipio, Puerto Rico",19062,72,107,2023
"Patillas Municipio, Puerto Rico",23422,72,109,2023
"Peñuelas Municipio, Puerto Rico",20959,72,111,2023
"Ponce Municipio, Puerto Rico",18827,72,113,2023
"Quebradillas Municipio, Puerto Rico",23624,72,115,2023
"Rincón Municipio, Puerto Rico",25223,72,117,2023
"Río Grande Municipio, Puerto Rico",26745,72,119,2023
"Sabana Grande Municipio, Puerto Rico",20564,72,121,2023
"Salinas Municipio, Puerto Rico",21611,72,123,2023
"San Germán Municipio, Puerto Rico",17921,72,125,2023
"San Juan Municipio, Puerto Rico",26981,72,127,2023
"San Lorenzo Municipio, Puerto Rico",21320,72,129,2023
"San Sebastián Municipio, Puerto Rico",17834,72,131,2023
"Santa Isabel Municipio, Puerto Rico",23197,72,133,2023
"Toa Alta Municipio, Puerto Rico",33349,72,135,2023
"Toa Baja Municipio, Puerto Rico",29648,72,137,2023
"Trujillo Alto Municipio, Puerto Rico",38773,72,139,2023
"Utuado Municipio, Puerto Rico",17624,72,141,2023
"Vega Alta Municipio, Puerto Rico",25235,72,143,2023
"Vega Baja Municipio, Puerto Rico",23877,72,145,2023
"Vieques Municipio, Puerto Rico",17531,72,147,2023
"Villalba Municipio, Puerto Rico",24882,72,149,2023
"Yabucoa Municipio, Puerto Rico",21279,72,151,2023
"Yauco Municipio, Puerto Rico",21918,72,153,2023
